Latitude,Longitude
10.925000762939453,98.275
10.975000762939453,98.275
10.925000762939453,98.225
10.975000762939453,98.225
10.950000762939453,98.25
10.925000762939453,99.67500152587891
10.975000762939453,99.67500152587891
10.925000762939453,99.6250015258789
10.975000762939453,99.6250015258789
10.950000762939453,99.6500015258789
10.925000762939453,103.67500152587891
10.975000762939453,103.67500152587891
10.925000762939453,103.6250015258789
10.975000762939453,103.6250015258789
10.950000762939453,103.6500015258789
10.925000762939453,108.57500305175782
10.975000762939453,108.57500305175782
10.925000762939453,108.5250030517578
10.975000762939453,108.5250030517578
10.950000762939453,108.55000305175781
10.925000762939453,125.32500305175782
10.975000762939453,125.32500305175782
10.925000762939453,125.2750030517578
10.975000762939453,125.2750030517578
10.950000762939453,125.30000305175781
10.87499771118164,99.7249969482422
10.924997711181641,99.7249969482422
10.87499771118164,99.67499694824218
10.924997711181641,99.67499694824218
10.89999771118164,99.69999694824219
10.87499771118164,108.4749969482422
10.924997711181641,108.4749969482422
10.87499771118164,108.42499694824218
10.924997711181641,108.42499694824218
10.89999771118164,108.44999694824219
10.87499771118164,108.525
10.924997711181641,108.525
10.87499771118164,108.475
10.924997711181641,108.475
10.89999771118164,108.5
10.87499771118164,108.57500305175782
10.924997711181641,108.57500305175782
10.87499771118164,108.5250030517578
10.924997711181641,108.5250030517578
10.89999771118164,108.55000305175781
10.87499771118164,108.6249984741211
10.924997711181641,108.6249984741211
10.87499771118164,108.57499847412109
10.924997711181641,108.57499847412109
10.89999771118164,108.5999984741211
10.824998474121093,99.525
10.874998474121094,99.525
10.824998474121093,99.475
10.874998474121094,99.475
10.849998474121094,99.5
10.824998474121093,100.57500305175782
10.874998474121094,100.57500305175782
10.824998474121093,100.5250030517578
10.874998474121094,100.5250030517578
10.849998474121094,100.55000305175781
10.824998474121093,103.525
10.874998474121094,103.525
10.824998474121093,103.475
10.874998474121094,103.475
10.849998474121094,103.5
10.824998474121093,108.3749984741211
10.874998474121094,108.3749984741211
10.824998474121093,108.32499847412109
10.874998474121094,108.32499847412109
10.849998474121094,108.3499984741211
10.824998474121093,108.42500152587891
10.874998474121094,108.42500152587891
10.824998474121093,108.3750015258789
10.874998474121094,108.3750015258789
10.849998474121094,108.4000015258789
10.824998474121093,108.4749969482422
10.874998474121094,108.4749969482422
10.824998474121093,108.42499694824218
10.874998474121094,108.42499694824218
10.849998474121094,108.44999694824219
10.824998474121093,108.525
10.874998474121094,108.525
10.824998474121093,108.475
10.874998474121094,108.475
10.849998474121094,108.5
10.774999237060547,102.4749969482422
10.824999237060547,102.4749969482422
10.774999237060547,102.42499694824218
10.824999237060547,102.42499694824218
10.799999237060547,102.44999694824219
10.774999237060547,102.82500305175782
10.824999237060547,102.82500305175782
10.774999237060547,102.7750030517578
10.824999237060547,102.7750030517578
10.799999237060547,102.80000305175781
10.774999237060547,103.275
10.824999237060547,103.275
10.774999237060547,103.225
10.824999237060547,103.225
10.799999237060547,103.25
10.774999237060547,108.1249984741211
10.824999237060547,108.1249984741211
10.774999237060547,108.07499847412109
10.824999237060547,108.07499847412109
10.799999237060547,108.0999984741211
10.774999237060547,108.2249969482422
10.824999237060547,108.2249969482422
10.774999237060547,108.17499694824218
10.824999237060547,108.17499694824218
10.799999237060547,108.19999694824219
10.774999237060547,108.275
10.824999237060547,108.275
10.774999237060547,108.225
10.824999237060547,108.225
10.799999237060547,108.25
10.774999237060547,108.32500305175782
10.824999237060547,108.32500305175782
10.774999237060547,108.2750030517578
10.824999237060547,108.2750030517578
10.799999237060547,108.30000305175781
10.774999237060547,108.3749984741211
10.824999237060547,108.3749984741211
10.774999237060547,108.32499847412109
10.824999237060547,108.32499847412109
10.799999237060547,108.3499984741211
10.725,101.57500305175782
10.775,101.57500305175782
10.725,101.5250030517578
10.775,101.5250030517578
10.75,101.55000305175781
10.725,102.525
10.775,102.525
10.725,102.475
10.775,102.475
10.75,102.5
10.725,103.17500152587891
10.775,103.17500152587891
10.725,103.1250015258789
10.775,103.1250015258789
10.75,103.1500015258789
10.725,108.17500152587891
10.775,108.17500152587891
10.725,108.1250015258789
10.775,108.1250015258789
10.75,108.1500015258789
10.725,108.2249969482422
10.775,108.2249969482422
10.725,108.17499694824218
10.775,108.17499694824218
10.75,108.19999694824219
10.725,108.275
10.775,108.275
10.725,108.225
10.775,108.225
10.75,108.25
10.725,124.775
10.775,124.775
10.725,124.725
10.775,124.725
10.75,124.75
10.675000762939453,97.7249969482422
10.725000762939453,97.7249969482422
10.675000762939453,97.67499694824218
10.725000762939453,97.67499694824218
10.700000762939453,97.69999694824219
10.675000762939453,102.92500152587891
10.725000762939453,102.92500152587891
10.675000762939453,102.8750015258789
10.725000762939453,102.8750015258789
10.700000762939453,102.9000015258789
10.675000762939453,103.1249984741211
10.725000762939453,103.1249984741211
10.675000762939453,103.07499847412109
10.725000762939453,103.07499847412109
10.700000762939453,103.0999984741211
10.675000762939453,103.17500152587891
10.725000762939453,103.17500152587891
10.675000762939453,103.1250015258789
10.725000762939453,103.1250015258789
10.700000762939453,103.1500015258789
10.675000762939453,103.4749969482422
10.725000762939453,103.4749969482422
10.675000762939453,103.42499694824218
10.725000762939453,103.42499694824218
10.700000762939453,103.44999694824219
10.675000762939453,108.17500152587891
10.725000762939453,108.17500152587891
10.675000762939453,108.1250015258789
10.725000762939453,108.1250015258789
10.700000762939453,108.1500015258789
10.675000762939453,108.2249969482422
10.725000762939453,108.2249969482422
10.675000762939453,108.17499694824218
10.725000762939453,108.17499694824218
10.700000762939453,108.19999694824219
10.675000762939453,108.275
10.725000762939453,108.275
10.675000762939453,108.225
10.725000762939453,108.225
10.700000762939453,108.25
10.62499771118164,92.6249984741211
10.674997711181641,92.6249984741211
10.62499771118164,92.57499847412109
10.674997711181641,92.57499847412109
10.64999771118164,92.5999984741211
10.62499771118164,97.6249984741211
10.674997711181641,97.6249984741211
10.62499771118164,97.57499847412109
10.674997711181641,97.57499847412109
10.64999771118164,97.5999984741211
10.62499771118164,101.7249969482422
10.674997711181641,101.7249969482422
10.62499771118164,101.67499694824218
10.674997711181641,101.67499694824218
10.64999771118164,101.69999694824219
10.62499771118164,103.025
10.674997711181641,103.025
10.62499771118164,102.975
10.674997711181641,102.975
10.64999771118164,103.0
10.62499771118164,103.2249969482422
10.674997711181641,103.2249969482422
10.62499771118164,103.17499694824218
10.674997711181641,103.17499694824218
10.64999771118164,103.19999694824219
10.62499771118164,103.32500305175782
10.674997711181641,103.32500305175782
10.62499771118164,103.2750030517578
10.674997711181641,103.2750030517578
10.64999771118164,103.30000305175781
10.62499771118164,103.3749984741211
10.674997711181641,103.3749984741211
10.62499771118164,103.32499847412109
10.674997711181641,103.32499847412109
10.64999771118164,103.3499984741211
10.62499771118164,107.9749969482422
10.674997711181641,107.9749969482422
10.62499771118164,107.92499694824218
10.674997711181641,107.92499694824218
10.64999771118164,107.94999694824219
10.62499771118164,108.17500152587891
10.674997711181641,108.17500152587891
10.62499771118164,108.1250015258789
10.674997711181641,108.1250015258789
10.64999771118164,108.1500015258789
10.62499771118164,108.275
10.674997711181641,108.275
10.62499771118164,108.225
10.674997711181641,108.225
10.64999771118164,108.25
10.62499771118164,108.32500305175782
10.674997711181641,108.32500305175782
10.62499771118164,108.2750030517578
10.674997711181641,108.2750030517578
10.64999771118164,108.30000305175781
10.574998474121093,99.3749984741211
10.624998474121094,99.3749984741211
10.574998474121093,99.32499847412109
10.624998474121094,99.32499847412109
10.599998474121094,99.3499984741211
10.574998474121093,103.1249984741211
10.624998474121094,103.1249984741211
10.574998474121093,103.07499847412109
10.624998474121094,103.07499847412109
10.599998474121094,103.0999984741211
10.574998474121093,103.17500152587891
10.624998474121094,103.17500152587891
10.574998474121093,103.1250015258789
10.624998474121094,103.1250015258789
10.599998474121094,103.1500015258789
10.574998474121093,107.82500305175782
10.624998474121094,107.82500305175782
10.574998474121093,107.7750030517578
10.624998474121094,107.7750030517578
10.599998474121094,107.80000305175781
10.574998474121093,107.8749984741211
10.624998474121094,107.8749984741211
10.574998474121093,107.82499847412109
10.624998474121094,107.82499847412109
10.599998474121094,107.8499984741211
10.574998474121093,107.9749969482422
10.624998474121094,107.9749969482422
10.574998474121093,107.92499694824218
10.624998474121094,107.92499694824218
10.599998474121094,107.94999694824219
10.574998474121093,108.025
10.624998474121094,108.025
10.574998474121093,107.975
10.624998474121094,107.975
10.599998474121094,108.0
10.574998474121093,108.1249984741211
10.624998474121094,108.1249984741211
10.574998474121093,108.07499847412109
10.624998474121094,108.07499847412109
10.599998474121094,108.0999984741211
10.574998474121093,108.17500152587891
10.624998474121094,108.17500152587891
10.574998474121093,108.1250015258789
10.624998474121094,108.1250015258789
10.599998474121094,108.1500015258789
10.574998474121093,108.2249969482422
10.624998474121094,108.2249969482422
10.574998474121093,108.17499694824218
10.624998474121094,108.17499694824218
10.599998474121094,108.19999694824219
10.574998474121093,108.275
10.624998474121094,108.275
10.574998474121093,108.225
10.624998474121094,108.225
10.599998474121094,108.25
10.574998474121093,108.32500305175782
10.624998474121094,108.32500305175782
10.574998474121093,108.2750030517578
10.624998474121094,108.2750030517578
10.599998474121094,108.30000305175781
10.574998474121093,113.67500152587891
10.624998474121094,113.67500152587891
10.574998474121093,113.6250015258789
10.624998474121094,113.6250015258789
10.599998474121094,113.6500015258789
10.524999237060547,92.6249984741211
10.574999237060547,92.6249984741211
10.524999237060547,92.57499847412109
10.574999237060547,92.57499847412109
10.549999237060547,92.5999984741211
10.524999237060547,94.92500152587891
10.574999237060547,94.92500152587891
10.524999237060547,94.8750015258789
10.574999237060547,94.8750015258789
10.549999237060547,94.9000015258789
10.524999237060547,98.3749984741211
10.574999237060547,98.3749984741211
10.524999237060547,98.32499847412109
10.574999237060547,98.32499847412109
10.549999237060547,98.3499984741211
10.524999237060547,98.42500152587891
10.574999237060547,98.42500152587891
10.524999237060547,98.3750015258789
10.574999237060547,98.3750015258789
10.549999237060547,98.4000015258789
10.524999237060547,100.92500152587891
10.574999237060547,100.92500152587891
10.524999237060547,100.8750015258789
10.574999237060547,100.8750015258789
10.549999237060547,100.9000015258789
10.524999237060547,102.9749969482422
10.574999237060547,102.9749969482422
10.524999237060547,102.92499694824218
10.574999237060547,102.92499694824218
10.549999237060547,102.94999694824219
10.524999237060547,103.07500305175782
10.574999237060547,103.07500305175782
10.524999237060547,103.0250030517578
10.574999237060547,103.0250030517578
10.549999237060547,103.05000305175781
10.524999237060547,107.6249984741211
10.574999237060547,107.6249984741211
10.524999237060547,107.57499847412109
10.574999237060547,107.57499847412109
10.549999237060547,107.5999984741211
10.524999237060547,107.7249969482422
10.574999237060547,107.7249969482422
10.524999237060547,107.67499694824218
10.574999237060547,107.67499694824218
10.549999237060547,107.69999694824219
10.524999237060547,107.775
10.574999237060547,107.775
10.524999237060547,107.725
10.574999237060547,107.725
10.549999237060547,107.75
10.524999237060547,107.8749984741211
10.574999237060547,107.8749984741211
10.524999237060547,107.82499847412109
10.574999237060547,107.82499847412109
10.549999237060547,107.8499984741211
10.524999237060547,107.9749969482422
10.574999237060547,107.9749969482422
10.524999237060547,107.92499694824218
10.574999237060547,107.92499694824218
10.549999237060547,107.94999694824219
10.524999237060547,108.07500305175782
10.574999237060547,108.07500305175782
10.524999237060547,108.0250030517578
10.574999237060547,108.0250030517578
10.549999237060547,108.05000305175781
10.524999237060547,108.17500152587891
10.574999237060547,108.17500152587891
10.524999237060547,108.1250015258789
10.574999237060547,108.1250015258789
10.549999237060547,108.1500015258789
10.524999237060547,108.275
10.574999237060547,108.275
10.524999237060547,108.225
10.574999237060547,108.225
10.549999237060547,108.25
10.524999237060547,108.92500152587891
10.574999237060547,108.92500152587891
10.524999237060547,108.8750015258789
10.574999237060547,108.8750015258789
10.549999237060547,108.9000015258789
10.475,97.775
10.525,97.775
10.475,97.725
10.525,97.725
10.5,97.75
10.475,98.025
10.525,98.025
10.475,97.975
10.525,97.975
10.5,98.0
10.475,99.3749984741211
10.525,99.3749984741211
10.475,99.32499847412109
10.525,99.32499847412109
10.5,99.3499984741211
10.475,102.9749969482422
10.525,102.9749969482422
10.475,102.92499694824218
10.525,102.92499694824218
10.5,102.94999694824219
10.475,103.07500305175782
10.525,103.07500305175782
10.475,103.0250030517578
10.525,103.0250030517578
10.5,103.05000305175781
10.475,104.17500152587891
10.525,104.17500152587891
10.475,104.1250015258789
10.525,104.1250015258789
10.5,104.1500015258789
10.475,107.67500152587891
10.525,107.67500152587891
10.475,107.6250015258789
10.525,107.6250015258789
10.5,107.6500015258789
10.475,107.7249969482422
10.525,107.7249969482422
10.475,107.67499694824218
10.525,107.67499694824218
10.5,107.69999694824219
10.475,107.8749984741211
10.525,107.8749984741211
10.475,107.82499847412109
10.525,107.82499847412109
10.5,107.8499984741211
10.475,107.9749969482422
10.525,107.9749969482422
10.475,107.92499694824218
10.525,107.92499694824218
10.5,107.94999694824219
10.475,108.025
10.525,108.025
10.475,107.975
10.525,107.975
10.5,108.0
10.475,108.1249984741211
10.525,108.1249984741211
10.475,108.07499847412109
10.525,108.07499847412109
10.5,108.0999984741211
10.475,108.17500152587891
10.525,108.17500152587891
10.475,108.1250015258789
10.525,108.1250015258789
10.5,108.1500015258789
10.475,108.2249969482422
10.525,108.2249969482422
10.475,108.17499694824218
10.525,108.17499694824218
10.5,108.19999694824219
10.475,108.275
10.525,108.275
10.475,108.225
10.525,108.225
10.5,108.25
10.475,108.32500305175782
10.525,108.32500305175782
10.475,108.2750030517578
10.525,108.2750030517578
10.5,108.30000305175781
10.475,109.025
10.525,109.025
10.475,108.975
10.525,108.975
10.5,109.0
10.425000762939453,96.025
10.475000762939453,96.025
10.425000762939453,95.975
10.475000762939453,95.975
10.450000762939453,96.0
10.425000762939453,99.4749969482422
10.475000762939453,99.4749969482422
10.425000762939453,99.42499694824218
10.475000762939453,99.42499694824218
10.450000762939453,99.44999694824219
10.425000762939453,103.1249984741211
10.475000762939453,103.1249984741211
10.425000762939453,103.07499847412109
10.475000762939453,103.07499847412109
10.450000762939453,103.0999984741211
10.425000762939453,103.17500152587891
10.475000762939453,103.17500152587891
10.425000762939453,103.1250015258789
10.475000762939453,103.1250015258789
10.450000762939453,103.1500015258789
10.425000762939453,103.42500152587891
10.475000762939453,103.42500152587891
10.425000762939453,103.3750015258789
10.475000762939453,103.3750015258789
10.450000762939453,103.4000015258789
10.425000762939453,107.57500305175782
10.475000762939453,107.57500305175782
10.425000762939453,107.5250030517578
10.475000762939453,107.5250030517578
10.450000762939453,107.55000305175781
10.425000762939453,107.6249984741211
10.475000762939453,107.6249984741211
10.425000762939453,107.57499847412109
10.475000762939453,107.57499847412109
10.450000762939453,107.5999984741211
10.425000762939453,107.67500152587891
10.475000762939453,107.67500152587891
10.425000762939453,107.6250015258789
10.475000762939453,107.6250015258789
10.450000762939453,107.6500015258789
10.425000762939453,107.7249969482422
10.475000762939453,107.7249969482422
10.425000762939453,107.67499694824218
10.475000762939453,107.67499694824218
10.450000762939453,107.69999694824219
10.425000762939453,107.775
10.475000762939453,107.775
10.425000762939453,107.725
10.475000762939453,107.725
10.450000762939453,107.75
10.425000762939453,107.8749984741211
10.475000762939453,107.8749984741211
10.425000762939453,107.82499847412109
10.475000762939453,107.82499847412109
10.450000762939453,107.8499984741211
10.37499771118164,94.7249969482422
10.424997711181641,94.7249969482422
10.37499771118164,94.67499694824218
10.424997711181641,94.67499694824218
10.39999771118164,94.69999694824219
10.37499771118164,96.1249984741211
10.424997711181641,96.1249984741211
10.37499771118164,96.07499847412109
10.424997711181641,96.07499847412109
10.39999771118164,96.0999984741211
10.37499771118164,99.32500305175782
10.424997711181641,99.32500305175782
10.37499771118164,99.2750030517578
10.424997711181641,99.2750030517578
10.39999771118164,99.30000305175781
10.37499771118164,103.1249984741211
10.424997711181641,103.1249984741211
10.37499771118164,103.07499847412109
10.424997711181641,103.07499847412109
10.39999771118164,103.0999984741211
10.37499771118164,103.3749984741211
10.424997711181641,103.3749984741211
10.37499771118164,103.32499847412109
10.424997711181641,103.32499847412109
10.39999771118164,103.3499984741211
10.37499771118164,103.42500152587891
10.424997711181641,103.42500152587891
10.37499771118164,103.3750015258789
10.424997711181641,103.3750015258789
10.39999771118164,103.4000015258789
10.37499771118164,107.3749984741211
10.424997711181641,107.3749984741211
10.37499771118164,107.32499847412109
10.424997711181641,107.32499847412109
10.39999771118164,107.3499984741211
10.37499771118164,107.57500305175782
10.424997711181641,107.57500305175782
10.37499771118164,107.5250030517578
10.424997711181641,107.5250030517578
10.39999771118164,107.55000305175781
10.37499771118164,107.6249984741211
10.424997711181641,107.6249984741211
10.37499771118164,107.57499847412109
10.424997711181641,107.57499847412109
10.39999771118164,107.5999984741211
10.37499771118164,107.67500152587891
10.424997711181641,107.67500152587891
10.37499771118164,107.6250015258789
10.424997711181641,107.6250015258789
10.39999771118164,107.6500015258789
10.37499771118164,107.7249969482422
10.424997711181641,107.7249969482422
10.37499771118164,107.67499694824218
10.424997711181641,107.67499694824218
10.39999771118164,107.69999694824219
10.324998474121093,95.82500305175782
10.374998474121094,95.82500305175782
10.324998474121093,95.7750030517578
10.374998474121094,95.7750030517578
10.349998474121094,95.80000305175781
10.324998474121093,97.07500305175782
10.374998474121094,97.07500305175782
10.324998474121093,97.0250030517578
10.374998474121094,97.0250030517578
10.349998474121094,97.05000305175781
10.324998474121093,99.3749984741211
10.374998474121094,99.3749984741211
10.324998474121093,99.32499847412109
10.374998474121094,99.32499847412109
10.349998474121094,99.3499984741211
10.324998474121093,103.3749984741211
10.374998474121094,103.3749984741211
10.324998474121093,103.32499847412109
10.374998474121094,103.32499847412109
10.349998474121094,103.3499984741211
10.324998474121093,103.67500152587891
10.374998474121094,103.67500152587891
10.324998474121093,103.6250015258789
10.374998474121094,103.6250015258789
10.349998474121094,103.6500015258789
10.324998474121093,103.7249969482422
10.374998474121094,103.7249969482422
10.324998474121093,103.67499694824218
10.374998474121094,103.67499694824218
10.349998474121094,103.69999694824219
10.324998474121093,107.3749984741211
10.374998474121094,107.3749984741211
10.324998474121093,107.32499847412109
10.374998474121094,107.32499847412109
10.349998474121094,107.3499984741211
10.324998474121093,107.4749969482422
10.374998474121094,107.4749969482422
10.324998474121093,107.42499694824218
10.374998474121094,107.42499694824218
10.349998474121094,107.44999694824219
10.324998474121093,107.57500305175782
10.374998474121094,107.57500305175782
10.324998474121093,107.5250030517578
10.374998474121094,107.5250030517578
10.349998474121094,107.55000305175781
10.324998474121093,107.6249984741211
10.374998474121094,107.6249984741211
10.324998474121093,107.57499847412109
10.374998474121094,107.57499847412109
10.349998474121094,107.5999984741211
10.324998474121093,107.67500152587891
10.374998474121094,107.67500152587891
10.324998474121093,107.6250015258789
10.374998474121094,107.6250015258789
10.349998474121094,107.6500015258789
10.324998474121093,124.57500305175782
10.374998474121094,124.57500305175782
10.324998474121093,124.5250030517578
10.374998474121094,124.5250030517578
10.349998474121094,124.55000305175781
10.274999237060547,103.17500152587891
10.324999237060547,103.17500152587891
10.274999237060547,103.1250015258789
10.324999237060547,103.1250015258789
10.299999237060547,103.1500015258789
10.274999237060547,103.2249969482422
10.324999237060547,103.2249969482422
10.274999237060547,103.17499694824218
10.324999237060547,103.17499694824218
10.299999237060547,103.19999694824219
10.274999237060547,103.275
10.324999237060547,103.275
10.274999237060547,103.225
10.324999237060547,103.225
10.299999237060547,103.25
10.274999237060547,103.32500305175782
10.324999237060547,103.32500305175782
10.274999237060547,103.2750030517578
10.324999237060547,103.2750030517578
10.299999237060547,103.30000305175781
10.274999237060547,103.42500152587891
10.324999237060547,103.42500152587891
10.274999237060547,103.3750015258789
10.324999237060547,103.3750015258789
10.299999237060547,103.4000015258789
10.274999237060547,103.4749969482422
10.324999237060547,103.4749969482422
10.274999237060547,103.42499694824218
10.324999237060547,103.42499694824218
10.299999237060547,103.44999694824219
10.274999237060547,103.6249984741211
10.324999237060547,103.6249984741211
10.274999237060547,103.57499847412109
10.324999237060547,103.57499847412109
10.299999237060547,103.5999984741211
10.274999237060547,103.7249969482422
10.324999237060547,103.7249969482422
10.274999237060547,103.67499694824218
10.324999237060547,103.67499694824218
10.299999237060547,103.69999694824219
10.274999237060547,103.8749984741211
10.324999237060547,103.8749984741211
10.274999237060547,103.82499847412109
10.324999237060547,103.82499847412109
10.299999237060547,103.8499984741211
10.274999237060547,107.3749984741211
10.324999237060547,107.3749984741211
10.274999237060547,107.32499847412109
10.324999237060547,107.32499847412109
10.299999237060547,107.3499984741211
10.274999237060547,107.42500152587891
10.324999237060547,107.42500152587891
10.274999237060547,107.3750015258789
10.324999237060547,107.3750015258789
10.299999237060547,107.4000015258789
10.274999237060547,107.525
10.324999237060547,107.525
10.274999237060547,107.475
10.324999237060547,107.475
10.299999237060547,107.5
10.274999237060547,124.4749969482422
10.324999237060547,124.4749969482422
10.274999237060547,124.42499694824218
10.324999237060547,124.42499694824218
10.299999237060547,124.44999694824219
10.225,103.17500152587891
10.275,103.17500152587891
10.225,103.1250015258789
10.275,103.1250015258789
10.25,103.1500015258789
10.225,103.2249969482422
10.275,103.2249969482422
10.225,103.17499694824218
10.275,103.17499694824218
10.25,103.19999694824219
10.225,103.3749984741211
10.275,103.3749984741211
10.225,103.32499847412109
10.275,103.32499847412109
10.25,103.3499984741211
10.225,103.525
10.275,103.525
10.225,103.475
10.275,103.475
10.25,103.5
10.225,103.7249969482422
10.275,103.7249969482422
10.225,103.67499694824218
10.275,103.67499694824218
10.25,103.69999694824219
10.225,103.775
10.275,103.775
10.225,103.725
10.275,103.725
10.25,103.75
10.225,103.82500305175782
10.275,103.82500305175782
10.225,103.7750030517578
10.275,103.7750030517578
10.25,103.80000305175781
10.225,107.42500152587891
10.275,107.42500152587891
10.225,107.3750015258789
10.275,107.3750015258789
10.25,107.4000015258789
10.225,107.4749969482422
10.275,107.4749969482422
10.225,107.42499694824218
10.275,107.42499694824218
10.25,107.44999694824219
10.225,124.37500610351563
10.275,124.37500610351563
10.225,124.32500610351562
10.275,124.32500610351562
10.25,124.35000610351562
10.175000762939453,97.775
10.225000762939453,97.775
10.175000762939453,97.725
10.225000762939453,97.725
10.200000762939453,97.75
10.175000762939453,99.32500305175782
10.225000762939453,99.32500305175782
10.175000762939453,99.2750030517578
10.225000762939453,99.2750030517578
10.200000762939453,99.30000305175781
10.175000762939453,103.3749984741211
10.225000762939453,103.3749984741211
10.175000762939453,103.32499847412109
10.225000762939453,103.32499847412109
10.200000762939453,103.3499984741211
10.175000762939453,103.4749969482422
10.225000762939453,103.4749969482422
10.175000762939453,103.42499694824218
10.225000762939453,103.42499694824218
10.200000762939453,103.44999694824219
10.175000762939453,103.57500305175782
10.225000762939453,103.57500305175782
10.175000762939453,103.5250030517578
10.225000762939453,103.5250030517578
10.200000762939453,103.55000305175781
10.175000762939453,103.67500152587891
10.225000762939453,103.67500152587891
10.175000762939453,103.6250015258789
10.225000762939453,103.6250015258789
10.200000762939453,103.6500015258789
10.175000762939453,103.775
10.225000762939453,103.775
10.175000762939453,103.725
10.225000762939453,103.725
10.200000762939453,103.75
10.175000762939453,124.525
10.225000762939453,124.525
10.175000762939453,124.475
10.225000762939453,124.475
10.200000762939453,124.5
10.175000762939453,124.57500305175782
10.225000762939453,124.57500305175782
10.175000762939453,124.5250030517578
10.225000762939453,124.5250030517578
10.200000762939453,124.55000305175781
10.12499771118164,99.275
10.174997711181641,99.275
10.12499771118164,99.225
10.174997711181641,99.225
10.14999771118164,99.25
10.12499771118164,103.17500152587891
10.174997711181641,103.17500152587891
10.12499771118164,103.1250015258789
10.174997711181641,103.1250015258789
10.14999771118164,103.1500015258789
10.12499771118164,103.32500305175782
10.174997711181641,103.32500305175782
10.12499771118164,103.2750030517578
10.174997711181641,103.2750030517578
10.14999771118164,103.30000305175781
10.12499771118164,103.42500152587891
10.174997711181641,103.42500152587891
10.12499771118164,103.3750015258789
10.174997711181641,103.3750015258789
10.14999771118164,103.4000015258789
10.12499771118164,103.4749969482422
10.174997711181641,103.4749969482422
10.12499771118164,103.42499694824218
10.174997711181641,103.42499694824218
10.14999771118164,103.44999694824219
10.12499771118164,103.525
10.174997711181641,103.525
10.12499771118164,103.475
10.174997711181641,103.475
10.14999771118164,103.5
10.12499771118164,103.57500305175782
10.174997711181641,103.57500305175782
10.12499771118164,103.5250030517578
10.174997711181641,103.5250030517578
10.14999771118164,103.55000305175781
10.12499771118164,103.775
10.174997711181641,103.775
10.12499771118164,103.725
10.174997711181641,103.725
10.14999771118164,103.75
10.12499771118164,103.92500152587891
10.174997711181641,103.92500152587891
10.12499771118164,103.8750015258789
10.174997711181641,103.8750015258789
10.14999771118164,103.9000015258789
10.12499771118164,103.9749969482422
10.174997711181641,103.9749969482422
10.12499771118164,103.92499694824218
10.174997711181641,103.92499694824218
10.14999771118164,103.94999694824219
10.12499771118164,107.42500152587891
10.174997711181641,107.42500152587891
10.12499771118164,107.3750015258789
10.174997711181641,107.3750015258789
10.14999771118164,107.4000015258789
10.12499771118164,107.7249969482422
10.174997711181641,107.7249969482422
10.12499771118164,107.67499694824218
10.174997711181641,107.67499694824218
10.14999771118164,107.69999694824219
10.12499771118164,107.8749984741211
10.174997711181641,107.8749984741211
10.12499771118164,107.82499847412109
10.174997711181641,107.82499847412109
10.14999771118164,107.8499984741211
10.12499771118164,124.4749969482422
10.174997711181641,124.4749969482422
10.12499771118164,124.42499694824218
10.174997711181641,124.42499694824218
10.14999771118164,124.44999694824219
10.074998474121093,103.4749969482422
10.124998474121094,103.4749969482422
10.074998474121093,103.42499694824218
10.124998474121094,103.42499694824218
10.099998474121094,103.44999694824219
10.074998474121093,103.525
10.124998474121094,103.525
10.074998474121093,103.475
10.124998474121094,103.475
10.099998474121094,103.5
10.074998474121093,103.6249984741211
10.124998474121094,103.6249984741211
10.074998474121093,103.57499847412109
10.124998474121094,103.57499847412109
10.099998474121094,103.5999984741211
10.074998474121093,107.3749984741211
10.124998474121094,107.3749984741211
10.074998474121093,107.32499847412109
10.124998474121094,107.32499847412109
10.099998474121094,107.3499984741211
10.074998474121093,107.525
10.124998474121094,107.525
10.074998474121093,107.475
10.124998474121094,107.475
10.099998474121094,107.5
10.074998474121093,107.7249969482422
10.124998474121094,107.7249969482422
10.074998474121093,107.67499694824218
10.124998474121094,107.67499694824218
10.099998474121094,107.69999694824219
10.074998474121093,107.82500305175782
10.124998474121094,107.82500305175782
10.074998474121093,107.7750030517578
10.124998474121094,107.7750030517578
10.099998474121094,107.80000305175781
10.074998474121093,107.8749984741211
10.124998474121094,107.8749984741211
10.074998474121093,107.82499847412109
10.124998474121094,107.82499847412109
10.099998474121094,107.8499984741211
10.074998474121093,111.57500305175782
10.124998474121094,111.57500305175782
10.074998474121093,111.5250030517578
10.124998474121094,111.5250030517578
10.099998474121094,111.55000305175781
10.024999237060547,104.32500305175782
10.074999237060547,104.32500305175782
10.024999237060547,104.2750030517578
10.074999237060547,104.2750030517578
10.049999237060547,104.30000305175781
10.024999237060547,104.3749984741211
10.074999237060547,104.3749984741211
10.024999237060547,104.32499847412109
10.074999237060547,104.32499847412109
10.049999237060547,104.3499984741211
10.024999237060547,107.4749969482422
10.074999237060547,107.4749969482422
10.024999237060547,107.42499694824218
10.074999237060547,107.42499694824218
10.049999237060547,107.44999694824219
10.024999237060547,107.67500152587891
10.074999237060547,107.67500152587891
10.024999237060547,107.6250015258789
10.074999237060547,107.6250015258789
10.049999237060547,107.6500015258789
10.024999237060547,107.775
10.074999237060547,107.775
10.024999237060547,107.725
10.074999237060547,107.725
10.049999237060547,107.75
10.024999237060547,107.82500305175782
10.074999237060547,107.82500305175782
10.024999237060547,107.7750030517578
10.074999237060547,107.7750030517578
10.049999237060547,107.80000305175781
10.024999237060547,107.8749984741211
10.074999237060547,107.8749984741211
10.024999237060547,107.82499847412109
10.074999237060547,107.82499847412109
10.049999237060547,107.8499984741211
10.024999237060547,108.07500305175782
10.074999237060547,108.07500305175782
10.024999237060547,108.0250030517578
10.074999237060547,108.0250030517578
10.049999237060547,108.05000305175781
9.975,99.67500152587891
10.025,99.67500152587891
9.975,99.6250015258789
10.025,99.6250015258789
10.0,99.6500015258789
9.975,102.275
10.025,102.275
9.975,102.225
10.025,102.225
10.0,102.25
9.975,103.4749969482422
10.025,103.4749969482422
9.975,103.42499694824218
10.025,103.42499694824218
10.0,103.44999694824219
9.975,107.4749969482422
10.025,107.4749969482422
9.975,107.42499694824218
10.025,107.42499694824218
10.0,107.44999694824219
9.975,107.525
10.025,107.525
9.975,107.475
10.025,107.475
10.0,107.5
9.975,107.57500305175782
10.025,107.57500305175782
9.975,107.5250030517578
10.025,107.5250030517578
10.0,107.55000305175781
9.975,107.775
10.025,107.775
9.975,107.725
10.025,107.725
10.0,107.75
9.975,107.8749984741211
10.025,107.8749984741211
9.975,107.82499847412109
10.025,107.82499847412109
10.0,107.8499984741211
9.925000762939453,95.17500152587891
9.975000762939453,95.17500152587891
9.925000762939453,95.1250015258789
9.975000762939453,95.1250015258789
9.950000762939453,95.1500015258789
9.925000762939453,96.6249984741211
9.975000762939453,96.6249984741211
9.925000762939453,96.57499847412109
9.975000762939453,96.57499847412109
9.950000762939453,96.5999984741211
9.925000762939453,97.17500152587891
9.975000762939453,97.17500152587891
9.925000762939453,97.1250015258789
9.975000762939453,97.1250015258789
9.950000762939453,97.1500015258789
9.925000762939453,97.42500152587891
9.975000762939453,97.42500152587891
9.925000762939453,97.3750015258789
9.975000762939453,97.3750015258789
9.950000762939453,97.4000015258789
9.925000762939453,107.57500305175782
9.975000762939453,107.57500305175782
9.925000762939453,107.5250030517578
9.975000762939453,107.5250030517578
9.950000762939453,107.55000305175781
9.925000762939453,107.7249969482422
9.975000762939453,107.7249969482422
9.925000762939453,107.67499694824218
9.975000762939453,107.67499694824218
9.950000762939453,107.69999694824219
9.925000762939453,107.8749984741211
9.975000762939453,107.8749984741211
9.925000762939453,107.82499847412109
9.975000762939453,107.82499847412109
9.950000762939453,107.8499984741211
9.925000762939453,107.92500152587891
9.975000762939453,107.92500152587891
9.925000762939453,107.8750015258789
9.975000762939453,107.8750015258789
9.950000762939453,107.9000015258789
9.925000762939453,107.9749969482422
9.975000762939453,107.9749969482422
9.925000762939453,107.92499694824218
9.975000762939453,107.92499694824218
9.950000762939453,107.94999694824219
9.925000762939453,111.6249984741211
9.975000762939453,111.6249984741211
9.925000762939453,111.57499847412109
9.975000762939453,111.57499847412109
9.950000762939453,111.5999984741211
9.87499771118164,99.32500305175782
9.924997711181641,99.32500305175782
9.87499771118164,99.2750030517578
9.924997711181641,99.2750030517578
9.89999771118164,99.30000305175781
9.87499771118164,104.17500152587891
9.924997711181641,104.17500152587891
9.87499771118164,104.1250015258789
9.924997711181641,104.1250015258789
9.89999771118164,104.1500015258789
9.87499771118164,104.275
9.924997711181641,104.275
9.87499771118164,104.225
9.924997711181641,104.225
9.89999771118164,104.25
9.87499771118164,107.7249969482422
9.924997711181641,107.7249969482422
9.87499771118164,107.67499694824218
9.924997711181641,107.67499694824218
9.89999771118164,107.69999694824219
9.87499771118164,107.775
9.924997711181641,107.775
9.87499771118164,107.725
9.924997711181641,107.725
9.89999771118164,107.75
9.87499771118164,107.82500305175782
9.924997711181641,107.82500305175782
9.87499771118164,107.7750030517578
9.924997711181641,107.7750030517578
9.89999771118164,107.80000305175781
9.87499771118164,107.8749984741211
9.924997711181641,107.8749984741211
9.87499771118164,107.82499847412109
9.924997711181641,107.82499847412109
9.89999771118164,107.8499984741211
9.87499771118164,107.92500152587891
9.924997711181641,107.92500152587891
9.87499771118164,107.8750015258789
9.924997711181641,107.8750015258789
9.89999771118164,107.9000015258789
9.87499771118164,108.07500305175782
9.924997711181641,108.07500305175782
9.87499771118164,108.0250030517578
9.924997711181641,108.0250030517578
9.89999771118164,108.05000305175781
9.824998474121093,99.2249969482422
9.874998474121094,99.2249969482422
9.824998474121093,99.17499694824218
9.874998474121094,99.17499694824218
9.849998474121094,99.19999694824219
9.824998474121093,99.42500152587891
9.874998474121094,99.42500152587891
9.824998474121093,99.3750015258789
9.874998474121094,99.3750015258789
9.849998474121094,99.4000015258789
9.824998474121093,99.6249984741211
9.874998474121094,99.6249984741211
9.824998474121093,99.57499847412109
9.874998474121094,99.57499847412109
9.849998474121094,99.5999984741211
9.824998474121093,99.67500152587891
9.874998474121094,99.67500152587891
9.824998474121093,99.6250015258789
9.874998474121094,99.6250015258789
9.849998474121094,99.6500015258789
9.824998474121093,99.775
9.874998474121094,99.775
9.824998474121093,99.725
9.874998474121094,99.725
9.849998474121094,99.75
9.824998474121093,99.8749984741211
9.874998474121094,99.8749984741211
9.824998474121093,99.82499847412109
9.874998474121094,99.82499847412109
9.849998474121094,99.8499984741211
9.824998474121093,99.9749969482422
9.874998474121094,99.9749969482422
9.824998474121093,99.92499694824218
9.874998474121094,99.92499694824218
9.849998474121094,99.94999694824219
9.824998474121093,100.025
9.874998474121094,100.025
9.824998474121093,99.975
9.874998474121094,99.975
9.849998474121094,100.0
9.824998474121093,100.17500152587891
9.874998474121094,100.17500152587891
9.824998474121093,100.1250015258789
9.874998474121094,100.1250015258789
9.849998474121094,100.1500015258789
9.824998474121093,107.57500305175782
9.874998474121094,107.57500305175782
9.824998474121093,107.5250030517578
9.874998474121094,107.5250030517578
9.849998474121094,107.55000305175781
9.824998474121093,107.6249984741211
9.874998474121094,107.6249984741211
9.824998474121093,107.57499847412109
9.874998474121094,107.57499847412109
9.849998474121094,107.5999984741211
9.824998474121093,107.67500152587891
9.874998474121094,107.67500152587891
9.824998474121093,107.6250015258789
9.874998474121094,107.6250015258789
9.849998474121094,107.6500015258789
9.824998474121093,107.7249969482422
9.874998474121094,107.7249969482422
9.824998474121093,107.67499694824218
9.874998474121094,107.67499694824218
9.849998474121094,107.69999694824219
9.824998474121093,107.775
9.874998474121094,107.775
9.824998474121093,107.725
9.874998474121094,107.725
9.849998474121094,107.75
9.824998474121093,107.82500305175782
9.874998474121094,107.82500305175782
9.824998474121093,107.7750030517578
9.874998474121094,107.7750030517578
9.849998474121094,107.80000305175781
9.824998474121093,107.8749984741211
9.874998474121094,107.8749984741211
9.824998474121093,107.82499847412109
9.874998474121094,107.82499847412109
9.849998474121094,107.8499984741211
9.824998474121093,108.025
9.874998474121094,108.025
9.824998474121093,107.975
9.874998474121094,107.975
9.849998474121094,108.0
9.774999237060547,99.275
9.824999237060547,99.275
9.774999237060547,99.225
9.824999237060547,99.225
9.799999237060547,99.25
9.774999237060547,99.57500305175782
9.824999237060547,99.57500305175782
9.774999237060547,99.5250030517578
9.824999237060547,99.5250030517578
9.799999237060547,99.55000305175781
9.774999237060547,99.7249969482422
9.824999237060547,99.7249969482422
9.774999237060547,99.67499694824218
9.824999237060547,99.67499694824218
9.799999237060547,99.69999694824219
9.774999237060547,100.275
9.824999237060547,100.275
9.774999237060547,100.225
9.824999237060547,100.225
9.799999237060547,100.25
9.774999237060547,101.42500152587891
9.824999237060547,101.42500152587891
9.774999237060547,101.3750015258789
9.824999237060547,101.3750015258789
9.799999237060547,101.4000015258789
9.774999237060547,103.92500152587891
9.824999237060547,103.92500152587891
9.774999237060547,103.8750015258789
9.824999237060547,103.8750015258789
9.799999237060547,103.9000015258789
9.774999237060547,104.57500305175782
9.824999237060547,104.57500305175782
9.774999237060547,104.5250030517578
9.824999237060547,104.5250030517578
9.799999237060547,104.55000305175781
9.774999237060547,107.6249984741211
9.824999237060547,107.6249984741211
9.774999237060547,107.57499847412109
9.824999237060547,107.57499847412109
9.799999237060547,107.5999984741211
9.774999237060547,107.67500152587891
9.824999237060547,107.67500152587891
9.774999237060547,107.6250015258789
9.824999237060547,107.6250015258789
9.799999237060547,107.6500015258789
9.774999237060547,107.7249969482422
9.824999237060547,107.7249969482422
9.774999237060547,107.67499694824218
9.824999237060547,107.67499694824218
9.799999237060547,107.69999694824219
9.774999237060547,107.775
9.824999237060547,107.775
9.774999237060547,107.725
9.824999237060547,107.725
9.799999237060547,107.75
9.774999237060547,107.82500305175782
9.824999237060547,107.82500305175782
9.774999237060547,107.7750030517578
9.824999237060547,107.7750030517578
9.799999237060547,107.80000305175781
9.725,95.4749969482422
9.775,95.4749969482422
9.725,95.42499694824218
9.775,95.42499694824218
9.75,95.44999694824219
9.725,99.275
9.775,99.275
9.725,99.225
9.775,99.225
9.75,99.25
9.725,99.42500152587891
9.775,99.42500152587891
9.725,99.3750015258789
9.775,99.3750015258789
9.75,99.4000015258789
9.725,99.57500305175782
9.775,99.57500305175782
9.725,99.5250030517578
9.775,99.5250030517578
9.75,99.55000305175781
9.725,107.67500152587891
9.775,107.67500152587891
9.725,107.6250015258789
9.775,107.6250015258789
9.75,107.6500015258789
9.725,107.7249969482422
9.775,107.7249969482422
9.725,107.67499694824218
9.775,107.67499694824218
9.75,107.69999694824219
9.725,107.775
9.775,107.775
9.725,107.725
9.775,107.725
9.75,107.75
9.725,107.82500305175782
9.775,107.82500305175782
9.725,107.7750030517578
9.775,107.7750030517578
9.75,107.80000305175781
9.725,107.8749984741211
9.775,107.8749984741211
9.725,107.82499847412109
9.775,107.82499847412109
9.75,107.8499984741211
9.725,107.9749969482422
9.775,107.9749969482422
9.725,107.92499694824218
9.775,107.92499694824218
9.75,107.94999694824219
9.725,125.07500305175782
9.775,125.07500305175782
9.725,125.0250030517578
9.775,125.0250030517578
9.75,125.05000305175781
9.725,132.2249969482422
9.775,132.2249969482422
9.725,132.17499694824218
9.775,132.17499694824218
9.75,132.1999969482422
9.675000762939453,99.2249969482422
9.725000762939453,99.2249969482422
9.675000762939453,99.17499694824218
9.725000762939453,99.17499694824218
9.700000762939453,99.19999694824219
9.675000762939453,99.32500305175782
9.725000762939453,99.32500305175782
9.675000762939453,99.2750030517578
9.725000762939453,99.2750030517578
9.700000762939453,99.30000305175781
9.675000762939453,99.3749984741211
9.725000762939453,99.3749984741211
9.675000762939453,99.32499847412109
9.725000762939453,99.32499847412109
9.700000762939453,99.3499984741211
9.675000762939453,99.57500305175782
9.725000762939453,99.57500305175782
9.675000762939453,99.5250030517578
9.725000762939453,99.5250030517578
9.700000762939453,99.55000305175781
9.675000762939453,99.9749969482422
9.725000762939453,99.9749969482422
9.675000762939453,99.92499694824218
9.725000762939453,99.92499694824218
9.700000762939453,99.94999694824219
9.675000762939453,100.2249969482422
9.725000762939453,100.2249969482422
9.675000762939453,100.17499694824218
9.725000762939453,100.17499694824218
9.700000762939453,100.19999694824219
9.675000762939453,101.4749969482422
9.725000762939453,101.4749969482422
9.675000762939453,101.42499694824218
9.725000762939453,101.42499694824218
9.700000762939453,101.44999694824219
9.675000762939453,107.57500305175782
9.725000762939453,107.57500305175782
9.675000762939453,107.5250030517578
9.725000762939453,107.5250030517578
9.700000762939453,107.55000305175781
9.675000762939453,107.7249969482422
9.725000762939453,107.7249969482422
9.675000762939453,107.67499694824218
9.725000762939453,107.67499694824218
9.700000762939453,107.69999694824219
9.675000762939453,107.8749984741211
9.725000762939453,107.8749984741211
9.675000762939453,107.82499847412109
9.725000762939453,107.82499847412109
9.700000762939453,107.8499984741211
9.675000762939453,107.92500152587891
9.725000762939453,107.92500152587891
9.675000762939453,107.8750015258789
9.725000762939453,107.8750015258789
9.700000762939453,107.9000015258789
9.675000762939453,107.9749969482422
9.725000762939453,107.9749969482422
9.675000762939453,107.92499694824218
9.725000762939453,107.92499694824218
9.700000762939453,107.94999694824219
9.62499771118164,98.4749969482422
9.674997711181641,98.4749969482422
9.62499771118164,98.42499694824218
9.674997711181641,98.42499694824218
9.64999771118164,98.44999694824219
9.62499771118164,99.32500305175782
9.674997711181641,99.32500305175782
9.62499771118164,99.2750030517578
9.674997711181641,99.2750030517578
9.64999771118164,99.30000305175781
9.62499771118164,99.525
9.674997711181641,99.525
9.62499771118164,99.475
9.674997711181641,99.475
9.64999771118164,99.5
9.62499771118164,99.57500305175782
9.674997711181641,99.57500305175782
9.62499771118164,99.5250030517578
9.674997711181641,99.5250030517578
9.64999771118164,99.55000305175781
9.62499771118164,99.67500152587891
9.674997711181641,99.67500152587891
9.62499771118164,99.6250015258789
9.674997711181641,99.6250015258789
9.64999771118164,99.6500015258789
9.62499771118164,100.2249969482422
9.674997711181641,100.2249969482422
9.62499771118164,100.17499694824218
9.674997711181641,100.17499694824218
9.64999771118164,100.19999694824219
9.62499771118164,100.275
9.674997711181641,100.275
9.62499771118164,100.225
9.674997711181641,100.225
9.64999771118164,100.25
9.62499771118164,100.32500305175782
9.674997711181641,100.32500305175782
9.62499771118164,100.2750030517578
9.674997711181641,100.2750030517578
9.64999771118164,100.30000305175781
9.62499771118164,103.775
9.674997711181641,103.775
9.62499771118164,103.725
9.674997711181641,103.725
9.64999771118164,103.75
9.62499771118164,107.67500152587891
9.674997711181641,107.67500152587891
9.62499771118164,107.6250015258789
9.674997711181641,107.6250015258789
9.64999771118164,107.6500015258789
9.62499771118164,107.775
9.674997711181641,107.775
9.62499771118164,107.725
9.674997711181641,107.725
9.64999771118164,107.75
9.62499771118164,107.82500305175782
9.674997711181641,107.82500305175782
9.62499771118164,107.7750030517578
9.674997711181641,107.7750030517578
9.64999771118164,107.80000305175781
9.62499771118164,107.8749984741211
9.674997711181641,107.8749984741211
9.62499771118164,107.82499847412109
9.674997711181641,107.82499847412109
9.64999771118164,107.8499984741211
9.62499771118164,107.92500152587891
9.674997711181641,107.92500152587891
9.62499771118164,107.8750015258789
9.674997711181641,107.8750015258789
9.64999771118164,107.9000015258789
9.62499771118164,107.9749969482422
9.674997711181641,107.9749969482422
9.62499771118164,107.92499694824218
9.674997711181641,107.92499694824218
9.64999771118164,107.94999694824219
9.62499771118164,108.025
9.674997711181641,108.025
9.62499771118164,107.975
9.674997711181641,107.975
9.64999771118164,108.0
9.62499771118164,134.275
9.674997711181641,134.275
9.62499771118164,134.225
9.674997711181641,134.225
9.64999771118164,134.25
9.574998474121093,94.9749969482422
9.624998474121094,94.9749969482422
9.574998474121093,94.92499694824218
9.624998474121094,94.92499694824218
9.599998474121094,94.94999694824219
9.574998474121093,100.275
9.624998474121094,100.275
9.574998474121093,100.225
9.624998474121094,100.225
9.599998474121094,100.25
9.574998474121093,107.67500152587891
9.624998474121094,107.67500152587891
9.574998474121093,107.6250015258789
9.624998474121094,107.6250015258789
9.599998474121094,107.6500015258789
9.574998474121093,107.82500305175782
9.624998474121094,107.82500305175782
9.574998474121093,107.7750030517578
9.624998474121094,107.7750030517578
9.599998474121094,107.80000305175781
9.574998474121093,107.8749984741211
9.624998474121094,107.8749984741211
9.574998474121093,107.82499847412109
9.624998474121094,107.82499847412109
9.599998474121094,107.8499984741211
9.574998474121093,107.92500152587891
9.624998474121094,107.92500152587891
9.574998474121093,107.8750015258789
9.624998474121094,107.8750015258789
9.599998474121094,107.9000015258789
9.574998474121093,107.9749969482422
9.624998474121094,107.9749969482422
9.574998474121093,107.92499694824218
9.624998474121094,107.92499694824218
9.599998474121094,107.94999694824219
9.574998474121093,108.025
9.624998474121094,108.025
9.574998474121093,107.975
9.624998474121094,107.975
9.599998474121094,108.0
9.524999237060547,99.82500305175782
9.574999237060547,99.82500305175782
9.524999237060547,99.7750030517578
9.574999237060547,99.7750030517578
9.549999237060547,99.80000305175781
9.524999237060547,99.8749984741211
9.574999237060547,99.8749984741211
9.524999237060547,99.82499847412109
9.574999237060547,99.82499847412109
9.549999237060547,99.8499984741211
9.524999237060547,100.17500152587891
9.574999237060547,100.17500152587891
9.524999237060547,100.1250015258789
9.574999237060547,100.1250015258789
9.549999237060547,100.1500015258789
9.524999237060547,100.2249969482422
9.574999237060547,100.2249969482422
9.524999237060547,100.17499694824218
9.574999237060547,100.17499694824218
9.549999237060547,100.19999694824219
9.524999237060547,100.3749984741211
9.574999237060547,100.3749984741211
9.524999237060547,100.32499847412109
9.574999237060547,100.32499847412109
9.549999237060547,100.3499984741211
9.524999237060547,104.07500305175782
9.574999237060547,104.07500305175782
9.524999237060547,104.0250030517578
9.574999237060547,104.0250030517578
9.549999237060547,104.05000305175781
9.524999237060547,104.32500305175782
9.574999237060547,104.32500305175782
9.524999237060547,104.2750030517578
9.574999237060547,104.2750030517578
9.549999237060547,104.30000305175781
9.524999237060547,107.2249969482422
9.574999237060547,107.2249969482422
9.524999237060547,107.17499694824218
9.574999237060547,107.17499694824218
9.549999237060547,107.19999694824219
9.524999237060547,107.3749984741211
9.574999237060547,107.3749984741211
9.524999237060547,107.32499847412109
9.574999237060547,107.32499847412109
9.549999237060547,107.3499984741211
9.524999237060547,107.57500305175782
9.574999237060547,107.57500305175782
9.524999237060547,107.5250030517578
9.574999237060547,107.5250030517578
9.549999237060547,107.55000305175781
9.524999237060547,107.7249969482422
9.574999237060547,107.7249969482422
9.524999237060547,107.67499694824218
9.574999237060547,107.67499694824218
9.549999237060547,107.69999694824219
9.524999237060547,107.775
9.574999237060547,107.775
9.524999237060547,107.725
9.574999237060547,107.725
9.549999237060547,107.75
9.524999237060547,107.82500305175782
9.574999237060547,107.82500305175782
9.524999237060547,107.7750030517578
9.574999237060547,107.7750030517578
9.549999237060547,107.80000305175781
9.524999237060547,107.9749969482422
9.574999237060547,107.9749969482422
9.524999237060547,107.92499694824218
9.574999237060547,107.92499694824218
9.549999237060547,107.94999694824219
9.524999237060547,113.275
9.574999237060547,113.275
9.524999237060547,113.225
9.574999237060547,113.225
9.549999237060547,113.25
9.475,95.025
9.525,95.025
9.475,94.975
9.525,94.975
9.5,95.0
9.475,99.8749984741211
9.525,99.8749984741211
9.475,99.82499847412109
9.525,99.82499847412109
9.5,99.8499984741211
9.475,100.1249984741211
9.525,100.1249984741211
9.475,100.07499847412109
9.525,100.07499847412109
9.5,100.0999984741211
9.475,100.17500152587891
9.525,100.17500152587891
9.475,100.1250015258789
9.525,100.1250015258789
9.5,100.1500015258789
9.475,100.2249969482422
9.525,100.2249969482422
9.475,100.17499694824218
9.525,100.17499694824218
9.5,100.19999694824219
9.475,100.275
9.525,100.275
9.475,100.225
9.525,100.225
9.5,100.25
9.475,104.3749984741211
9.525,104.3749984741211
9.475,104.32499847412109
9.525,104.32499847412109
9.5,104.3499984741211
9.475,107.3749984741211
9.525,107.3749984741211
9.475,107.32499847412109
9.525,107.32499847412109
9.5,107.3499984741211
9.475,107.57500305175782
9.525,107.57500305175782
9.475,107.5250030517578
9.525,107.5250030517578
9.5,107.55000305175781
9.475,107.6249984741211
9.525,107.6249984741211
9.475,107.57499847412109
9.525,107.57499847412109
9.5,107.5999984741211
9.475,107.67500152587891
9.525,107.67500152587891
9.475,107.6250015258789
9.525,107.6250015258789
9.5,107.6500015258789
9.475,107.7249969482422
9.525,107.7249969482422
9.475,107.67499694824218
9.525,107.67499694824218
9.5,107.69999694824219
9.475,107.775
9.525,107.775
9.475,107.725
9.525,107.725
9.5,107.75
9.475,107.92500152587891
9.525,107.92500152587891
9.475,107.8750015258789
9.525,107.8750015258789
9.5,107.9000015258789
9.475,108.025
9.525,108.025
9.475,107.975
9.525,107.975
9.5,108.0
9.425000762939453,94.92500152587891
9.475000762939453,94.92500152587891
9.425000762939453,94.8750015258789
9.475000762939453,94.8750015258789
9.450000762939453,94.9000015258789
9.425000762939453,99.8749984741211
9.475000762939453,99.8749984741211
9.425000762939453,99.82499847412109
9.475000762939453,99.82499847412109
9.450000762939453,99.8499984741211
9.425000762939453,99.92500152587891
9.475000762939453,99.92500152587891
9.425000762939453,99.8750015258789
9.475000762939453,99.8750015258789
9.450000762939453,99.9000015258789
9.425000762939453,100.1249984741211
9.475000762939453,100.1249984741211
9.425000762939453,100.07499847412109
9.475000762939453,100.07499847412109
9.450000762939453,100.0999984741211
9.425000762939453,100.17500152587891
9.475000762939453,100.17500152587891
9.425000762939453,100.1250015258789
9.475000762939453,100.1250015258789
9.450000762939453,100.1500015258789
9.425000762939453,100.275
9.475000762939453,100.275
9.425000762939453,100.225
9.475000762939453,100.225
9.450000762939453,100.25
9.425000762939453,104.4749969482422
9.475000762939453,104.4749969482422
9.425000762939453,104.42499694824218
9.475000762939453,104.42499694824218
9.450000762939453,104.44999694824219
9.425000762939453,104.525
9.475000762939453,104.525
9.425000762939453,104.475
9.475000762939453,104.475
9.450000762939453,104.5
9.425000762939453,107.525
9.475000762939453,107.525
9.425000762939453,107.475
9.475000762939453,107.475
9.450000762939453,107.5
9.425000762939453,107.6249984741211
9.475000762939453,107.6249984741211
9.425000762939453,107.57499847412109
9.475000762939453,107.57499847412109
9.450000762939453,107.5999984741211
9.425000762939453,107.7249969482422
9.475000762939453,107.7249969482422
9.425000762939453,107.67499694824218
9.475000762939453,107.67499694824218
9.450000762939453,107.69999694824219
9.425000762939453,107.775
9.475000762939453,107.775
9.425000762939453,107.725
9.475000762939453,107.725
9.450000762939453,107.75
9.425000762939453,107.82500305175782
9.475000762939453,107.82500305175782
9.425000762939453,107.7750030517578
9.475000762939453,107.7750030517578
9.450000762939453,107.80000305175781
9.425000762939453,107.8749984741211
9.475000762939453,107.8749984741211
9.425000762939453,107.82499847412109
9.475000762939453,107.82499847412109
9.450000762939453,107.8499984741211
9.425000762939453,107.92500152587891
9.475000762939453,107.92500152587891
9.425000762939453,107.8750015258789
9.475000762939453,107.8750015258789
9.450000762939453,107.9000015258789
9.425000762939453,108.025
9.475000762939453,108.025
9.425000762939453,107.975
9.475000762939453,107.975
9.450000762939453,108.0
9.37499771118164,91.9749969482422
9.424997711181641,91.9749969482422
9.37499771118164,91.92499694824218
9.424997711181641,91.92499694824218
9.39999771118164,91.94999694824219
9.37499771118164,100.025
9.424997711181641,100.025
9.37499771118164,99.975
9.424997711181641,99.975
9.39999771118164,100.0
9.37499771118164,100.07500305175782
9.424997711181641,100.07500305175782
9.37499771118164,100.0250030517578
9.424997711181641,100.0250030517578
9.39999771118164,100.05000305175781
9.37499771118164,100.1249984741211
9.424997711181641,100.1249984741211
9.37499771118164,100.07499847412109
9.424997711181641,100.07499847412109
9.39999771118164,100.0999984741211
9.37499771118164,100.17500152587891
9.424997711181641,100.17500152587891
9.37499771118164,100.1250015258789
9.424997711181641,100.1250015258789
9.39999771118164,100.1500015258789
9.37499771118164,100.2249969482422
9.424997711181641,100.2249969482422
9.37499771118164,100.17499694824218
9.424997711181641,100.17499694824218
9.39999771118164,100.19999694824219
9.37499771118164,103.17500152587891
9.424997711181641,103.17500152587891
9.37499771118164,103.1250015258789
9.424997711181641,103.1250015258789
9.39999771118164,103.1500015258789
9.37499771118164,107.32500305175782
9.424997711181641,107.32500305175782
9.37499771118164,107.2750030517578
9.424997711181641,107.2750030517578
9.39999771118164,107.30000305175781
9.37499771118164,107.67500152587891
9.424997711181641,107.67500152587891
9.37499771118164,107.6250015258789
9.424997711181641,107.6250015258789
9.39999771118164,107.6500015258789
9.37499771118164,107.7249969482422
9.424997711181641,107.7249969482422
9.37499771118164,107.67499694824218
9.424997711181641,107.67499694824218
9.39999771118164,107.69999694824219
9.37499771118164,107.775
9.424997711181641,107.775
9.37499771118164,107.725
9.424997711181641,107.725
9.39999771118164,107.75
9.37499771118164,107.82500305175782
9.424997711181641,107.82500305175782
9.37499771118164,107.7750030517578
9.424997711181641,107.7750030517578
9.39999771118164,107.80000305175781
9.37499771118164,107.8749984741211
9.424997711181641,107.8749984741211
9.37499771118164,107.82499847412109
9.424997711181641,107.82499847412109
9.39999771118164,107.8499984741211
9.37499771118164,107.9749969482422
9.424997711181641,107.9749969482422
9.37499771118164,107.92499694824218
9.424997711181641,107.92499694824218
9.39999771118164,107.94999694824219
9.37499771118164,108.07500305175782
9.424997711181641,108.07500305175782
9.37499771118164,108.0250030517578
9.424997711181641,108.0250030517578
9.39999771118164,108.05000305175781
9.324998474121093,91.3749984741211
9.374998474121094,91.3749984741211
9.324998474121093,91.32499847412109
9.374998474121094,91.32499847412109
9.349998474121094,91.3499984741211
9.324998474121093,99.92500152587891
9.374998474121094,99.92500152587891
9.324998474121093,99.8750015258789
9.374998474121094,99.8750015258789
9.349998474121094,99.9000015258789
9.324998474121093,99.9749969482422
9.374998474121094,99.9749969482422
9.324998474121093,99.92499694824218
9.374998474121094,99.92499694824218
9.349998474121094,99.94999694824219
9.324998474121093,100.07500305175782
9.374998474121094,100.07500305175782
9.324998474121093,100.0250030517578
9.374998474121094,100.0250030517578
9.349998474121094,100.05000305175781
9.324998474121093,100.1249984741211
9.374998474121094,100.1249984741211
9.324998474121093,100.07499847412109
9.374998474121094,100.07499847412109
9.349998474121094,100.0999984741211
9.324998474121093,100.17500152587891
9.374998474121094,100.17500152587891
9.324998474121093,100.1250015258789
9.374998474121094,100.1250015258789
9.349998474121094,100.1500015258789
9.324998474121093,102.82500305175782
9.374998474121094,102.82500305175782
9.324998474121093,102.7750030517578
9.374998474121094,102.7750030517578
9.349998474121094,102.80000305175781
9.324998474121093,104.2249969482422
9.374998474121094,104.2249969482422
9.324998474121093,104.17499694824218
9.374998474121094,104.17499694824218
9.349998474121094,104.19999694824219
9.324998474121093,107.275
9.374998474121094,107.275
9.324998474121093,107.225
9.374998474121094,107.225
9.349998474121094,107.25
9.324998474121093,107.3749984741211
9.374998474121094,107.3749984741211
9.324998474121093,107.32499847412109
9.374998474121094,107.32499847412109
9.349998474121094,107.3499984741211
9.324998474121093,107.67500152587891
9.374998474121094,107.67500152587891
9.324998474121093,107.6250015258789
9.374998474121094,107.6250015258789
9.349998474121094,107.6500015258789
9.324998474121093,107.7249969482422
9.374998474121094,107.7249969482422
9.324998474121093,107.67499694824218
9.374998474121094,107.67499694824218
9.349998474121094,107.69999694824219
9.324998474121093,107.775
9.374998474121094,107.775
9.324998474121093,107.725
9.374998474121094,107.725
9.349998474121094,107.75
9.324998474121093,107.8749984741211
9.374998474121094,107.8749984741211
9.324998474121093,107.82499847412109
9.374998474121094,107.82499847412109
9.349998474121094,107.8499984741211
9.324998474121093,107.9749969482422
9.374998474121094,107.9749969482422
9.324998474121093,107.92499694824218
9.374998474121094,107.92499694824218
9.349998474121094,107.94999694824219
9.324998474121093,108.1249984741211
9.374998474121094,108.1249984741211
9.324998474121093,108.07499847412109
9.374998474121094,108.07499847412109
9.349998474121094,108.0999984741211
9.274999237060547,100.025
9.324999237060547,100.025
9.274999237060547,99.975
9.324999237060547,99.975
9.299999237060547,100.0
9.274999237060547,100.07500305175782
9.324999237060547,100.07500305175782
9.274999237060547,100.0250030517578
9.324999237060547,100.0250030517578
9.299999237060547,100.05000305175781
9.274999237060547,100.1249984741211
9.324999237060547,100.1249984741211
9.274999237060547,100.07499847412109
9.324999237060547,100.07499847412109
9.299999237060547,100.0999984741211
9.274999237060547,100.17500152587891
9.324999237060547,100.17500152587891
9.274999237060547,100.1250015258789
9.324999237060547,100.1250015258789
9.299999237060547,100.1500015258789
9.274999237060547,107.42500152587891
9.324999237060547,107.42500152587891
9.274999237060547,107.3750015258789
9.324999237060547,107.3750015258789
9.299999237060547,107.4000015258789
9.274999237060547,107.525
9.324999237060547,107.525
9.274999237060547,107.475
9.324999237060547,107.475
9.299999237060547,107.5
9.274999237060547,107.57500305175782
9.324999237060547,107.57500305175782
9.274999237060547,107.5250030517578
9.324999237060547,107.5250030517578
9.299999237060547,107.55000305175781
9.274999237060547,107.67500152587891
9.324999237060547,107.67500152587891
9.274999237060547,107.6250015258789
9.324999237060547,107.6250015258789
9.299999237060547,107.6500015258789
9.274999237060547,107.7249969482422
9.324999237060547,107.7249969482422
9.274999237060547,107.67499694824218
9.324999237060547,107.67499694824218
9.299999237060547,107.69999694824219
9.274999237060547,107.775
9.324999237060547,107.775
9.274999237060547,107.725
9.324999237060547,107.725
9.299999237060547,107.75
9.274999237060547,107.8749984741211
9.324999237060547,107.8749984741211
9.274999237060547,107.82499847412109
9.324999237060547,107.82499847412109
9.299999237060547,107.8499984741211
9.274999237060547,107.9749969482422
9.324999237060547,107.9749969482422
9.274999237060547,107.92499694824218
9.324999237060547,107.92499694824218
9.299999237060547,107.94999694824219
9.274999237060547,108.1249984741211
9.324999237060547,108.1249984741211
9.274999237060547,108.07499847412109
9.324999237060547,108.07499847412109
9.299999237060547,108.0999984741211
9.225,90.9749969482422
9.275,90.9749969482422
9.225,90.92499694824218
9.275,90.92499694824218
9.25,90.94999694824219
9.225,91.32500305175782
9.275,91.32500305175782
9.225,91.2750030517578
9.275,91.2750030517578
9.25,91.30000305175781
9.225,100.025
9.275,100.025
9.225,99.975
9.275,99.975
9.25,100.0
9.225,100.07500305175782
9.275,100.07500305175782
9.225,100.0250030517578
9.275,100.0250030517578
9.25,100.05000305175781
9.225,100.1249984741211
9.275,100.1249984741211
9.225,100.07499847412109
9.275,100.07499847412109
9.25,100.0999984741211
9.225,100.17500152587891
9.275,100.17500152587891
9.225,100.1250015258789
9.275,100.1250015258789
9.25,100.1500015258789
9.225,100.2249969482422
9.275,100.2249969482422
9.225,100.17499694824218
9.275,100.17499694824218
9.25,100.19999694824219
9.225,104.3749984741211
9.275,104.3749984741211
9.225,104.32499847412109
9.275,104.32499847412109
9.25,104.3499984741211
9.225,104.67500152587891
9.275,104.67500152587891
9.225,104.6250015258789
9.275,104.6250015258789
9.25,104.6500015258789
9.225,106.42500152587891
9.275,106.42500152587891
9.225,106.3750015258789
9.275,106.3750015258789
9.25,106.4000015258789
9.225,107.275
9.275,107.275
9.225,107.225
9.275,107.225
9.25,107.25
9.225,107.3749984741211
9.275,107.3749984741211
9.225,107.32499847412109
9.275,107.32499847412109
9.25,107.3499984741211
9.225,107.82500305175782
9.275,107.82500305175782
9.225,107.7750030517578
9.275,107.7750030517578
9.25,107.80000305175781
9.225,107.92500152587891
9.275,107.92500152587891
9.225,107.8750015258789
9.275,107.8750015258789
9.25,107.9000015258789
9.225,107.9749969482422
9.275,107.9749969482422
9.225,107.92499694824218
9.275,107.92499694824218
9.25,107.94999694824219
9.225,108.025
9.275,108.025
9.225,107.975
9.275,107.975
9.25,108.0
9.175000762939453,98.2249969482422
9.225000762939453,98.2249969482422
9.175000762939453,98.17499694824218
9.225000762939453,98.17499694824218
9.200000762939453,98.19999694824219
9.175000762939453,99.9749969482422
9.225000762939453,99.9749969482422
9.175000762939453,99.92499694824218
9.225000762939453,99.92499694824218
9.200000762939453,99.94999694824219
9.175000762939453,100.07500305175782
9.225000762939453,100.07500305175782
9.175000762939453,100.0250030517578
9.225000762939453,100.0250030517578
9.200000762939453,100.05000305175781
9.175000762939453,100.1249984741211
9.225000762939453,100.1249984741211
9.175000762939453,100.07499847412109
9.225000762939453,100.07499847412109
9.200000762939453,100.0999984741211
9.175000762939453,100.17500152587891
9.225000762939453,100.17500152587891
9.175000762939453,100.1250015258789
9.225000762939453,100.1250015258789
9.200000762939453,100.1500015258789
9.175000762939453,102.6249984741211
9.225000762939453,102.6249984741211
9.175000762939453,102.57499847412109
9.225000762939453,102.57499847412109
9.200000762939453,102.5999984741211
9.175000762939453,106.42500152587891
9.225000762939453,106.42500152587891
9.175000762939453,106.3750015258789
9.225000762939453,106.3750015258789
9.200000762939453,106.4000015258789
9.175000762939453,107.3749984741211
9.225000762939453,107.3749984741211
9.175000762939453,107.32499847412109
9.225000762939453,107.32499847412109
9.200000762939453,107.3499984741211
9.175000762939453,107.67500152587891
9.225000762939453,107.67500152587891
9.175000762939453,107.6250015258789
9.225000762939453,107.6250015258789
9.200000762939453,107.6500015258789
9.175000762939453,107.7249969482422
9.225000762939453,107.7249969482422
9.175000762939453,107.67499694824218
9.225000762939453,107.67499694824218
9.200000762939453,107.69999694824219
9.175000762939453,107.8749984741211
9.225000762939453,107.8749984741211
9.175000762939453,107.82499847412109
9.225000762939453,107.82499847412109
9.200000762939453,107.8499984741211
9.175000762939453,107.9749969482422
9.225000762939453,107.9749969482422
9.175000762939453,107.92499694824218
9.225000762939453,107.92499694824218
9.200000762939453,107.94999694824219
9.12499771118164,91.525
9.174997711181641,91.525
9.12499771118164,91.475
9.174997711181641,91.475
9.14999771118164,91.5
9.12499771118164,92.07500305175782
9.174997711181641,92.07500305175782
9.12499771118164,92.0250030517578
9.174997711181641,92.0250030517578
9.14999771118164,92.05000305175781
9.12499771118164,99.92500152587891
9.174997711181641,99.92500152587891
9.12499771118164,99.8750015258789
9.174997711181641,99.8750015258789
9.14999771118164,99.9000015258789
9.12499771118164,100.025
9.174997711181641,100.025
9.12499771118164,99.975
9.174997711181641,99.975
9.14999771118164,100.0
9.12499771118164,100.07500305175782
9.174997711181641,100.07500305175782
9.12499771118164,100.0250030517578
9.174997711181641,100.0250030517578
9.14999771118164,100.05000305175781
9.12499771118164,100.1249984741211
9.174997711181641,100.1249984741211
9.12499771118164,100.07499847412109
9.174997711181641,100.07499847412109
9.14999771118164,100.0999984741211
9.12499771118164,104.3749984741211
9.174997711181641,104.3749984741211
9.12499771118164,104.32499847412109
9.174997711181641,104.32499847412109
9.14999771118164,104.3499984741211
9.12499771118164,106.17500152587891
9.174997711181641,106.17500152587891
9.12499771118164,106.1250015258789
9.174997711181641,106.1250015258789
9.14999771118164,106.1500015258789
9.12499771118164,106.2249969482422
9.174997711181641,106.2249969482422
9.12499771118164,106.17499694824218
9.174997711181641,106.17499694824218
9.14999771118164,106.19999694824219
9.12499771118164,106.275
9.174997711181641,106.275
9.12499771118164,106.225
9.174997711181641,106.225
9.14999771118164,106.25
9.12499771118164,106.32500305175782
9.174997711181641,106.32500305175782
9.12499771118164,106.2750030517578
9.174997711181641,106.2750030517578
9.14999771118164,106.30000305175781
9.12499771118164,106.42500152587891
9.174997711181641,106.42500152587891
9.12499771118164,106.3750015258789
9.174997711181641,106.3750015258789
9.14999771118164,106.4000015258789
9.12499771118164,106.4749969482422
9.174997711181641,106.4749969482422
9.12499771118164,106.42499694824218
9.174997711181641,106.42499694824218
9.14999771118164,106.44999694824219
9.12499771118164,107.2249969482422
9.174997711181641,107.2249969482422
9.12499771118164,107.17499694824218
9.174997711181641,107.17499694824218
9.14999771118164,107.19999694824219
9.12499771118164,107.275
9.174997711181641,107.275
9.12499771118164,107.225
9.174997711181641,107.225
9.14999771118164,107.25
9.12499771118164,107.57500305175782
9.174997711181641,107.57500305175782
9.12499771118164,107.5250030517578
9.174997711181641,107.5250030517578
9.14999771118164,107.55000305175781
9.12499771118164,107.67500152587891
9.174997711181641,107.67500152587891
9.12499771118164,107.6250015258789
9.174997711181641,107.6250015258789
9.14999771118164,107.6500015258789
9.12499771118164,107.7249969482422
9.174997711181641,107.7249969482422
9.12499771118164,107.67499694824218
9.174997711181641,107.67499694824218
9.14999771118164,107.69999694824219
9.12499771118164,108.025
9.174997711181641,108.025
9.12499771118164,107.975
9.174997711181641,107.975
9.14999771118164,108.0
9.074998474121093,100.025
9.124998474121094,100.025
9.074998474121093,99.975
9.124998474121094,99.975
9.099998474121094,100.0
9.074998474121093,104.775
9.124998474121094,104.775
9.074998474121093,104.725
9.124998474121094,104.725
9.099998474121094,104.75
9.074998474121093,105.8749984741211
9.124998474121094,105.8749984741211
9.074998474121093,105.82499847412109
9.124998474121094,105.82499847412109
9.099998474121094,105.8499984741211
9.074998474121093,106.025
9.124998474121094,106.025
9.074998474121093,105.975
9.124998474121094,105.975
9.099998474121094,106.0
9.074998474121093,106.07500305175782
9.124998474121094,106.07500305175782
9.074998474121093,106.0250030517578
9.124998474121094,106.0250030517578
9.099998474121094,106.05000305175781
9.074998474121093,106.1249984741211
9.124998474121094,106.1249984741211
9.074998474121093,106.07499847412109
9.124998474121094,106.07499847412109
9.099998474121094,106.0999984741211
9.074998474121093,106.17500152587891
9.124998474121094,106.17500152587891
9.074998474121093,106.1250015258789
9.124998474121094,106.1250015258789
9.099998474121094,106.1500015258789
9.074998474121093,106.2249969482422
9.124998474121094,106.2249969482422
9.074998474121093,106.17499694824218
9.124998474121094,106.17499694824218
9.099998474121094,106.19999694824219
9.074998474121093,106.275
9.124998474121094,106.275
9.074998474121093,106.225
9.124998474121094,106.225
9.099998474121094,106.25
9.074998474121093,106.32500305175782
9.124998474121094,106.32500305175782
9.074998474121093,106.2750030517578
9.124998474121094,106.2750030517578
9.099998474121094,106.30000305175781
9.074998474121093,107.07500305175782
9.124998474121094,107.07500305175782
9.074998474121093,107.0250030517578
9.124998474121094,107.0250030517578
9.099998474121094,107.05000305175781
9.074998474121093,107.1249984741211
9.124998474121094,107.1249984741211
9.074998474121093,107.07499847412109
9.124998474121094,107.07499847412109
9.099998474121094,107.0999984741211
9.074998474121093,107.2249969482422
9.124998474121094,107.2249969482422
9.074998474121093,107.17499694824218
9.124998474121094,107.17499694824218
9.099998474121094,107.19999694824219
9.074998474121093,107.275
9.124998474121094,107.275
9.074998474121093,107.225
9.124998474121094,107.225
9.099998474121094,107.25
9.074998474121093,107.3749984741211
9.124998474121094,107.3749984741211
9.074998474121093,107.32499847412109
9.124998474121094,107.32499847412109
9.099998474121094,107.3499984741211
9.074998474121093,107.525
9.124998474121094,107.525
9.074998474121093,107.475
9.124998474121094,107.475
9.099998474121094,107.5
9.074998474121093,107.6249984741211
9.124998474121094,107.6249984741211
9.074998474121093,107.57499847412109
9.124998474121094,107.57499847412109
9.099998474121094,107.5999984741211
9.074998474121093,107.7249969482422
9.124998474121094,107.7249969482422
9.074998474121093,107.67499694824218
9.124998474121094,107.67499694824218
9.099998474121094,107.69999694824219
9.074998474121093,107.775
9.124998474121094,107.775
9.074998474121093,107.725
9.124998474121094,107.725
9.099998474121094,107.75
9.024999237060547,91.42500152587891
9.074999237060547,91.42500152587891
9.024999237060547,91.3750015258789
9.074999237060547,91.3750015258789
9.049999237060547,91.4000015258789
9.024999237060547,99.9749969482422
9.074999237060547,99.9749969482422
9.024999237060547,99.92499694824218
9.074999237060547,99.92499694824218
9.049999237060547,99.94999694824219
9.024999237060547,104.775
9.074999237060547,104.775
9.024999237060547,104.725
9.074999237060547,104.725
9.049999237060547,104.75
9.024999237060547,105.8749984741211
9.074999237060547,105.8749984741211
9.024999237060547,105.82499847412109
9.074999237060547,105.82499847412109
9.049999237060547,105.8499984741211
9.024999237060547,106.17500152587891
9.074999237060547,106.17500152587891
9.024999237060547,106.1250015258789
9.074999237060547,106.1250015258789
9.049999237060547,106.1500015258789
9.024999237060547,106.2249969482422
9.074999237060547,106.2249969482422
9.024999237060547,106.17499694824218
9.074999237060547,106.17499694824218
9.049999237060547,106.19999694824219
9.024999237060547,106.275
9.074999237060547,106.275
9.024999237060547,106.225
9.074999237060547,106.225
9.049999237060547,106.25
9.024999237060547,107.17500152587891
9.074999237060547,107.17500152587891
9.024999237060547,107.1250015258789
9.074999237060547,107.1250015258789
9.049999237060547,107.1500015258789
9.024999237060547,107.4749969482422
9.074999237060547,107.4749969482422
9.024999237060547,107.42499694824218
9.074999237060547,107.42499694824218
9.049999237060547,107.44999694824219
9.024999237060547,107.67500152587891
9.074999237060547,107.67500152587891
9.024999237060547,107.6250015258789
9.074999237060547,107.6250015258789
9.049999237060547,107.6500015258789
9.024999237060547,107.92500152587891
9.074999237060547,107.92500152587891
9.024999237060547,107.8750015258789
9.074999237060547,107.8750015258789
9.049999237060547,107.9000015258789
8.975,92.025
9.025,92.025
8.975,91.975
9.025,91.975
9.0,92.0
8.975,98.2249969482422
9.025,98.2249969482422
8.975,98.17499694824218
9.025,98.17499694824218
9.0,98.19999694824219
8.975,100.025
9.025,100.025
8.975,99.975
9.025,99.975
9.0,100.0
8.975,101.57500305175782
9.025,101.57500305175782
8.975,101.5250030517578
9.025,101.5250030517578
9.0,101.55000305175781
8.975,104.67500152587891
9.025,104.67500152587891
8.975,104.6250015258789
9.025,104.6250015258789
9.0,104.6500015258789
8.975,105.7249969482422
9.025,105.7249969482422
8.975,105.67499694824218
9.025,105.67499694824218
9.0,105.69999694824219
8.975,105.775
9.025,105.775
8.975,105.725
9.025,105.725
9.0,105.75
8.975,105.8749984741211
9.025,105.8749984741211
8.975,105.82499847412109
9.025,105.82499847412109
9.0,105.8499984741211
8.975,105.92500152587891
9.025,105.92500152587891
8.975,105.8750015258789
9.025,105.8750015258789
9.0,105.9000015258789
8.975,106.07500305175782
9.025,106.07500305175782
8.975,106.0250030517578
9.025,106.0250030517578
9.0,106.05000305175781
8.975,106.1249984741211
9.025,106.1249984741211
8.975,106.07499847412109
9.025,106.07499847412109
9.0,106.0999984741211
8.975,106.17500152587891
9.025,106.17500152587891
8.975,106.1250015258789
9.025,106.1250015258789
9.0,106.1500015258789
8.975,106.2249969482422
9.025,106.2249969482422
8.975,106.17499694824218
9.025,106.17499694824218
9.0,106.19999694824219
8.975,106.275
9.025,106.275
8.975,106.225
9.025,106.225
9.0,106.25
8.975,106.32500305175782
9.025,106.32500305175782
8.975,106.2750030517578
9.025,106.2750030517578
9.0,106.30000305175781
8.975,106.3749984741211
9.025,106.3749984741211
8.975,106.32499847412109
9.025,106.32499847412109
9.0,106.3499984741211
8.975,106.42500152587891
9.025,106.42500152587891
8.975,106.3750015258789
9.025,106.3750015258789
9.0,106.4000015258789
8.975,106.57500305175782
9.025,106.57500305175782
8.975,106.5250030517578
9.025,106.5250030517578
9.0,106.55000305175781
8.975,106.67500152587891
9.025,106.67500152587891
8.975,106.6250015258789
9.025,106.6250015258789
9.0,106.6500015258789
8.975,106.7249969482422
9.025,106.7249969482422
8.975,106.67499694824218
9.025,106.67499694824218
9.0,106.69999694824219
8.975,107.07500305175782
9.025,107.07500305175782
8.975,107.0250030517578
9.025,107.0250030517578
9.0,107.05000305175781
8.975,107.42500152587891
9.025,107.42500152587891
8.975,107.3750015258789
9.025,107.3750015258789
9.0,107.4000015258789
8.975,107.57500305175782
9.025,107.57500305175782
8.975,107.5250030517578
9.025,107.5250030517578
9.0,107.55000305175781
8.975,107.6249984741211
9.025,107.6249984741211
8.975,107.57499847412109
9.025,107.57499847412109
9.0,107.5999984741211
8.975,107.8749984741211
9.025,107.8749984741211
8.975,107.82499847412109
9.025,107.82499847412109
9.0,107.8499984741211
8.975,111.9749969482422
9.025,111.9749969482422
8.975,111.92499694824218
9.025,111.92499694824218
9.0,111.94999694824219
8.925000762939453,104.4749969482422
8.975000762939453,104.4749969482422
8.925000762939453,104.42499694824218
8.975000762939453,104.42499694824218
8.950000762939453,104.44999694824219
8.925000762939453,104.67500152587891
8.975000762939453,104.67500152587891
8.925000762939453,104.6250015258789
8.975000762939453,104.6250015258789
8.950000762939453,104.6500015258789
8.925000762939453,104.7249969482422
8.975000762939453,104.7249969482422
8.925000762939453,104.67499694824218
8.975000762939453,104.67499694824218
8.950000762939453,104.69999694824219
8.925000762939453,105.775
8.975000762939453,105.775
8.925000762939453,105.725
8.975000762939453,105.725
8.950000762939453,105.75
8.925000762939453,106.1249984741211
8.975000762939453,106.1249984741211
8.925000762939453,106.07499847412109
8.975000762939453,106.07499847412109
8.950000762939453,106.0999984741211
8.925000762939453,106.2249969482422
8.975000762939453,106.2249969482422
8.925000762939453,106.17499694824218
8.975000762939453,106.17499694824218
8.950000762939453,106.19999694824219
8.925000762939453,106.3749984741211
8.975000762939453,106.3749984741211
8.925000762939453,106.32499847412109
8.975000762939453,106.32499847412109
8.950000762939453,106.3499984741211
8.925000762939453,106.82500305175782
8.975000762939453,106.82500305175782
8.925000762939453,106.7750030517578
8.975000762939453,106.7750030517578
8.950000762939453,106.80000305175781
8.925000762939453,106.92500152587891
8.975000762939453,106.92500152587891
8.925000762939453,106.8750015258789
8.975000762939453,106.8750015258789
8.950000762939453,106.9000015258789
8.925000762939453,107.025
8.975000762939453,107.025
8.925000762939453,106.975
8.975000762939453,106.975
8.950000762939453,107.0
8.925000762939453,107.07500305175782
8.975000762939453,107.07500305175782
8.925000762939453,107.0250030517578
8.975000762939453,107.0250030517578
8.950000762939453,107.05000305175781
8.925000762939453,107.1249984741211
8.975000762939453,107.1249984741211
8.925000762939453,107.07499847412109
8.975000762939453,107.07499847412109
8.950000762939453,107.0999984741211
8.925000762939453,107.32500305175782
8.975000762939453,107.32500305175782
8.925000762939453,107.2750030517578
8.975000762939453,107.2750030517578
8.950000762939453,107.30000305175781
8.925000762939453,107.3749984741211
8.975000762939453,107.3749984741211
8.925000762939453,107.32499847412109
8.975000762939453,107.32499847412109
8.950000762939453,107.3499984741211
8.925000762939453,107.42500152587891
8.975000762939453,107.42500152587891
8.925000762939453,107.3750015258789
8.975000762939453,107.3750015258789
8.950000762939453,107.4000015258789
8.925000762939453,107.4749969482422
8.975000762939453,107.4749969482422
8.925000762939453,107.42499694824218
8.975000762939453,107.42499694824218
8.950000762939453,107.44999694824219
8.925000762939453,107.57500305175782
8.975000762939453,107.57500305175782
8.925000762939453,107.5250030517578
8.975000762939453,107.5250030517578
8.950000762939453,107.55000305175781
8.925000762939453,107.6249984741211
8.975000762939453,107.6249984741211
8.925000762939453,107.57499847412109
8.975000762939453,107.57499847412109
8.950000762939453,107.5999984741211
8.925000762939453,107.67500152587891
8.975000762939453,107.67500152587891
8.925000762939453,107.6250015258789
8.975000762939453,107.6250015258789
8.950000762939453,107.6500015258789
8.925000762939453,107.775
8.975000762939453,107.775
8.925000762939453,107.725
8.975000762939453,107.725
8.950000762939453,107.75
8.925000762939453,108.17500152587891
8.975000762939453,108.17500152587891
8.925000762939453,108.1250015258789
8.975000762939453,108.1250015258789
8.950000762939453,108.1500015258789
8.925000762939453,111.775
8.975000762939453,111.775
8.925000762939453,111.725
8.975000762939453,111.725
8.950000762939453,111.75
8.87499771118164,98.2249969482422
8.924997711181641,98.2249969482422
8.87499771118164,98.17499694824218
8.924997711181641,98.17499694824218
8.89999771118164,98.19999694824219
8.87499771118164,102.92500152587891
8.924997711181641,102.92500152587891
8.87499771118164,102.8750015258789
8.924997711181641,102.8750015258789
8.89999771118164,102.9000015258789
8.87499771118164,104.525
8.924997711181641,104.525
8.87499771118164,104.475
8.924997711181641,104.475
8.89999771118164,104.5
8.87499771118164,104.67500152587891
8.924997711181641,104.67500152587891
8.87499771118164,104.6250015258789
8.924997711181641,104.6250015258789
8.89999771118164,104.6500015258789
8.87499771118164,105.67500152587891
8.924997711181641,105.67500152587891
8.87499771118164,105.6250015258789
8.924997711181641,105.6250015258789
8.89999771118164,105.6500015258789
8.87499771118164,105.9749969482422
8.924997711181641,105.9749969482422
8.87499771118164,105.92499694824218
8.924997711181641,105.92499694824218
8.89999771118164,105.94999694824219
8.87499771118164,106.025
8.924997711181641,106.025
8.87499771118164,105.975
8.924997711181641,105.975
8.89999771118164,106.0
8.87499771118164,106.17500152587891
8.924997711181641,106.17500152587891
8.87499771118164,106.1250015258789
8.924997711181641,106.1250015258789
8.89999771118164,106.1500015258789
8.87499771118164,106.275
8.924997711181641,106.275
8.87499771118164,106.225
8.924997711181641,106.225
8.89999771118164,106.25
8.87499771118164,106.4749969482422
8.924997711181641,106.4749969482422
8.87499771118164,106.42499694824218
8.924997711181641,106.42499694824218
8.89999771118164,106.44999694824219
8.87499771118164,106.6249984741211
8.924997711181641,106.6249984741211
8.87499771118164,106.57499847412109
8.924997711181641,106.57499847412109
8.89999771118164,106.5999984741211
8.87499771118164,106.92500152587891
8.924997711181641,106.92500152587891
8.87499771118164,106.8750015258789
8.924997711181641,106.8750015258789
8.89999771118164,106.9000015258789
8.87499771118164,107.07500305175782
8.924997711181641,107.07500305175782
8.87499771118164,107.0250030517578
8.924997711181641,107.0250030517578
8.89999771118164,107.05000305175781
8.87499771118164,107.32500305175782
8.924997711181641,107.32500305175782
8.87499771118164,107.2750030517578
8.924997711181641,107.2750030517578
8.89999771118164,107.30000305175781
8.87499771118164,107.3749984741211
8.924997711181641,107.3749984741211
8.87499771118164,107.32499847412109
8.924997711181641,107.32499847412109
8.89999771118164,107.3499984741211
8.87499771118164,107.67500152587891
8.924997711181641,107.67500152587891
8.87499771118164,107.6250015258789
8.924997711181641,107.6250015258789
8.89999771118164,107.6500015258789
8.87499771118164,107.7249969482422
8.924997711181641,107.7249969482422
8.87499771118164,107.67499694824218
8.924997711181641,107.67499694824218
8.89999771118164,107.69999694824219
8.87499771118164,107.775
8.924997711181641,107.775
8.87499771118164,107.725
8.924997711181641,107.725
8.89999771118164,107.75
8.87499771118164,107.82500305175782
8.924997711181641,107.82500305175782
8.87499771118164,107.7750030517578
8.924997711181641,107.7750030517578
8.89999771118164,107.80000305175781
8.824998474121093,100.025
8.874998474121094,100.025
8.824998474121093,99.975
8.874998474121094,99.975
8.849998474121094,100.0
8.824998474121093,105.6249984741211
8.874998474121094,105.6249984741211
8.824998474121093,105.57499847412109
8.874998474121094,105.57499847412109
8.849998474121094,105.5999984741211
8.824998474121093,106.07500305175782
8.874998474121094,106.07500305175782
8.824998474121093,106.0250030517578
8.874998474121094,106.0250030517578
8.849998474121094,106.05000305175781
8.824998474121093,106.525
8.874998474121094,106.525
8.824998474121093,106.475
8.874998474121094,106.475
8.849998474121094,106.5
8.824998474121093,106.775
8.874998474121094,106.775
8.824998474121093,106.725
8.874998474121094,106.725
8.849998474121094,106.75
8.824998474121093,106.82500305175782
8.874998474121094,106.82500305175782
8.824998474121093,106.7750030517578
8.874998474121094,106.7750030517578
8.849998474121094,106.80000305175781
8.824998474121093,106.8749984741211
8.874998474121094,106.8749984741211
8.824998474121093,106.82499847412109
8.874998474121094,106.82499847412109
8.849998474121094,106.8499984741211
8.824998474121093,107.025
8.874998474121094,107.025
8.824998474121093,106.975
8.874998474121094,106.975
8.849998474121094,107.0
8.824998474121093,107.07500305175782
8.874998474121094,107.07500305175782
8.824998474121093,107.0250030517578
8.874998474121094,107.0250030517578
8.849998474121094,107.05000305175781
8.824998474121093,107.17500152587891
8.874998474121094,107.17500152587891
8.824998474121093,107.1250015258789
8.874998474121094,107.1250015258789
8.849998474121094,107.1500015258789
8.824998474121093,107.32500305175782
8.874998474121094,107.32500305175782
8.824998474121093,107.2750030517578
8.874998474121094,107.2750030517578
8.849998474121094,107.30000305175781
8.824998474121093,107.3749984741211
8.874998474121094,107.3749984741211
8.824998474121093,107.32499847412109
8.874998474121094,107.32499847412109
8.849998474121094,107.3499984741211
8.824998474121093,107.42500152587891
8.874998474121094,107.42500152587891
8.824998474121093,107.3750015258789
8.874998474121094,107.3750015258789
8.849998474121094,107.4000015258789
8.824998474121093,107.525
8.874998474121094,107.525
8.824998474121093,107.475
8.874998474121094,107.475
8.849998474121094,107.5
8.824998474121093,107.6249984741211
8.874998474121094,107.6249984741211
8.824998474121093,107.57499847412109
8.874998474121094,107.57499847412109
8.849998474121094,107.5999984741211
8.824998474121093,107.67500152587891
8.874998474121094,107.67500152587891
8.824998474121093,107.6250015258789
8.874998474121094,107.6250015258789
8.849998474121094,107.6500015258789
8.824998474121093,112.57500305175782
8.874998474121094,112.57500305175782
8.824998474121093,112.5250030517578
8.874998474121094,112.5250030517578
8.849998474121094,112.55000305175781
8.774999237060547,100.025
8.824999237060547,100.025
8.774999237060547,99.975
8.824999237060547,99.975
8.799999237060547,100.0
8.774999237060547,103.82500305175782
8.824999237060547,103.82500305175782
8.774999237060547,103.7750030517578
8.824999237060547,103.7750030517578
8.799999237060547,103.80000305175781
8.774999237060547,105.67500152587891
8.824999237060547,105.67500152587891
8.774999237060547,105.6250015258789
8.824999237060547,105.6250015258789
8.799999237060547,105.6500015258789
8.774999237060547,105.7249969482422
8.824999237060547,105.7249969482422
8.774999237060547,105.67499694824218
8.824999237060547,105.67499694824218
8.799999237060547,105.69999694824219
8.774999237060547,105.775
8.824999237060547,105.775
8.774999237060547,105.725
8.824999237060547,105.725
8.799999237060547,105.75
8.774999237060547,106.025
8.824999237060547,106.025
8.774999237060547,105.975
8.824999237060547,105.975
8.799999237060547,106.0
8.774999237060547,106.07500305175782
8.824999237060547,106.07500305175782
8.774999237060547,106.0250030517578
8.824999237060547,106.0250030517578
8.799999237060547,106.05000305175781
8.774999237060547,106.1249984741211
8.824999237060547,106.1249984741211
8.774999237060547,106.07499847412109
8.824999237060547,106.07499847412109
8.799999237060547,106.0999984741211
8.774999237060547,106.57500305175782
8.824999237060547,106.57500305175782
8.774999237060547,106.5250030517578
8.824999237060547,106.5250030517578
8.799999237060547,106.55000305175781
8.774999237060547,106.8749984741211
8.824999237060547,106.8749984741211
8.774999237060547,106.82499847412109
8.824999237060547,106.82499847412109
8.799999237060547,106.8499984741211
8.774999237060547,107.32500305175782
8.824999237060547,107.32500305175782
8.774999237060547,107.2750030517578
8.824999237060547,107.2750030517578
8.799999237060547,107.30000305175781
8.774999237060547,107.3749984741211
8.824999237060547,107.3749984741211
8.774999237060547,107.32499847412109
8.824999237060547,107.32499847412109
8.799999237060547,107.3499984741211
8.774999237060547,107.525
8.824999237060547,107.525
8.774999237060547,107.475
8.824999237060547,107.475
8.799999237060547,107.5
8.774999237060547,107.57500305175782
8.824999237060547,107.57500305175782
8.774999237060547,107.5250030517578
8.824999237060547,107.5250030517578
8.799999237060547,107.55000305175781
8.725,105.67500152587891
8.775,105.67500152587891
8.725,105.6250015258789
8.775,105.6250015258789
8.75,105.6500015258789
8.725,105.7249969482422
8.775,105.7249969482422
8.725,105.67499694824218
8.775,105.67499694824218
8.75,105.69999694824219
8.725,105.775
8.775,105.775
8.725,105.725
8.775,105.725
8.75,105.75
8.725,106.07500305175782
8.775,106.07500305175782
8.725,106.0250030517578
8.775,106.0250030517578
8.75,106.05000305175781
8.725,106.1249984741211
8.775,106.1249984741211
8.725,106.07499847412109
8.775,106.07499847412109
8.75,106.0999984741211
8.725,107.32500305175782
8.775,107.32500305175782
8.725,107.2750030517578
8.775,107.2750030517578
8.75,107.30000305175781
8.725,107.4749969482422
8.775,107.4749969482422
8.725,107.42499694824218
8.775,107.42499694824218
8.75,107.44999694824219
8.725,107.525
8.775,107.525
8.725,107.475
8.775,107.475
8.75,107.5
8.725,114.17500152587891
8.775,114.17500152587891
8.725,114.1250015258789
8.775,114.1250015258789
8.75,114.1500015258789
8.725,124.62500610351563
8.775,124.62500610351563
8.725,124.57500610351562
8.775,124.57500610351562
8.75,124.60000610351562
8.675000762939453,100.07500305175782
8.725000762939453,100.07500305175782
8.675000762939453,100.0250030517578
8.725000762939453,100.0250030517578
8.700000762939453,100.05000305175781
8.675000762939453,100.1249984741211
8.725000762939453,100.1249984741211
8.675000762939453,100.07499847412109
8.725000762939453,100.07499847412109
8.700000762939453,100.0999984741211
8.675000762939453,100.2249969482422
8.725000762939453,100.2249969482422
8.675000762939453,100.17499694824218
8.725000762939453,100.17499694824218
8.700000762939453,100.19999694824219
8.675000762939453,105.6249984741211
8.725000762939453,105.6249984741211
8.675000762939453,105.57499847412109
8.725000762939453,105.57499847412109
8.700000762939453,105.5999984741211
8.675000762939453,105.67500152587891
8.725000762939453,105.67500152587891
8.675000762939453,105.6250015258789
8.725000762939453,105.6250015258789
8.700000762939453,105.6500015258789
8.675000762939453,105.7249969482422
8.725000762939453,105.7249969482422
8.675000762939453,105.67499694824218
8.725000762939453,105.67499694824218
8.700000762939453,105.69999694824219
8.675000762939453,105.775
8.725000762939453,105.775
8.675000762939453,105.725
8.725000762939453,105.725
8.700000762939453,105.75
8.675000762939453,105.8749984741211
8.725000762939453,105.8749984741211
8.675000762939453,105.82499847412109
8.725000762939453,105.82499847412109
8.700000762939453,105.8499984741211
8.675000762939453,105.92500152587891
8.725000762939453,105.92500152587891
8.675000762939453,105.8750015258789
8.725000762939453,105.8750015258789
8.700000762939453,105.9000015258789
8.675000762939453,105.9749969482422
8.725000762939453,105.9749969482422
8.675000762939453,105.92499694824218
8.725000762939453,105.92499694824218
8.700000762939453,105.94999694824219
8.675000762939453,106.025
8.725000762939453,106.025
8.675000762939453,105.975
8.725000762939453,105.975
8.700000762939453,106.0
8.675000762939453,106.07500305175782
8.725000762939453,106.07500305175782
8.675000762939453,106.0250030517578
8.725000762939453,106.0250030517578
8.700000762939453,106.05000305175781
8.675000762939453,107.42500152587891
8.725000762939453,107.42500152587891
8.675000762939453,107.3750015258789
8.725000762939453,107.3750015258789
8.700000762939453,107.4000015258789
8.675000762939453,107.4749969482422
8.725000762939453,107.4749969482422
8.675000762939453,107.42499694824218
8.725000762939453,107.42499694824218
8.700000762939453,107.44999694824219
8.62499771118164,100.07500305175782
8.674997711181641,100.07500305175782
8.62499771118164,100.0250030517578
8.674997711181641,100.0250030517578
8.64999771118164,100.05000305175781
8.62499771118164,100.275
8.674997711181641,100.275
8.62499771118164,100.225
8.674997711181641,100.225
8.64999771118164,100.25
8.62499771118164,104.3749984741211
8.674997711181641,104.3749984741211
8.62499771118164,104.32499847412109
8.674997711181641,104.32499847412109
8.64999771118164,104.3499984741211
8.62499771118164,105.57500305175782
8.674997711181641,105.57500305175782
8.62499771118164,105.5250030517578
8.674997711181641,105.5250030517578
8.64999771118164,105.55000305175781
8.62499771118164,105.6249984741211
8.674997711181641,105.6249984741211
8.62499771118164,105.57499847412109
8.674997711181641,105.57499847412109
8.64999771118164,105.5999984741211
8.62499771118164,105.67500152587891
8.674997711181641,105.67500152587891
8.62499771118164,105.6250015258789
8.674997711181641,105.6250015258789
8.64999771118164,105.6500015258789
8.62499771118164,105.7249969482422
8.674997711181641,105.7249969482422
8.62499771118164,105.67499694824218
8.674997711181641,105.67499694824218
8.64999771118164,105.69999694824219
8.62499771118164,105.775
8.674997711181641,105.775
8.62499771118164,105.725
8.674997711181641,105.725
8.64999771118164,105.75
8.62499771118164,105.82500305175782
8.674997711181641,105.82500305175782
8.62499771118164,105.7750030517578
8.674997711181641,105.7750030517578
8.64999771118164,105.80000305175781
8.62499771118164,105.92500152587891
8.674997711181641,105.92500152587891
8.62499771118164,105.8750015258789
8.674997711181641,105.8750015258789
8.64999771118164,105.9000015258789
8.62499771118164,105.9749969482422
8.674997711181641,105.9749969482422
8.62499771118164,105.92499694824218
8.674997711181641,105.92499694824218
8.64999771118164,105.94999694824219
8.62499771118164,106.025
8.674997711181641,106.025
8.62499771118164,105.975
8.674997711181641,105.975
8.64999771118164,106.0
8.62499771118164,106.17500152587891
8.674997711181641,106.17500152587891
8.62499771118164,106.1250015258789
8.674997711181641,106.1250015258789
8.64999771118164,106.1500015258789
8.62499771118164,106.525
8.674997711181641,106.525
8.62499771118164,106.475
8.674997711181641,106.475
8.64999771118164,106.5
8.574998474121093,100.32500305175782
8.624998474121094,100.32500305175782
8.574998474121093,100.2750030517578
8.624998474121094,100.2750030517578
8.599998474121094,100.30000305175781
8.574998474121093,105.42500152587891
8.624998474121094,105.42500152587891
8.574998474121093,105.3750015258789
8.624998474121094,105.3750015258789
8.599998474121094,105.4000015258789
8.574998474121093,105.525
8.624998474121094,105.525
8.574998474121093,105.475
8.624998474121094,105.475
8.599998474121094,105.5
8.574998474121093,105.67500152587891
8.624998474121094,105.67500152587891
8.574998474121093,105.6250015258789
8.624998474121094,105.6250015258789
8.599998474121094,105.6500015258789
8.574998474121093,105.7249969482422
8.624998474121094,105.7249969482422
8.574998474121093,105.67499694824218
8.624998474121094,105.67499694824218
8.599998474121094,105.69999694824219
8.574998474121093,105.775
8.624998474121094,105.775
8.574998474121093,105.725
8.624998474121094,105.725
8.599998474121094,105.75
8.574998474121093,105.82500305175782
8.624998474121094,105.82500305175782
8.574998474121093,105.7750030517578
8.624998474121094,105.7750030517578
8.599998474121094,105.80000305175781
8.574998474121093,105.8749984741211
8.624998474121094,105.8749984741211
8.574998474121093,105.82499847412109
8.624998474121094,105.82499847412109
8.599998474121094,105.8499984741211
8.574998474121093,105.9749969482422
8.624998474121094,105.9749969482422
8.574998474121093,105.92499694824218
8.624998474121094,105.92499694824218
8.599998474121094,105.94999694824219
8.574998474121093,106.07500305175782
8.624998474121094,106.07500305175782
8.574998474121093,106.0250030517578
8.624998474121094,106.0250030517578
8.599998474121094,106.05000305175781
8.524999237060547,100.3749984741211
8.574999237060547,100.3749984741211
8.524999237060547,100.32499847412109
8.574999237060547,100.32499847412109
8.549999237060547,100.3499984741211
8.524999237060547,103.9749969482422
8.574999237060547,103.9749969482422
8.524999237060547,103.92499694824218
8.574999237060547,103.92499694824218
8.549999237060547,103.94999694824219
8.524999237060547,104.1249984741211
8.574999237060547,104.1249984741211
8.524999237060547,104.07499847412109
8.574999237060547,104.07499847412109
8.549999237060547,104.0999984741211
8.524999237060547,105.3749984741211
8.574999237060547,105.3749984741211
8.524999237060547,105.32499847412109
8.574999237060547,105.32499847412109
8.549999237060547,105.3499984741211
8.524999237060547,105.42500152587891
8.574999237060547,105.42500152587891
8.524999237060547,105.3750015258789
8.574999237060547,105.3750015258789
8.549999237060547,105.4000015258789
8.524999237060547,105.4749969482422
8.574999237060547,105.4749969482422
8.524999237060547,105.42499694824218
8.574999237060547,105.42499694824218
8.549999237060547,105.44999694824219
8.524999237060547,105.57500305175782
8.574999237060547,105.57500305175782
8.524999237060547,105.5250030517578
8.574999237060547,105.5250030517578
8.549999237060547,105.55000305175781
8.524999237060547,105.67500152587891
8.574999237060547,105.67500152587891
8.524999237060547,105.6250015258789
8.574999237060547,105.6250015258789
8.549999237060547,105.6500015258789
8.524999237060547,105.775
8.574999237060547,105.775
8.524999237060547,105.725
8.574999237060547,105.725
8.549999237060547,105.75
8.524999237060547,105.8749984741211
8.574999237060547,105.8749984741211
8.524999237060547,105.82499847412109
8.574999237060547,105.82499847412109
8.549999237060547,105.8499984741211
8.524999237060547,105.92500152587891
8.574999237060547,105.92500152587891
8.524999237060547,105.8750015258789
8.574999237060547,105.8750015258789
8.549999237060547,105.9000015258789
8.524999237060547,106.2249969482422
8.574999237060547,106.2249969482422
8.524999237060547,106.17499694824218
8.574999237060547,106.17499694824218
8.549999237060547,106.19999694824219
8.524999237060547,106.7249969482422
8.574999237060547,106.7249969482422
8.524999237060547,106.67499694824218
8.574999237060547,106.67499694824218
8.549999237060547,106.69999694824219
8.524999237060547,106.775
8.574999237060547,106.775
8.524999237060547,106.725
8.574999237060547,106.725
8.549999237060547,106.75
8.475,103.32500305175782
8.525,103.32500305175782
8.475,103.2750030517578
8.525,103.2750030517578
8.5,103.30000305175781
8.475,103.9749969482422
8.525,103.9749969482422
8.475,103.92499694824218
8.525,103.92499694824218
8.5,103.94999694824219
8.475,104.1249984741211
8.525,104.1249984741211
8.475,104.07499847412109
8.525,104.07499847412109
8.5,104.0999984741211
8.475,104.17500152587891
8.525,104.17500152587891
8.475,104.1250015258789
8.525,104.1250015258789
8.5,104.1500015258789
8.475,105.17500152587891
8.525,105.17500152587891
8.475,105.1250015258789
8.525,105.1250015258789
8.5,105.1500015258789
8.475,105.525
8.525,105.525
8.475,105.475
8.525,105.475
8.5,105.5
8.475,105.7249969482422
8.525,105.7249969482422
8.475,105.67499694824218
8.525,105.67499694824218
8.5,105.69999694824219
8.475,105.9749969482422
8.525,105.9749969482422
8.475,105.92499694824218
8.525,105.92499694824218
8.5,105.94999694824219
8.475,106.025
8.525,106.025
8.475,105.975
8.525,105.975
8.5,106.0
8.475,106.07500305175782
8.525,106.07500305175782
8.475,106.0250030517578
8.525,106.0250030517578
8.5,106.05000305175781
8.475,106.1249984741211
8.525,106.1249984741211
8.475,106.07499847412109
8.525,106.07499847412109
8.5,106.0999984741211
8.475,106.17500152587891
8.525,106.17500152587891
8.475,106.1250015258789
8.525,106.1250015258789
8.5,106.1500015258789
8.425000762939453,90.9749969482422
8.475000762939453,90.9749969482422
8.425000762939453,90.92499694824218
8.475000762939453,90.92499694824218
8.450000762939453,90.94999694824219
8.425000762939453,100.3749984741211
8.475000762939453,100.3749984741211
8.425000762939453,100.32499847412109
8.475000762939453,100.32499847412109
8.450000762939453,100.3499984741211
8.425000762939453,100.42500152587891
8.475000762939453,100.42500152587891
8.425000762939453,100.3750015258789
8.475000762939453,100.3750015258789
8.450000762939453,100.4000015258789
8.425000762939453,103.8749984741211
8.475000762939453,103.8749984741211
8.425000762939453,103.82499847412109
8.475000762939453,103.82499847412109
8.450000762939453,103.8499984741211
8.425000762939453,103.9749969482422
8.475000762939453,103.9749969482422
8.425000762939453,103.92499694824218
8.475000762939453,103.92499694824218
8.450000762939453,103.94999694824219
8.425000762939453,105.1249984741211
8.475000762939453,105.1249984741211
8.425000762939453,105.07499847412109
8.475000762939453,105.07499847412109
8.450000762939453,105.0999984741211
8.425000762939453,105.275
8.475000762939453,105.275
8.425000762939453,105.225
8.475000762939453,105.225
8.450000762939453,105.25
8.425000762939453,105.32500305175782
8.475000762939453,105.32500305175782
8.425000762939453,105.2750030517578
8.475000762939453,105.2750030517578
8.450000762939453,105.30000305175781
8.425000762939453,106.1249984741211
8.475000762939453,106.1249984741211
8.425000762939453,106.07499847412109
8.475000762939453,106.07499847412109
8.450000762939453,106.0999984741211
8.425000762939453,107.17500152587891
8.475000762939453,107.17500152587891
8.425000762939453,107.1250015258789
8.475000762939453,107.1250015258789
8.450000762939453,107.1500015258789
8.37499771118164,100.42500152587891
8.424997711181641,100.42500152587891
8.37499771118164,100.3750015258789
8.424997711181641,100.3750015258789
8.39999771118164,100.4000015258789
8.37499771118164,103.82500305175782
8.424997711181641,103.82500305175782
8.37499771118164,103.7750030517578
8.424997711181641,103.7750030517578
8.39999771118164,103.80000305175781
8.37499771118164,103.92500152587891
8.424997711181641,103.92500152587891
8.37499771118164,103.8750015258789
8.424997711181641,103.8750015258789
8.39999771118164,103.9000015258789
8.37499771118164,104.4749969482422
8.424997711181641,104.4749969482422
8.37499771118164,104.42499694824218
8.424997711181641,104.42499694824218
8.39999771118164,104.44999694824219
8.37499771118164,105.32500305175782
8.424997711181641,105.32500305175782
8.37499771118164,105.2750030517578
8.424997711181641,105.2750030517578
8.39999771118164,105.30000305175781
8.37499771118164,105.42500152587891
8.424997711181641,105.42500152587891
8.37499771118164,105.3750015258789
8.424997711181641,105.3750015258789
8.39999771118164,105.4000015258789
8.37499771118164,105.525
8.424997711181641,105.525
8.37499771118164,105.475
8.424997711181641,105.475
8.39999771118164,105.5
8.37499771118164,106.07500305175782
8.424997711181641,106.07500305175782
8.37499771118164,106.0250030517578
8.424997711181641,106.0250030517578
8.39999771118164,106.05000305175781
8.37499771118164,106.2249969482422
8.424997711181641,106.2249969482422
8.37499771118164,106.17499694824218
8.424997711181641,106.17499694824218
8.39999771118164,106.19999694824219
8.37499771118164,106.32500305175782
8.424997711181641,106.32500305175782
8.37499771118164,106.2750030517578
8.424997711181641,106.2750030517578
8.39999771118164,106.30000305175781
8.324998474121093,100.42500152587891
8.374998474121094,100.42500152587891
8.324998474121093,100.3750015258789
8.374998474121094,100.3750015258789
8.349998474121094,100.4000015258789
8.324998474121093,100.4749969482422
8.374998474121094,100.4749969482422
8.324998474121093,100.42499694824218
8.374998474121094,100.42499694824218
8.349998474121094,100.44999694824219
8.324998474121093,103.025
8.374998474121094,103.025
8.324998474121093,102.975
8.374998474121094,102.975
8.349998474121094,103.0
8.324998474121093,103.3749984741211
8.374998474121094,103.3749984741211
8.324998474121093,103.32499847412109
8.374998474121094,103.32499847412109
8.349998474121094,103.3499984741211
8.324998474121093,103.82500305175782
8.374998474121094,103.82500305175782
8.324998474121093,103.7750030517578
8.374998474121094,103.7750030517578
8.349998474121094,103.80000305175781
8.324998474121093,103.8749984741211
8.374998474121094,103.8749984741211
8.324998474121093,103.82499847412109
8.374998474121094,103.82499847412109
8.349998474121094,103.8499984741211
8.324998474121093,103.9749969482422
8.374998474121094,103.9749969482422
8.324998474121093,103.92499694824218
8.374998474121094,103.92499694824218
8.349998474121094,103.94999694824219
8.324998474121093,104.07500305175782
8.374998474121094,104.07500305175782
8.324998474121093,104.0250030517578
8.374998474121094,104.0250030517578
8.349998474121094,104.05000305175781
8.324998474121093,104.1249984741211
8.374998474121094,104.1249984741211
8.324998474121093,104.07499847412109
8.374998474121094,104.07499847412109
8.349998474121094,104.0999984741211
8.324998474121093,104.2249969482422
8.374998474121094,104.2249969482422
8.324998474121093,104.17499694824218
8.374998474121094,104.17499694824218
8.349998474121094,104.19999694824219
8.324998474121093,104.275
8.374998474121094,104.275
8.324998474121093,104.225
8.374998474121094,104.225
8.349998474121094,104.25
8.324998474121093,105.07500305175782
8.374998474121094,105.07500305175782
8.324998474121093,105.0250030517578
8.374998474121094,105.0250030517578
8.349998474121094,105.05000305175781
8.324998474121093,105.42500152587891
8.374998474121094,105.42500152587891
8.324998474121093,105.3750015258789
8.374998474121094,105.3750015258789
8.349998474121094,105.4000015258789
8.324998474121093,105.57500305175782
8.374998474121094,105.57500305175782
8.324998474121093,105.5250030517578
8.374998474121094,105.5250030517578
8.349998474121094,105.55000305175781
8.324998474121093,106.025
8.374998474121094,106.025
8.324998474121093,105.975
8.374998474121094,105.975
8.349998474121094,106.0
8.324998474121093,106.525
8.374998474121094,106.525
8.324998474121093,106.475
8.374998474121094,106.475
8.349998474121094,106.5
8.274999237060547,100.42500152587891
8.324999237060547,100.42500152587891
8.274999237060547,100.3750015258789
8.324999237060547,100.3750015258789
8.299999237060547,100.4000015258789
8.274999237060547,102.525
8.324999237060547,102.525
8.274999237060547,102.475
8.324999237060547,102.475
8.299999237060547,102.5
8.274999237060547,102.9749969482422
8.324999237060547,102.9749969482422
8.274999237060547,102.92499694824218
8.324999237060547,102.92499694824218
8.299999237060547,102.94999694824219
8.274999237060547,103.775
8.324999237060547,103.775
8.274999237060547,103.725
8.324999237060547,103.725
8.299999237060547,103.75
8.274999237060547,103.82500305175782
8.324999237060547,103.82500305175782
8.274999237060547,103.7750030517578
8.324999237060547,103.7750030517578
8.299999237060547,103.80000305175781
8.274999237060547,103.8749984741211
8.324999237060547,103.8749984741211
8.274999237060547,103.82499847412109
8.324999237060547,103.82499847412109
8.299999237060547,103.8499984741211
8.274999237060547,104.17500152587891
8.324999237060547,104.17500152587891
8.274999237060547,104.1250015258789
8.324999237060547,104.1250015258789
8.299999237060547,104.1500015258789
8.274999237060547,104.32500305175782
8.324999237060547,104.32500305175782
8.274999237060547,104.2750030517578
8.324999237060547,104.2750030517578
8.299999237060547,104.30000305175781
8.274999237060547,104.4749969482422
8.324999237060547,104.4749969482422
8.274999237060547,104.42499694824218
8.324999237060547,104.42499694824218
8.299999237060547,104.44999694824219
8.274999237060547,104.6249984741211
8.324999237060547,104.6249984741211
8.274999237060547,104.57499847412109
8.324999237060547,104.57499847412109
8.299999237060547,104.5999984741211
8.274999237060547,105.025
8.324999237060547,105.025
8.274999237060547,104.975
8.324999237060547,104.975
8.299999237060547,105.0
8.274999237060547,105.3749984741211
8.324999237060547,105.3749984741211
8.274999237060547,105.32499847412109
8.324999237060547,105.32499847412109
8.299999237060547,105.3499984741211
8.274999237060547,105.42500152587891
8.324999237060547,105.42500152587891
8.274999237060547,105.3750015258789
8.324999237060547,105.3750015258789
8.299999237060547,105.4000015258789
8.274999237060547,110.17500152587891
8.324999237060547,110.17500152587891
8.274999237060547,110.1250015258789
8.324999237060547,110.1250015258789
8.299999237060547,110.1500015258789
8.225,102.525
8.275,102.525
8.225,102.475
8.275,102.475
8.25,102.5
8.225,103.67500152587891
8.275,103.67500152587891
8.225,103.6250015258789
8.275,103.6250015258789
8.25,103.6500015258789
8.225,103.7249969482422
8.275,103.7249969482422
8.225,103.67499694824218
8.275,103.67499694824218
8.25,103.69999694824219
8.225,103.8749984741211
8.275,103.8749984741211
8.225,103.82499847412109
8.275,103.82499847412109
8.25,103.8499984741211
8.225,103.92500152587891
8.275,103.92500152587891
8.225,103.8750015258789
8.275,103.8750015258789
8.25,103.9000015258789
8.225,103.9749969482422
8.275,103.9749969482422
8.225,103.92499694824218
8.275,103.92499694824218
8.25,103.94999694824219
8.225,104.07500305175782
8.275,104.07500305175782
8.225,104.0250030517578
8.275,104.0250030517578
8.25,104.05000305175781
8.225,104.3749984741211
8.275,104.3749984741211
8.225,104.32499847412109
8.275,104.32499847412109
8.25,104.3499984741211
8.225,104.4749969482422
8.275,104.4749969482422
8.225,104.42499694824218
8.275,104.42499694824218
8.25,104.44999694824219
8.225,105.275
8.275,105.275
8.225,105.225
8.275,105.225
8.25,105.25
8.225,105.3749984741211
8.275,105.3749984741211
8.225,105.32499847412109
8.275,105.32499847412109
8.25,105.3499984741211
8.225,105.42500152587891
8.275,105.42500152587891
8.225,105.3750015258789
8.275,105.3750015258789
8.25,105.4000015258789
8.225,105.4749969482422
8.275,105.4749969482422
8.225,105.42499694824218
8.275,105.42499694824218
8.25,105.44999694824219
8.225,105.525
8.275,105.525
8.225,105.475
8.275,105.475
8.25,105.5
8.225,105.7249969482422
8.275,105.7249969482422
8.225,105.67499694824218
8.275,105.67499694824218
8.25,105.69999694824219
8.175000762939453,100.42500152587891
8.225000762939453,100.42500152587891
8.175000762939453,100.3750015258789
8.225000762939453,100.3750015258789
8.200000762939453,100.4000015258789
8.175000762939453,102.6249984741211
8.225000762939453,102.6249984741211
8.175000762939453,102.57499847412109
8.225000762939453,102.57499847412109
8.200000762939453,102.5999984741211
8.175000762939453,103.57500305175782
8.225000762939453,103.57500305175782
8.175000762939453,103.5250030517578
8.225000762939453,103.5250030517578
8.200000762939453,103.55000305175781
8.175000762939453,103.67500152587891
8.225000762939453,103.67500152587891
8.175000762939453,103.6250015258789
8.225000762939453,103.6250015258789
8.200000762939453,103.6500015258789
8.175000762939453,103.7249969482422
8.225000762939453,103.7249969482422
8.175000762939453,103.67499694824218
8.225000762939453,103.67499694824218
8.200000762939453,103.69999694824219
8.175000762939453,103.775
8.225000762939453,103.775
8.175000762939453,103.725
8.225000762939453,103.725
8.200000762939453,103.75
8.175000762939453,103.82500305175782
8.225000762939453,103.82500305175782
8.175000762939453,103.7750030517578
8.225000762939453,103.7750030517578
8.200000762939453,103.80000305175781
8.175000762939453,103.8749984741211
8.225000762939453,103.8749984741211
8.175000762939453,103.82499847412109
8.225000762939453,103.82499847412109
8.200000762939453,103.8499984741211
8.175000762939453,103.92500152587891
8.225000762939453,103.92500152587891
8.175000762939453,103.8750015258789
8.225000762939453,103.8750015258789
8.200000762939453,103.9000015258789
8.175000762939453,104.025
8.225000762939453,104.025
8.175000762939453,103.975
8.225000762939453,103.975
8.200000762939453,104.0
8.175000762939453,104.32500305175782
8.225000762939453,104.32500305175782
8.175000762939453,104.2750030517578
8.225000762939453,104.2750030517578
8.200000762939453,104.30000305175781
8.175000762939453,104.42500152587891
8.225000762939453,104.42500152587891
8.175000762939453,104.3750015258789
8.225000762939453,104.3750015258789
8.200000762939453,104.4000015258789
8.175000762939453,104.4749969482422
8.225000762939453,104.4749969482422
8.175000762939453,104.42499694824218
8.225000762939453,104.42499694824218
8.200000762939453,104.44999694824219
8.175000762939453,104.9749969482422
8.225000762939453,104.9749969482422
8.175000762939453,104.92499694824218
8.225000762939453,104.92499694824218
8.200000762939453,104.94999694824219
8.175000762939453,105.32500305175782
8.225000762939453,105.32500305175782
8.175000762939453,105.2750030517578
8.225000762939453,105.2750030517578
8.200000762939453,105.30000305175781
8.175000762939453,105.42500152587891
8.225000762939453,105.42500152587891
8.175000762939453,105.3750015258789
8.225000762939453,105.3750015258789
8.200000762939453,105.4000015258789
8.175000762939453,105.525
8.225000762939453,105.525
8.175000762939453,105.475
8.225000762939453,105.475
8.200000762939453,105.5
8.175000762939453,105.57500305175782
8.225000762939453,105.57500305175782
8.175000762939453,105.5250030517578
8.225000762939453,105.5250030517578
8.200000762939453,105.55000305175781
8.175000762939453,105.6249984741211
8.225000762939453,105.6249984741211
8.175000762939453,105.57499847412109
8.225000762939453,105.57499847412109
8.200000762939453,105.5999984741211
8.175000762939453,105.775
8.225000762939453,105.775
8.175000762939453,105.725
8.225000762939453,105.725
8.200000762939453,105.75
8.12499771118164,100.4749969482422
8.174997711181641,100.4749969482422
8.12499771118164,100.42499694824218
8.174997711181641,100.42499694824218
8.14999771118164,100.44999694824219
8.12499771118164,100.525
8.174997711181641,100.525
8.12499771118164,100.475
8.174997711181641,100.475
8.14999771118164,100.5
8.12499771118164,102.775
8.174997711181641,102.775
8.12499771118164,102.725
8.174997711181641,102.725
8.14999771118164,102.75
8.12499771118164,103.525
8.174997711181641,103.525
8.12499771118164,103.475
8.174997711181641,103.475
8.14999771118164,103.5
8.12499771118164,103.57500305175782
8.174997711181641,103.57500305175782
8.12499771118164,103.5250030517578
8.174997711181641,103.5250030517578
8.14999771118164,103.55000305175781
8.12499771118164,103.7249969482422
8.174997711181641,103.7249969482422
8.12499771118164,103.67499694824218
8.174997711181641,103.67499694824218
8.14999771118164,103.69999694824219
8.12499771118164,103.775
8.174997711181641,103.775
8.12499771118164,103.725
8.174997711181641,103.725
8.14999771118164,103.75
8.12499771118164,103.8749984741211
8.174997711181641,103.8749984741211
8.12499771118164,103.82499847412109
8.174997711181641,103.82499847412109
8.14999771118164,103.8499984741211
8.12499771118164,104.275
8.174997711181641,104.275
8.12499771118164,104.225
8.174997711181641,104.225
8.14999771118164,104.25
8.12499771118164,104.4749969482422
8.174997711181641,104.4749969482422
8.12499771118164,104.42499694824218
8.174997711181641,104.42499694824218
8.14999771118164,104.44999694824219
8.12499771118164,104.525
8.174997711181641,104.525
8.12499771118164,104.475
8.174997711181641,104.475
8.14999771118164,104.5
8.12499771118164,104.57500305175782
8.174997711181641,104.57500305175782
8.12499771118164,104.5250030517578
8.174997711181641,104.5250030517578
8.14999771118164,104.55000305175781
8.12499771118164,104.6249984741211
8.174997711181641,104.6249984741211
8.12499771118164,104.57499847412109
8.174997711181641,104.57499847412109
8.14999771118164,104.5999984741211
8.12499771118164,105.07500305175782
8.174997711181641,105.07500305175782
8.12499771118164,105.0250030517578
8.174997711181641,105.0250030517578
8.14999771118164,105.05000305175781
8.12499771118164,105.42500152587891
8.174997711181641,105.42500152587891
8.12499771118164,105.3750015258789
8.174997711181641,105.3750015258789
8.14999771118164,105.4000015258789
8.12499771118164,105.4749969482422
8.174997711181641,105.4749969482422
8.12499771118164,105.42499694824218
8.174997711181641,105.42499694824218
8.14999771118164,105.44999694824219
8.12499771118164,105.67500152587891
8.174997711181641,105.67500152587891
8.12499771118164,105.6250015258789
8.174997711181641,105.6250015258789
8.14999771118164,105.6500015258789
8.12499771118164,105.7249969482422
8.174997711181641,105.7249969482422
8.12499771118164,105.67499694824218
8.174997711181641,105.67499694824218
8.14999771118164,105.69999694824219
8.12499771118164,105.82500305175782
8.174997711181641,105.82500305175782
8.12499771118164,105.7750030517578
8.174997711181641,105.7750030517578
8.14999771118164,105.80000305175781
8.12499771118164,106.275
8.174997711181641,106.275
8.12499771118164,106.225
8.174997711181641,106.225
8.14999771118164,106.25
8.074998474121093,100.42500152587891
8.124998474121094,100.42500152587891
8.074998474121093,100.3750015258789
8.124998474121094,100.3750015258789
8.099998474121094,100.4000015258789
8.074998474121093,100.67500152587891
8.124998474121094,100.67500152587891
8.074998474121093,100.6250015258789
8.124998474121094,100.6250015258789
8.099998474121094,100.6500015258789
8.074998474121093,103.57500305175782
8.124998474121094,103.57500305175782
8.074998474121093,103.5250030517578
8.124998474121094,103.5250030517578
8.099998474121094,103.55000305175781
8.074998474121093,103.6249984741211
8.124998474121094,103.6249984741211
8.074998474121093,103.57499847412109
8.124998474121094,103.57499847412109
8.099998474121094,103.5999984741211
8.074998474121093,103.67500152587891
8.124998474121094,103.67500152587891
8.074998474121093,103.6250015258789
8.124998474121094,103.6250015258789
8.099998474121094,103.6500015258789
8.074998474121093,103.7249969482422
8.124998474121094,103.7249969482422
8.074998474121093,103.67499694824218
8.124998474121094,103.67499694824218
8.099998474121094,103.69999694824219
8.074998474121093,103.775
8.124998474121094,103.775
8.074998474121093,103.725
8.124998474121094,103.725
8.099998474121094,103.75
8.074998474121093,103.9749969482422
8.124998474121094,103.9749969482422
8.074998474121093,103.92499694824218
8.124998474121094,103.92499694824218
8.099998474121094,103.94999694824219
8.074998474121093,104.525
8.124998474121094,104.525
8.074998474121093,104.475
8.124998474121094,104.475
8.099998474121094,104.5
8.074998474121093,104.57500305175782
8.124998474121094,104.57500305175782
8.074998474121093,104.5250030517578
8.124998474121094,104.5250030517578
8.099998474121094,104.55000305175781
8.074998474121093,104.6249984741211
8.124998474121094,104.6249984741211
8.074998474121093,104.57499847412109
8.124998474121094,104.57499847412109
8.099998474121094,104.5999984741211
8.074998474121093,104.82500305175782
8.124998474121094,104.82500305175782
8.074998474121093,104.7750030517578
8.124998474121094,104.7750030517578
8.099998474121094,104.80000305175781
8.074998474121093,105.3749984741211
8.124998474121094,105.3749984741211
8.074998474121093,105.32499847412109
8.124998474121094,105.32499847412109
8.099998474121094,105.3499984741211
8.074998474121093,105.82500305175782
8.124998474121094,105.82500305175782
8.074998474121093,105.7750030517578
8.124998474121094,105.7750030517578
8.099998474121094,105.80000305175781
8.074998474121093,105.8749984741211
8.124998474121094,105.8749984741211
8.074998474121093,105.82499847412109
8.124998474121094,105.82499847412109
8.099998474121094,105.8499984741211
8.074998474121093,106.17500152587891
8.124998474121094,106.17500152587891
8.074998474121093,106.1250015258789
8.124998474121094,106.1250015258789
8.099998474121094,106.1500015258789
8.074998474121093,106.2249969482422
8.124998474121094,106.2249969482422
8.074998474121093,106.17499694824218
8.124998474121094,106.17499694824218
8.099998474121094,106.19999694824219
8.074998474121093,107.92500152587891
8.124998474121094,107.92500152587891
8.074998474121093,107.8750015258789
8.124998474121094,107.8750015258789
8.099998474121094,107.9000015258789
8.074998474121093,113.275
8.124998474121094,113.275
8.074998474121093,113.225
8.124998474121094,113.225
8.099998474121094,113.25
8.024999237060547,100.42500152587891
8.074999237060547,100.42500152587891
8.024999237060547,100.3750015258789
8.074999237060547,100.3750015258789
8.049999237060547,100.4000015258789
8.024999237060547,100.4749969482422
8.074999237060547,100.4749969482422
8.024999237060547,100.42499694824218
8.074999237060547,100.42499694824218
8.049999237060547,100.44999694824219
8.024999237060547,103.67500152587891
8.074999237060547,103.67500152587891
8.024999237060547,103.6250015258789
8.074999237060547,103.6250015258789
8.049999237060547,103.6500015258789
8.024999237060547,103.7249969482422
8.074999237060547,103.7249969482422
8.024999237060547,103.67499694824218
8.074999237060547,103.67499694824218
8.049999237060547,103.69999694824219
8.024999237060547,104.42500152587891
8.074999237060547,104.42500152587891
8.024999237060547,104.3750015258789
8.074999237060547,104.3750015258789
8.049999237060547,104.4000015258789
8.024999237060547,104.525
8.074999237060547,104.525
8.024999237060547,104.475
8.074999237060547,104.475
8.049999237060547,104.5
8.024999237060547,104.67500152587891
8.074999237060547,104.67500152587891
8.024999237060547,104.6250015258789
8.074999237060547,104.6250015258789
8.049999237060547,104.6500015258789
8.024999237060547,105.2249969482422
8.074999237060547,105.2249969482422
8.024999237060547,105.17499694824218
8.074999237060547,105.17499694824218
8.049999237060547,105.19999694824219
8.024999237060547,105.57500305175782
8.074999237060547,105.57500305175782
8.024999237060547,105.5250030517578
8.074999237060547,105.5250030517578
8.049999237060547,105.55000305175781
8.024999237060547,105.67500152587891
8.074999237060547,105.67500152587891
8.024999237060547,105.6250015258789
8.074999237060547,105.6250015258789
8.049999237060547,105.6500015258789
8.024999237060547,105.8749984741211
8.074999237060547,105.8749984741211
8.024999237060547,105.82499847412109
8.074999237060547,105.82499847412109
8.049999237060547,105.8499984741211
8.024999237060547,106.025
8.074999237060547,106.025
8.024999237060547,105.975
8.074999237060547,105.975
8.049999237060547,106.0
8.024999237060547,108.275
8.074999237060547,108.275
8.024999237060547,108.225
8.074999237060547,108.225
8.049999237060547,108.25
7.975,100.4749969482422
8.025,100.4749969482422
7.975,100.42499694824218
8.025,100.42499694824218
8.0,100.44999694824219
7.975,100.57500305175782
8.025,100.57500305175782
7.975,100.5250030517578
8.025,100.5250030517578
8.0,100.55000305175781
7.975,103.6249984741211
8.025,103.6249984741211
7.975,103.57499847412109
8.025,103.57499847412109
8.0,103.5999984741211
7.975,103.67500152587891
8.025,103.67500152587891
7.975,103.6250015258789
8.025,103.6250015258789
8.0,103.6500015258789
7.975,103.82500305175782
8.025,103.82500305175782
7.975,103.7750030517578
8.025,103.7750030517578
8.0,103.80000305175781
7.975,103.8749984741211
8.025,103.8749984741211
7.975,103.82499847412109
8.025,103.82499847412109
8.0,103.8499984741211
7.975,103.92500152587891
8.025,103.92500152587891
7.975,103.8750015258789
8.025,103.8750015258789
8.0,103.9000015258789
7.975,103.9749969482422
8.025,103.9749969482422
7.975,103.92499694824218
8.025,103.92499694824218
8.0,103.94999694824219
7.975,104.4749969482422
8.025,104.4749969482422
7.975,104.42499694824218
8.025,104.42499694824218
8.0,104.44999694824219
7.975,104.525
8.025,104.525
7.975,104.475
8.025,104.475
8.0,104.5
7.975,104.57500305175782
8.025,104.57500305175782
7.975,104.5250030517578
8.025,104.5250030517578
8.0,104.55000305175781
7.975,104.775
8.025,104.775
7.975,104.725
8.025,104.725
8.0,104.75
7.975,104.82500305175782
8.025,104.82500305175782
7.975,104.7750030517578
8.025,104.7750030517578
8.0,104.80000305175781
7.975,105.92500152587891
8.025,105.92500152587891
7.975,105.8750015258789
8.025,105.8750015258789
8.0,105.9000015258789
7.975,106.025
8.025,106.025
7.975,105.975
8.025,105.975
8.0,106.0
7.975,107.8749984741211
8.025,107.8749984741211
7.975,107.82499847412109
8.025,107.82499847412109
8.0,107.8499984741211
7.925000762939453,100.4749969482422
7.9750007629394535,100.4749969482422
7.925000762939453,100.42499694824218
7.9750007629394535,100.42499694824218
7.950000762939453,100.44999694824219
7.925000762939453,103.775
7.9750007629394535,103.775
7.925000762939453,103.725
7.9750007629394535,103.725
7.950000762939453,103.75
7.925000762939453,103.82500305175782
7.9750007629394535,103.82500305175782
7.925000762939453,103.7750030517578
7.9750007629394535,103.7750030517578
7.950000762939453,103.80000305175781
7.925000762939453,103.8749984741211
7.9750007629394535,103.8749984741211
7.925000762939453,103.82499847412109
7.9750007629394535,103.82499847412109
7.950000762939453,103.8499984741211
7.925000762939453,103.92500152587891
7.9750007629394535,103.92500152587891
7.925000762939453,103.8750015258789
7.9750007629394535,103.8750015258789
7.950000762939453,103.9000015258789
7.925000762939453,103.9749969482422
7.9750007629394535,103.9749969482422
7.925000762939453,103.92499694824218
7.9750007629394535,103.92499694824218
7.950000762939453,103.94999694824219
7.925000762939453,104.025
7.9750007629394535,104.025
7.925000762939453,103.975
7.9750007629394535,103.975
7.950000762939453,104.0
7.925000762939453,104.3749984741211
7.9750007629394535,104.3749984741211
7.925000762939453,104.32499847412109
7.9750007629394535,104.32499847412109
7.950000762939453,104.3499984741211
7.925000762939453,104.42500152587891
7.9750007629394535,104.42500152587891
7.925000762939453,104.3750015258789
7.9750007629394535,104.3750015258789
7.950000762939453,104.4000015258789
7.925000762939453,104.4749969482422
7.9750007629394535,104.4749969482422
7.925000762939453,104.42499694824218
7.9750007629394535,104.42499694824218
7.950000762939453,104.44999694824219
7.925000762939453,104.525
7.9750007629394535,104.525
7.925000762939453,104.475
7.9750007629394535,104.475
7.950000762939453,104.5
7.925000762939453,104.67500152587891
7.9750007629394535,104.67500152587891
7.925000762939453,104.6250015258789
7.9750007629394535,104.6250015258789
7.950000762939453,104.6500015258789
7.925000762939453,104.775
7.9750007629394535,104.775
7.925000762939453,104.725
7.9750007629394535,104.725
7.950000762939453,104.75
7.925000762939453,104.8749984741211
7.9750007629394535,104.8749984741211
7.925000762939453,104.82499847412109
7.9750007629394535,104.82499847412109
7.950000762939453,104.8499984741211
7.925000762939453,105.07500305175782
7.9750007629394535,105.07500305175782
7.925000762939453,105.0250030517578
7.9750007629394535,105.0250030517578
7.950000762939453,105.05000305175781
7.925000762939453,105.92500152587891
7.9750007629394535,105.92500152587891
7.925000762939453,105.8750015258789
7.9750007629394535,105.8750015258789
7.950000762939453,105.9000015258789
7.925000762939453,105.9749969482422
7.9750007629394535,105.9749969482422
7.925000762939453,105.92499694824218
7.9750007629394535,105.92499694824218
7.950000762939453,105.94999694824219
7.925000762939453,109.92500152587891
7.9750007629394535,109.92500152587891
7.925000762939453,109.8750015258789
7.9750007629394535,109.8750015258789
7.950000762939453,109.9000015258789
7.925000762939453,112.07500305175782
7.9750007629394535,112.07500305175782
7.925000762939453,112.0250030517578
7.9750007629394535,112.0250030517578
7.950000762939453,112.05000305175781
7.87499771118164,100.525
7.924997711181641,100.525
7.87499771118164,100.475
7.924997711181641,100.475
7.899997711181641,100.5
7.87499771118164,100.57500305175782
7.924997711181641,100.57500305175782
7.87499771118164,100.5250030517578
7.924997711181641,100.5250030517578
7.899997711181641,100.55000305175781
7.87499771118164,103.92500152587891
7.924997711181641,103.92500152587891
7.87499771118164,103.8750015258789
7.924997711181641,103.8750015258789
7.899997711181641,103.9000015258789
7.87499771118164,103.9749969482422
7.924997711181641,103.9749969482422
7.87499771118164,103.92499694824218
7.924997711181641,103.92499694824218
7.899997711181641,103.94999694824219
7.87499771118164,104.025
7.924997711181641,104.025
7.87499771118164,103.975
7.924997711181641,103.975
7.899997711181641,104.0
7.87499771118164,104.07500305175782
7.924997711181641,104.07500305175782
7.87499771118164,104.0250030517578
7.924997711181641,104.0250030517578
7.899997711181641,104.05000305175781
7.87499771118164,104.1249984741211
7.924997711181641,104.1249984741211
7.87499771118164,104.07499847412109
7.924997711181641,104.07499847412109
7.899997711181641,104.0999984741211
7.87499771118164,104.32500305175782
7.924997711181641,104.32500305175782
7.87499771118164,104.2750030517578
7.924997711181641,104.2750030517578
7.899997711181641,104.30000305175781
7.87499771118164,104.3749984741211
7.924997711181641,104.3749984741211
7.87499771118164,104.32499847412109
7.924997711181641,104.32499847412109
7.899997711181641,104.3499984741211
7.87499771118164,104.42500152587891
7.924997711181641,104.42500152587891
7.87499771118164,104.3750015258789
7.924997711181641,104.3750015258789
7.899997711181641,104.4000015258789
7.87499771118164,104.4749969482422
7.924997711181641,104.4749969482422
7.87499771118164,104.42499694824218
7.924997711181641,104.42499694824218
7.899997711181641,104.44999694824219
7.87499771118164,104.57500305175782
7.924997711181641,104.57500305175782
7.87499771118164,104.5250030517578
7.924997711181641,104.5250030517578
7.899997711181641,104.55000305175781
7.87499771118164,104.6249984741211
7.924997711181641,104.6249984741211
7.87499771118164,104.57499847412109
7.924997711181641,104.57499847412109
7.899997711181641,104.5999984741211
7.87499771118164,104.67500152587891
7.924997711181641,104.67500152587891
7.87499771118164,104.6250015258789
7.924997711181641,104.6250015258789
7.899997711181641,104.6500015258789
7.87499771118164,105.2249969482422
7.924997711181641,105.2249969482422
7.87499771118164,105.17499694824218
7.924997711181641,105.17499694824218
7.899997711181641,105.19999694824219
7.87499771118164,105.42500152587891
7.924997711181641,105.42500152587891
7.87499771118164,105.3750015258789
7.924997711181641,105.3750015258789
7.899997711181641,105.4000015258789
7.87499771118164,105.4749969482422
7.924997711181641,105.4749969482422
7.87499771118164,105.42499694824218
7.924997711181641,105.42499694824218
7.899997711181641,105.44999694824219
7.87499771118164,105.8749984741211
7.924997711181641,105.8749984741211
7.87499771118164,105.82499847412109
7.924997711181641,105.82499847412109
7.899997711181641,105.8499984741211
7.87499771118164,106.025
7.924997711181641,106.025
7.87499771118164,105.975
7.924997711181641,105.975
7.899997711181641,106.0
7.87499771118164,107.32500305175782
7.924997711181641,107.32500305175782
7.87499771118164,107.2750030517578
7.924997711181641,107.2750030517578
7.899997711181641,107.30000305175781
7.824998474121093,100.42500152587891
7.874998474121094,100.42500152587891
7.824998474121093,100.3750015258789
7.874998474121094,100.3750015258789
7.849998474121094,100.4000015258789
7.824998474121093,100.525
7.874998474121094,100.525
7.824998474121093,100.475
7.874998474121094,100.475
7.849998474121094,100.5
7.824998474121093,103.9749969482422
7.874998474121094,103.9749969482422
7.824998474121093,103.92499694824218
7.874998474121094,103.92499694824218
7.849998474121094,103.94999694824219
7.824998474121093,104.1249984741211
7.874998474121094,104.1249984741211
7.824998474121093,104.07499847412109
7.874998474121094,104.07499847412109
7.849998474121094,104.0999984741211
7.824998474121093,104.17500152587891
7.874998474121094,104.17500152587891
7.824998474121093,104.1250015258789
7.874998474121094,104.1250015258789
7.849998474121094,104.1500015258789
7.824998474121093,104.2249969482422
7.874998474121094,104.2249969482422
7.824998474121093,104.17499694824218
7.874998474121094,104.17499694824218
7.849998474121094,104.19999694824219
7.824998474121093,104.32500305175782
7.874998474121094,104.32500305175782
7.824998474121093,104.2750030517578
7.874998474121094,104.2750030517578
7.849998474121094,104.30000305175781
7.824998474121093,104.3749984741211
7.874998474121094,104.3749984741211
7.824998474121093,104.32499847412109
7.874998474121094,104.32499847412109
7.849998474121094,104.3499984741211
7.824998474121093,104.42500152587891
7.874998474121094,104.42500152587891
7.824998474121093,104.3750015258789
7.874998474121094,104.3750015258789
7.849998474121094,104.4000015258789
7.824998474121093,104.4749969482422
7.874998474121094,104.4749969482422
7.824998474121093,104.42499694824218
7.874998474121094,104.42499694824218
7.849998474121094,104.44999694824219
7.824998474121093,104.57500305175782
7.874998474121094,104.57500305175782
7.824998474121093,104.5250030517578
7.874998474121094,104.5250030517578
7.849998474121094,104.55000305175781
7.824998474121093,104.67500152587891
7.874998474121094,104.67500152587891
7.824998474121093,104.6250015258789
7.874998474121094,104.6250015258789
7.849998474121094,104.6500015258789
7.824998474121093,107.775
7.874998474121094,107.775
7.824998474121093,107.725
7.874998474121094,107.725
7.849998474121094,107.75
7.824998474121093,107.92500152587891
7.874998474121094,107.92500152587891
7.824998474121093,107.8750015258789
7.874998474121094,107.8750015258789
7.849998474121094,107.9000015258789
7.7749992370605465,100.525
7.824999237060547,100.525
7.7749992370605465,100.475
7.824999237060547,100.475
7.799999237060547,100.5
7.7749992370605465,104.025
7.824999237060547,104.025
7.7749992370605465,103.975
7.824999237060547,103.975
7.799999237060547,104.0
7.7749992370605465,104.275
7.824999237060547,104.275
7.7749992370605465,104.225
7.824999237060547,104.225
7.799999237060547,104.25
7.7749992370605465,104.42500152587891
7.824999237060547,104.42500152587891
7.7749992370605465,104.3750015258789
7.824999237060547,104.3750015258789
7.799999237060547,104.4000015258789
7.7749992370605465,104.6249984741211
7.824999237060547,104.6249984741211
7.7749992370605465,104.57499847412109
7.824999237060547,104.57499847412109
7.799999237060547,104.5999984741211
7.7749992370605465,104.8749984741211
7.824999237060547,104.8749984741211
7.7749992370605465,104.82499847412109
7.824999237060547,104.82499847412109
7.799999237060547,104.8499984741211
7.7749992370605465,104.92500152587891
7.824999237060547,104.92500152587891
7.7749992370605465,104.8750015258789
7.824999237060547,104.8750015258789
7.799999237060547,104.9000015258789
7.7749992370605465,105.17500152587891
7.824999237060547,105.17500152587891
7.7749992370605465,105.1250015258789
7.824999237060547,105.1250015258789
7.799999237060547,105.1500015258789
7.7749992370605465,105.67500152587891
7.824999237060547,105.67500152587891
7.7749992370605465,105.6250015258789
7.824999237060547,105.6250015258789
7.799999237060547,105.6500015258789
7.7749992370605465,105.92500152587891
7.824999237060547,105.92500152587891
7.7749992370605465,105.8750015258789
7.824999237060547,105.8750015258789
7.799999237060547,105.9000015258789
7.7749992370605465,107.32500305175782
7.824999237060547,107.32500305175782
7.7749992370605465,107.2750030517578
7.824999237060547,107.2750030517578
7.799999237060547,107.30000305175781
7.7749992370605465,111.82500305175782
7.824999237060547,111.82500305175782
7.7749992370605465,111.7750030517578
7.824999237060547,111.7750030517578
7.799999237060547,111.80000305175781
7.725,94.8749984741211
7.775,94.8749984741211
7.725,94.82499847412109
7.775,94.82499847412109
7.75,94.8499984741211
7.725,104.67500152587891
7.775,104.67500152587891
7.725,104.6250015258789
7.775,104.6250015258789
7.75,104.6500015258789
7.725,104.7249969482422
7.775,104.7249969482422
7.725,104.67499694824218
7.775,104.67499694824218
7.75,104.69999694824219
7.725,105.2249969482422
7.775,105.2249969482422
7.725,105.17499694824218
7.775,105.17499694824218
7.75,105.19999694824219
7.725,105.67500152587891
7.775,105.67500152587891
7.725,105.6250015258789
7.775,105.6250015258789
7.75,105.6500015258789
7.675000762939453,104.1249984741211
7.7250007629394535,104.1249984741211
7.675000762939453,104.07499847412109
7.7250007629394535,104.07499847412109
7.700000762939453,104.0999984741211
7.675000762939453,104.525
7.7250007629394535,104.525
7.675000762939453,104.475
7.7250007629394535,104.475
7.700000762939453,104.5
7.675000762939453,105.525
7.7250007629394535,105.525
7.675000762939453,105.475
7.7250007629394535,105.475
7.700000762939453,105.5
7.675000762939453,109.8749984741211
7.7250007629394535,109.8749984741211
7.675000762939453,109.82499847412109
7.7250007629394535,109.82499847412109
7.700000762939453,109.8499984741211
7.62499771118164,93.9749969482422
7.674997711181641,93.9749969482422
7.62499771118164,93.92499694824218
7.674997711181641,93.92499694824218
7.649997711181641,93.94999694824219
7.62499771118164,103.92500152587891
7.674997711181641,103.92500152587891
7.62499771118164,103.8750015258789
7.674997711181641,103.8750015258789
7.649997711181641,103.9000015258789
7.62499771118164,104.07500305175782
7.674997711181641,104.07500305175782
7.62499771118164,104.0250030517578
7.674997711181641,104.0250030517578
7.649997711181641,104.05000305175781
7.62499771118164,104.4749969482422
7.674997711181641,104.4749969482422
7.62499771118164,104.42499694824218
7.674997711181641,104.42499694824218
7.649997711181641,104.44999694824219
7.62499771118164,104.82500305175782
7.674997711181641,104.82500305175782
7.62499771118164,104.7750030517578
7.674997711181641,104.7750030517578
7.649997711181641,104.80000305175781
7.62499771118164,104.8749984741211
7.674997711181641,104.8749984741211
7.62499771118164,104.82499847412109
7.674997711181641,104.82499847412109
7.649997711181641,104.8499984741211
7.62499771118164,107.1249984741211
7.674997711181641,107.1249984741211
7.62499771118164,107.07499847412109
7.674997711181641,107.07499847412109
7.649997711181641,107.0999984741211
7.574998474121093,103.525
7.624998474121094,103.525
7.574998474121093,103.475
7.624998474121094,103.475
7.599998474121094,103.5
7.574998474121093,103.92500152587891
7.624998474121094,103.92500152587891
7.574998474121093,103.8750015258789
7.624998474121094,103.8750015258789
7.599998474121094,103.9000015258789
7.574998474121093,105.17500152587891
7.624998474121094,105.17500152587891
7.574998474121093,105.1250015258789
7.624998474121094,105.1250015258789
7.599998474121094,105.1500015258789
7.574998474121093,106.82500305175782
7.624998474121094,106.82500305175782
7.574998474121093,106.7750030517578
7.624998474121094,106.7750030517578
7.599998474121094,106.80000305175781
7.574998474121093,109.8749984741211
7.624998474121094,109.8749984741211
7.574998474121093,109.82499847412109
7.624998474121094,109.82499847412109
7.599998474121094,109.8499984741211
7.574998474121093,111.2249969482422
7.624998474121094,111.2249969482422
7.574998474121093,111.17499694824218
7.624998474121094,111.17499694824218
7.599998474121094,111.19999694824219
7.574998474121093,129.67499389648438
7.624998474121094,129.67499389648438
7.574998474121093,129.62499389648437
7.624998474121094,129.62499389648437
7.599998474121094,129.64999389648438
7.5249992370605465,103.17500152587891
7.574999237060547,103.17500152587891
7.5249992370605465,103.1250015258789
7.574999237060547,103.1250015258789
7.549999237060547,103.1500015258789
7.475,105.07500305175782
7.525,105.07500305175782
7.475,105.0250030517578
7.525,105.0250030517578
7.5,105.05000305175781
7.475,106.82500305175782
7.525,106.82500305175782
7.475,106.7750030517578
7.525,106.7750030517578
7.5,106.80000305175781
7.475,109.42500152587891
7.525,109.42500152587891
7.475,109.3750015258789
7.525,109.3750015258789
7.5,109.4000015258789
7.425000762939453,91.4749969482422
7.4750007629394535,91.4749969482422
7.425000762939453,91.42499694824218
7.4750007629394535,91.42499694824218
7.450000762939453,91.44999694824219
7.425000762939453,101.57500305175782
7.4750007629394535,101.57500305175782
7.425000762939453,101.5250030517578
7.4750007629394535,101.5250030517578
7.450000762939453,101.55000305175781
7.37499771118164,91.4749969482422
7.424997711181641,91.4749969482422
7.37499771118164,91.42499694824218
7.424997711181641,91.42499694824218
7.399997711181641,91.44999694824219
7.37499771118164,106.92500152587891
7.424997711181641,106.92500152587891
7.37499771118164,106.8750015258789
7.424997711181641,106.8750015258789
7.399997711181641,106.9000015258789
7.37499771118164,126.62500610351563
7.424997711181641,126.62500610351563
7.37499771118164,126.57500610351562
7.424997711181641,126.57500610351562
7.399997711181641,126.60000610351562
7.324998474121093,100.57500305175782
7.374998474121094,100.57500305175782
7.324998474121093,100.5250030517578
7.374998474121094,100.5250030517578
7.349998474121094,100.55000305175781
7.324998474121093,101.92500152587891
7.374998474121094,101.92500152587891
7.324998474121093,101.8750015258789
7.374998474121094,101.8750015258789
7.349998474121094,101.9000015258789
7.324998474121093,105.6249984741211
7.374998474121094,105.6249984741211
7.324998474121093,105.57499847412109
7.374998474121094,105.57499847412109
7.349998474121094,105.5999984741211
7.2749992370605465,100.67500152587891
7.324999237060547,100.67500152587891
7.2749992370605465,100.6250015258789
7.324999237060547,100.6250015258789
7.299999237060547,100.6500015258789
7.2749992370605465,100.7249969482422
7.324999237060547,100.7249969482422
7.2749992370605465,100.67499694824218
7.324999237060547,100.67499694824218
7.299999237060547,100.69999694824219
7.2749992370605465,106.8749984741211
7.324999237060547,106.8749984741211
7.2749992370605465,106.82499847412109
7.324999237060547,106.82499847412109
7.299999237060547,106.8499984741211
7.225,100.67500152587891
7.275,100.67500152587891
7.225,100.6250015258789
7.275,100.6250015258789
7.25,100.6500015258789
7.225,100.7249969482422
7.275,100.7249969482422
7.225,100.67499694824218
7.275,100.67499694824218
7.25,100.69999694824219
7.225,100.775
7.275,100.775
7.225,100.725
7.275,100.725
7.25,100.75
7.225,100.82500305175782
7.275,100.82500305175782
7.225,100.7750030517578
7.275,100.7750030517578
7.25,100.80000305175781
7.225,100.8749984741211
7.275,100.8749984741211
7.225,100.82499847412109
7.275,100.82499847412109
7.25,100.8499984741211
7.225,101.07500305175782
7.275,101.07500305175782
7.225,101.0250030517578
7.275,101.0250030517578
7.25,101.05000305175781
7.225,101.1249984741211
7.275,101.1249984741211
7.225,101.07499847412109
7.275,101.07499847412109
7.25,101.0999984741211
7.225,125.7249969482422
7.275,125.7249969482422
7.225,125.67499694824218
7.275,125.67499694824218
7.25,125.69999694824219
7.225,131.17499389648438
7.275,131.17499389648438
7.225,131.12499389648437
7.275,131.12499389648437
7.25,131.14999389648438
7.175000762939453,100.67500152587891
7.2250007629394535,100.67500152587891
7.175000762939453,100.6250015258789
7.2250007629394535,100.6250015258789
7.200000762939453,100.6500015258789
7.175000762939453,100.7249969482422
7.2250007629394535,100.7249969482422
7.175000762939453,100.67499694824218
7.2250007629394535,100.67499694824218
7.200000762939453,100.69999694824219
7.175000762939453,100.775
7.2250007629394535,100.775
7.175000762939453,100.725
7.2250007629394535,100.725
7.200000762939453,100.75
7.175000762939453,100.82500305175782
7.2250007629394535,100.82500305175782
7.175000762939453,100.7750030517578
7.2250007629394535,100.7750030517578
7.200000762939453,100.80000305175781
7.175000762939453,100.8749984741211
7.2250007629394535,100.8749984741211
7.175000762939453,100.82499847412109
7.2250007629394535,100.82499847412109
7.200000762939453,100.8499984741211
7.175000762939453,101.025
7.2250007629394535,101.025
7.175000762939453,100.975
7.2250007629394535,100.975
7.200000762939453,101.0
7.175000762939453,101.07500305175782
7.2250007629394535,101.07500305175782
7.175000762939453,101.0250030517578
7.2250007629394535,101.0250030517578
7.200000762939453,101.05000305175781
7.175000762939453,101.1249984741211
7.2250007629394535,101.1249984741211
7.175000762939453,101.07499847412109
7.2250007629394535,101.07499847412109
7.200000762939453,101.0999984741211
7.175000762939453,134.42499389648438
7.2250007629394535,134.42499389648438
7.175000762939453,134.37499389648437
7.2250007629394535,134.37499389648437
7.200000762939453,134.39999389648438
7.175000762939453,134.4749969482422
7.2250007629394535,134.4749969482422
7.175000762939453,134.42499694824218
7.2250007629394535,134.42499694824218
7.200000762939453,134.4499969482422
7.12499771118164,100.775
7.174997711181641,100.775
7.12499771118164,100.725
7.174997711181641,100.725
7.149997711181641,100.75
7.12499771118164,100.82500305175782
7.174997711181641,100.82500305175782
7.12499771118164,100.7750030517578
7.174997711181641,100.7750030517578
7.149997711181641,100.80000305175781
7.12499771118164,100.8749984741211
7.174997711181641,100.8749984741211
7.12499771118164,100.82499847412109
7.174997711181641,100.82499847412109
7.149997711181641,100.8499984741211
7.12499771118164,100.92500152587891
7.174997711181641,100.92500152587891
7.12499771118164,100.8750015258789
7.174997711181641,100.8750015258789
7.149997711181641,100.9000015258789
7.12499771118164,100.9749969482422
7.174997711181641,100.9749969482422
7.12499771118164,100.92499694824218
7.174997711181641,100.92499694824218
7.149997711181641,100.94999694824219
7.12499771118164,101.025
7.174997711181641,101.025
7.12499771118164,100.975
7.174997711181641,100.975
7.149997711181641,101.0
7.12499771118164,101.17500152587891
7.174997711181641,101.17500152587891
7.12499771118164,101.1250015258789
7.174997711181641,101.1250015258789
7.149997711181641,101.1500015258789
7.12499771118164,101.2249969482422
7.174997711181641,101.2249969482422
7.12499771118164,101.17499694824218
7.174997711181641,101.17499694824218
7.149997711181641,101.19999694824219
7.12499771118164,103.9749969482422
7.174997711181641,103.9749969482422
7.12499771118164,103.92499694824218
7.174997711181641,103.92499694824218
7.149997711181641,103.94999694824219
7.12499771118164,104.82500305175782
7.174997711181641,104.82500305175782
7.12499771118164,104.7750030517578
7.174997711181641,104.7750030517578
7.149997711181641,104.80000305175781
7.12499771118164,113.9749969482422
7.174997711181641,113.9749969482422
7.12499771118164,113.92499694824218
7.174997711181641,113.92499694824218
7.149997711181641,113.94999694824219
7.12499771118164,117.57500305175782
7.174997711181641,117.57500305175782
7.12499771118164,117.5250030517578
7.174997711181641,117.5250030517578
7.149997711181641,117.55000305175781
7.074998474121093,100.775
7.124998474121094,100.775
7.074998474121093,100.725
7.124998474121094,100.725
7.099998474121094,100.75
7.074998474121093,100.82500305175782
7.124998474121094,100.82500305175782
7.074998474121093,100.7750030517578
7.124998474121094,100.7750030517578
7.099998474121094,100.80000305175781
7.074998474121093,100.8749984741211
7.124998474121094,100.8749984741211
7.074998474121093,100.82499847412109
7.124998474121094,100.82499847412109
7.099998474121094,100.8499984741211
7.074998474121093,100.9749969482422
7.124998474121094,100.9749969482422
7.074998474121093,100.92499694824218
7.124998474121094,100.92499694824218
7.099998474121094,100.94999694824219
7.074998474121093,101.025
7.124998474121094,101.025
7.074998474121093,100.975
7.124998474121094,100.975
7.099998474121094,101.0
7.074998474121093,101.1249984741211
7.124998474121094,101.1249984741211
7.074998474121093,101.07499847412109
7.124998474121094,101.07499847412109
7.099998474121094,101.0999984741211
7.074998474121093,101.2249969482422
7.124998474121094,101.2249969482422
7.074998474121093,101.17499694824218
7.124998474121094,101.17499694824218
7.099998474121094,101.19999694824219
7.074998474121093,101.275
7.124998474121094,101.275
7.074998474121093,101.225
7.124998474121094,101.225
7.099998474121094,101.25
7.074998474121093,101.32500305175782
7.124998474121094,101.32500305175782
7.074998474121093,101.2750030517578
7.124998474121094,101.2750030517578
7.099998474121094,101.30000305175781
7.074998474121093,106.4749969482422
7.124998474121094,106.4749969482422
7.074998474121093,106.42499694824218
7.124998474121094,106.42499694824218
7.099998474121094,106.44999694824219
7.074998474121093,107.92500152587891
7.124998474121094,107.92500152587891
7.074998474121093,107.8750015258789
7.124998474121094,107.8750015258789
7.099998474121094,107.9000015258789
7.074998474121093,117.57500305175782
7.124998474121094,117.57500305175782
7.074998474121093,117.5250030517578
7.124998474121094,117.5250030517578
7.099998474121094,117.55000305175781
7.074998474121093,120.775
7.124998474121094,120.775
7.074998474121093,120.725
7.124998474121094,120.725
7.099998474121094,120.75
7.0249992370605465,100.82500305175782
7.074999237060547,100.82500305175782
7.0249992370605465,100.7750030517578
7.074999237060547,100.7750030517578
7.049999237060547,100.80000305175781
7.0249992370605465,100.8749984741211
7.074999237060547,100.8749984741211
7.0249992370605465,100.82499847412109
7.074999237060547,100.82499847412109
7.049999237060547,100.8499984741211
7.0249992370605465,101.1249984741211
7.074999237060547,101.1249984741211
7.0249992370605465,101.07499847412109
7.074999237060547,101.07499847412109
7.049999237060547,101.0999984741211
7.0249992370605465,101.3749984741211
7.074999237060547,101.3749984741211
7.0249992370605465,101.32499847412109
7.074999237060547,101.32499847412109
7.049999237060547,101.3499984741211
7.0249992370605465,101.42500152587891
7.074999237060547,101.42500152587891
7.0249992370605465,101.3750015258789
7.074999237060547,101.3750015258789
7.049999237060547,101.4000015258789
7.0249992370605465,131.37500610351563
7.074999237060547,131.37500610351563
7.0249992370605465,131.32500610351562
7.074999237060547,131.32500610351562
7.049999237060547,131.35000610351562
6.975,101.07500305175782
7.025,101.07500305175782
6.975,101.0250030517578
7.025,101.0250030517578
7.0,101.05000305175781
6.975,101.1249984741211
7.025,101.1249984741211
6.975,101.07499847412109
7.025,101.07499847412109
7.0,101.0999984741211
6.975,107.775
7.025,107.775
6.975,107.725
7.025,107.725
7.0,107.75
6.975,108.8749984741211
7.025,108.8749984741211
6.975,108.82499847412109
7.025,108.82499847412109
7.0,108.8499984741211
6.975,125.57500305175782
7.025,125.57500305175782
6.975,125.5250030517578
7.025,125.5250030517578
7.0,125.55000305175781
6.925000762939453,103.9749969482422
6.9750007629394535,103.9749969482422
6.925000762939453,103.92499694824218
6.9750007629394535,103.92499694824218
6.950000762939453,103.94999694824219
6.925000762939453,109.07500305175782
6.9750007629394535,109.07500305175782
6.925000762939453,109.0250030517578
6.9750007629394535,109.0250030517578
6.950000762939453,109.05000305175781
6.925000762939453,117.62500610351563
6.9750007629394535,117.62500610351563
6.925000762939453,117.57500610351562
6.9750007629394535,117.57500610351562
6.950000762939453,117.60000610351562
6.925000762939453,117.92500152587891
6.9750007629394535,117.92500152587891
6.925000762939453,117.8750015258789
6.9750007629394535,117.8750015258789
6.950000762939453,117.9000015258789
6.87499771118164,106.1249984741211
6.924997711181641,106.1249984741211
6.87499771118164,106.07499847412109
6.924997711181641,106.07499847412109
6.899997711181641,106.0999984741211
6.87499771118164,117.57500305175782
6.924997711181641,117.57500305175782
6.87499771118164,117.5250030517578
6.924997711181641,117.5250030517578
6.899997711181641,117.55000305175781
6.87499771118164,117.7249969482422
6.924997711181641,117.7249969482422
6.87499771118164,117.67499694824218
6.924997711181641,117.67499694824218
6.899997711181641,117.69999694824219
6.824998474121093,106.9749969482422
6.874998474121094,106.9749969482422
6.824998474121093,106.92499694824218
6.874998474121094,106.92499694824218
6.849998474121094,106.94999694824219
6.824998474121093,117.4749969482422
6.874998474121094,117.4749969482422
6.824998474121093,117.42499694824218
6.874998474121094,117.42499694824218
6.849998474121094,117.44999694824219
6.824998474121093,117.525
6.874998474121094,117.525
6.824998474121093,117.475
6.874998474121094,117.475
6.849998474121094,117.5
6.7749992370605465,117.7249969482422
6.824999237060547,117.7249969482422
6.7749992370605465,117.67499694824218
6.824999237060547,117.67499694824218
6.799999237060547,117.69999694824219
6.7749992370605465,117.775
6.824999237060547,117.775
6.7749992370605465,117.725
6.824999237060547,117.725
6.799999237060547,117.75
6.725,107.6249984741211
6.775,107.6249984741211
6.725,107.57499847412109
6.775,107.57499847412109
6.75,107.5999984741211
6.725,116.92500152587891
6.775,116.92500152587891
6.725,116.8750015258789
6.775,116.8750015258789
6.75,116.9000015258789
6.725,126.07500305175782
6.775,126.07500305175782
6.725,126.0250030517578
6.775,126.0250030517578
6.75,126.05000305175781
6.725,131.37500610351563
6.775,131.37500610351563
6.725,131.32500610351562
6.775,131.32500610351562
6.75,131.35000610351562
6.675000762939453,116.9749969482422
6.7250007629394535,116.9749969482422
6.675000762939453,116.92499694824218
6.7250007629394535,116.92499694824218
6.700000762939453,116.94999694824219
6.675000762939453,125.42500152587891
6.7250007629394535,125.42500152587891
6.675000762939453,125.3750015258789
6.7250007629394535,125.3750015258789
6.700000762939453,125.4000015258789
6.675000762939453,138.32500305175782
6.7250007629394535,138.32500305175782
6.675000762939453,138.2750030517578
6.7250007629394535,138.2750030517578
6.700000762939453,138.3000030517578
6.675000762939453,140.87500610351563
6.7250007629394535,140.87500610351563
6.675000762939453,140.82500610351562
6.7250007629394535,140.82500610351562
6.700000762939453,140.85000610351562
6.62499771118164,117.7249969482422
6.674997711181641,117.7249969482422
6.62499771118164,117.67499694824218
6.674997711181641,117.67499694824218
6.649997711181641,117.69999694824219
6.62499771118164,131.57500305175782
6.674997711181641,131.57500305175782
6.62499771118164,131.5250030517578
6.674997711181641,131.5250030517578
6.649997711181641,131.5500030517578
6.574998474121093,103.57500305175782
6.624998474121094,103.57500305175782
6.574998474121093,103.5250030517578
6.624998474121094,103.5250030517578
6.599998474121094,103.55000305175781
6.574998474121093,105.9749969482422
6.624998474121094,105.9749969482422
6.574998474121093,105.92499694824218
6.624998474121094,105.92499694824218
6.599998474121094,105.94999694824219
6.5249992370605465,119.275
6.574999237060547,119.275
6.5249992370605465,119.225
6.574999237060547,119.225
6.549999237060547,119.25
6.475,131.92499389648438
6.525,131.92499389648438
6.475,131.87499389648437
6.525,131.87499389648437
6.5,131.89999389648438
6.425000762939453,115.9749969482422
6.4750007629394535,115.9749969482422
6.425000762939453,115.92499694824218
6.4750007629394535,115.92499694824218
6.450000762939453,115.94999694824219
6.425000762939453,116.025
6.4750007629394535,116.025
6.425000762939453,115.975
6.4750007629394535,115.975
6.450000762939453,116.0
6.37499771118164,119.2249969482422
6.424997711181641,119.2249969482422
6.37499771118164,119.17499694824218
6.424997711181641,119.17499694824218
6.399997711181641,119.19999694824219
6.37499771118164,121.82500305175782
6.424997711181641,121.82500305175782
6.37499771118164,121.7750030517578
6.424997711181641,121.7750030517578
6.399997711181641,121.80000305175781
6.37499771118164,134.87500610351563
6.424997711181641,134.87500610351563
6.37499771118164,134.82500610351562
6.424997711181641,134.82500610351562
6.399997711181641,134.85000610351562
6.324998474121093,102.9749969482422
6.374998474121094,102.9749969482422
6.324998474121093,102.92499694824218
6.374998474121094,102.92499694824218
6.349998474121094,102.94999694824219
6.324998474121093,115.57500305175782
6.374998474121094,115.57500305175782
6.324998474121093,115.5250030517578
6.374998474121094,115.5250030517578
6.349998474121094,115.55000305175781
6.324998474121093,115.9749969482422
6.374998474121094,115.9749969482422
6.324998474121093,115.92499694824218
6.374998474121094,115.92499694824218
6.349998474121094,115.94999694824219
6.2749992370605465,119.42500152587891
6.324999237060547,119.42500152587891
6.2749992370605465,119.3750015258789
6.324999237060547,119.3750015258789
6.299999237060547,119.4000015258789
6.2749992370605465,122.275
6.324999237060547,122.275
6.2749992370605465,122.225
6.324999237060547,122.225
6.299999237060547,122.25
6.225,102.3749984741211
6.275,102.3749984741211
6.225,102.32499847412109
6.275,102.32499847412109
6.25,102.3499984741211
6.225,103.3749984741211
6.275,103.3749984741211
6.225,103.32499847412109
6.275,103.32499847412109
6.25,103.3499984741211
6.225,113.67500152587891
6.275,113.67500152587891
6.225,113.6250015258789
6.275,113.6250015258789
6.25,113.6500015258789
6.225,133.87500610351563
6.275,133.87500610351563
6.225,133.82500610351562
6.275,133.82500610351562
6.25,133.85000610351562
6.225,134.32500305175782
6.275,134.32500305175782
6.225,134.2750030517578
6.275,134.2750030517578
6.25,134.3000030517578
6.175000762939453,102.67500152587891
6.2250007629394535,102.67500152587891
6.175000762939453,102.6250015258789
6.2250007629394535,102.6250015258789
6.200000762939453,102.6500015258789
6.12499771118164,138.87500610351563
6.174997711181641,138.87500610351563
6.12499771118164,138.82500610351562
6.174997711181641,138.82500610351562
6.149997711181641,138.85000610351562
6.074998474121093,120.17500152587891
6.124998474121094,120.17500152587891
6.074998474121093,120.1250015258789
6.124998474121094,120.1250015258789
6.099998474121094,120.1500015258789
6.074998474121093,126.275
6.124998474121094,126.275
6.074998474121093,126.225
6.124998474121094,126.225
6.099998474121094,126.25
6.074998474121093,138.32500305175782
6.124998474121094,138.32500305175782
6.074998474121093,138.2750030517578
6.124998474121094,138.2750030517578
6.099998474121094,138.3000030517578
6.0249992370605465,102.525
6.074999237060547,102.525
6.0249992370605465,102.475
6.074999237060547,102.475
6.049999237060547,102.5
6.0249992370605465,134.37500610351563
6.074999237060547,134.37500610351563
6.0249992370605465,134.32500610351562
6.074999237060547,134.32500610351562
6.049999237060547,134.35000610351562
5.975,102.525
6.025,102.525
5.975,102.475
6.025,102.475
6.0,102.5
5.975,112.92500152587891
6.025,112.92500152587891
5.975,112.8750015258789
6.025,112.8750015258789
6.0,112.9000015258789
5.975,119.4749969482422
6.025,119.4749969482422
5.975,119.42499694824218
6.025,119.42499694824218
6.0,119.44999694824219
5.975,124.275
6.025,124.275
5.975,124.225
6.025,124.225
6.0,124.25
5.975,126.57500305175782
6.025,126.57500305175782
5.975,126.5250030517578
6.025,126.5250030517578
6.0,126.55000305175781
5.975,138.92499389648438
6.025,138.92499389648438
5.975,138.87499389648437
6.025,138.87499389648437
6.0,138.89999389648438
5.925000762939453,130.82500305175782
5.9750007629394535,130.82500305175782
5.925000762939453,130.7750030517578
5.9750007629394535,130.7750030517578
5.950000762939453,130.8000030517578
5.925000762939453,132.37500610351563
5.9750007629394535,132.37500610351563
5.925000762939453,132.32500610351562
5.9750007629394535,132.32500610351562
5.950000762939453,132.35000610351562
5.87499771118164,118.2249969482422
5.924997711181641,118.2249969482422
5.87499771118164,118.17499694824218
5.924997711181641,118.17499694824218
5.899997711181641,118.19999694824219
5.87499771118164,141.07500305175782
5.924997711181641,141.07500305175782
5.87499771118164,141.0250030517578
5.924997711181641,141.0250030517578
5.899997711181641,141.0500030517578
5.7749992370605465,102.82500305175782
5.824999237060547,102.82500305175782
5.7749992370605465,102.7750030517578
5.824999237060547,102.7750030517578
5.799999237060547,102.80000305175781
5.7749992370605465,123.82500305175782
5.824999237060547,123.82500305175782
5.7749992370605465,123.7750030517578
5.824999237060547,123.7750030517578
5.799999237060547,123.80000305175781
5.7749992370605465,134.525
5.824999237060547,134.525
5.7749992370605465,134.475
5.824999237060547,134.475
5.799999237060547,134.5
5.725,102.7249969482422
5.775,102.7249969482422
5.725,102.67499694824218
5.775,102.67499694824218
5.75,102.69999694824219
5.725,115.525
5.775,115.525
5.725,115.475
5.775,115.475
5.75,115.5
5.725,119.7249969482422
5.775,119.7249969482422
5.725,119.67499694824218
5.775,119.67499694824218
5.75,119.69999694824219
5.725,124.525
5.775,124.525
5.725,124.475
5.775,124.475
5.75,124.5
5.725,125.92500152587891
5.775,125.92500152587891
5.725,125.8750015258789
5.775,125.8750015258789
5.75,125.9000015258789
5.725,126.07500305175782
5.775,126.07500305175782
5.725,126.0250030517578
5.775,126.0250030517578
5.75,126.05000305175781
5.675000762939453,102.775
5.7250007629394535,102.775
5.675000762939453,102.725
5.7250007629394535,102.725
5.700000762939453,102.75
5.675000762939453,118.7249969482422
5.7250007629394535,118.7249969482422
5.675000762939453,118.67499694824218
5.7250007629394535,118.67499694824218
5.700000762939453,118.69999694824219
5.675000762939453,120.2249969482422
5.7250007629394535,120.2249969482422
5.675000762939453,120.17499694824218
5.7250007629394535,120.17499694824218
5.700000762939453,120.19999694824219
5.62499771118164,102.82500305175782
5.674997711181641,102.82500305175782
5.62499771118164,102.7750030517578
5.674997711181641,102.7750030517578
5.649997711181641,102.80000305175781
5.62499771118164,111.525
5.674997711181641,111.525
5.62499771118164,111.475
5.674997711181641,111.475
5.649997711181641,111.5
5.62499771118164,118.775
5.674997711181641,118.775
5.62499771118164,118.725
5.674997711181641,118.725
5.649997711181641,118.75
5.62499771118164,125.17500152587891
5.674997711181641,125.17500152587891
5.62499771118164,125.1250015258789
5.674997711181641,125.1250015258789
5.649997711181641,125.1500015258789
5.574998474121093,91.07500305175782
5.624998474121094,91.07500305175782
5.574998474121093,91.0250030517578
5.624998474121094,91.0250030517578
5.599998474121094,91.05000305175781
5.574998474121093,118.82500305175782
5.624998474121094,118.82500305175782
5.574998474121093,118.7750030517578
5.624998474121094,118.7750030517578
5.599998474121094,118.80000305175781
5.574998474121093,124.025
5.624998474121094,124.025
5.574998474121093,123.975
5.624998474121094,123.975
5.599998474121094,124.0
5.574998474121093,130.4749969482422
5.624998474121094,130.4749969482422
5.574998474121093,130.42499694824218
5.624998474121094,130.42499694824218
5.599998474121094,130.4499969482422
5.5249992370605465,113.025
5.574999237060547,113.025
5.5249992370605465,112.975
5.574999237060547,112.975
5.549999237060547,113.0
5.5249992370605465,118.9749969482422
5.574999237060547,118.9749969482422
5.5249992370605465,118.92499694824218
5.574999237060547,118.92499694824218
5.549999237060547,118.94999694824219
5.5249992370605465,124.025
5.574999237060547,124.025
5.5249992370605465,123.975
5.574999237060547,123.975
5.549999237060547,124.0
5.5249992370605465,124.275
5.574999237060547,124.275
5.5249992370605465,124.225
5.574999237060547,124.225
5.549999237060547,124.25
5.5249992370605465,124.62500610351563
5.574999237060547,124.62500610351563
5.5249992370605465,124.57500610351562
5.574999237060547,124.57500610351562
5.549999237060547,124.60000610351562
5.5249992370605465,133.4749969482422
5.574999237060547,133.4749969482422
5.5249992370605465,133.42499694824218
5.574999237060547,133.42499694824218
5.549999237060547,133.4499969482422
5.5249992370605465,134.2249969482422
5.574999237060547,134.2249969482422
5.5249992370605465,134.17499694824218
5.574999237060547,134.17499694824218
5.549999237060547,134.1999969482422
5.475,103.07500305175782
5.525,103.07500305175782
5.475,103.0250030517578
5.525,103.0250030517578
5.5,103.05000305175781
5.475,115.07500305175782
5.525,115.07500305175782
5.475,115.0250030517578
5.525,115.0250030517578
5.5,115.05000305175781
5.475,115.12500610351563
5.525,115.12500610351563
5.475,115.07500610351562
5.525,115.07500610351562
5.5,115.10000610351562
5.475,124.57500305175782
5.525,124.57500305175782
5.475,124.5250030517578
5.525,124.5250030517578
5.5,124.55000305175781
5.425000762939453,103.1249984741211
5.4750007629394535,103.1249984741211
5.425000762939453,103.07499847412109
5.4750007629394535,103.07499847412109
5.450000762939453,103.0999984741211
5.425000762939453,111.275
5.4750007629394535,111.275
5.425000762939453,111.225
5.4750007629394535,111.225
5.450000762939453,111.25
5.425000762939453,134.92499389648438
5.4750007629394535,134.92499389648438
5.425000762939453,134.87499389648437
5.4750007629394535,134.87499389648437
5.450000762939453,134.89999389648438
5.324998474121093,130.025
5.374998474121094,130.025
5.324998474121093,129.975
5.374998474121094,129.975
5.349998474121094,130.0
5.2749992370605465,111.17500152587891
5.324999237060547,111.17500152587891
5.2749992370605465,111.1250015258789
5.324999237060547,111.1250015258789
5.299999237060547,111.1500015258789
5.2749992370605465,124.7249969482422
5.324999237060547,124.7249969482422
5.2749992370605465,124.67499694824218
5.324999237060547,124.67499694824218
5.299999237060547,124.69999694824219
5.225,91.07500305175782
5.275,91.07500305175782
5.225,91.0250030517578
5.275,91.0250030517578
5.25,91.05000305175781
5.225,103.275
5.275,103.275
5.225,103.225
5.275,103.225
5.25,103.25
5.225,123.525
5.275,123.525
5.225,123.475
5.275,123.475
5.25,123.5
5.225,124.4749969482422
5.275,124.4749969482422
5.225,124.42499694824218
5.275,124.42499694824218
5.25,124.44999694824219
5.175000762939453,91.07500305175782
5.2250007629394535,91.07500305175782
5.175000762939453,91.0250030517578
5.2250007629394535,91.0250030517578
5.200000762939453,91.05000305175781
5.175000762939453,131.12500610351563
5.2250007629394535,131.12500610351563
5.175000762939453,131.07500610351562
5.2250007629394535,131.07500610351562
5.200000762939453,131.10000610351562
5.12499771118164,137.12500610351563
5.174997711181641,137.12500610351563
5.12499771118164,137.07500610351562
5.174997711181641,137.07500610351562
5.149997711181641,137.10000610351562
5.12499771118164,140.57500305175782
5.174997711181641,140.57500305175782
5.12499771118164,140.5250030517578
5.174997711181641,140.5250030517578
5.149997711181641,140.5500030517578
5.074998474121093,115.07500305175782
5.124998474121094,115.07500305175782
5.074998474121093,115.0250030517578
5.124998474121094,115.0250030517578
5.099998474121094,115.05000305175781
5.074998474121093,120.17500152587891
5.124998474121094,120.17500152587891
5.074998474121093,120.1250015258789
5.124998474121094,120.1250015258789
5.099998474121094,120.1500015258789
5.074998474121093,123.62500610351563
5.124998474121094,123.62500610351563
5.074998474121093,123.57500610351562
5.124998474121094,123.57500610351562
5.099998474121094,123.60000610351562
5.074998474121093,124.42500152587891
5.124998474121094,124.42500152587891
5.074998474121093,124.3750015258789
5.124998474121094,124.3750015258789
5.099998474121094,124.4000015258789
5.0249992370605465,120.12500610351563
5.074999237060547,120.12500610351563
5.0249992370605465,120.07500610351562
5.074999237060547,120.07500610351562
5.049999237060547,120.10000610351562
5.0249992370605465,123.525
5.074999237060547,123.525
5.0249992370605465,123.475
5.074999237060547,123.475
5.049999237060547,123.5
5.0249992370605465,123.57500305175782
5.074999237060547,123.57500305175782
5.0249992370605465,123.5250030517578
5.074999237060547,123.5250030517578
5.049999237060547,123.55000305175781
4.975,100.1249984741211
5.025,100.1249984741211
4.975,100.07499847412109
5.025,100.07499847412109
5.0,100.0999984741211
4.975,118.37500610351563
5.025,118.37500610351563
4.975,118.32500610351562
5.025,118.32500610351562
5.0,118.35000610351562
4.975,124.42500152587891
5.025,124.42500152587891
4.975,124.3750015258789
5.025,124.3750015258789
5.0,124.4000015258789
4.975,137.37500610351563
5.025,137.37500610351563
4.975,137.32500610351562
5.025,137.32500610351562
5.0,137.35000610351562
4.975,138.17499389648438
5.025,138.17499389648438
4.975,138.12499389648437
5.025,138.12499389648437
5.0,138.14999389648438
4.925000762939453,100.1249984741211
4.9750007629394535,100.1249984741211
4.925000762939453,100.07499847412109
4.9750007629394535,100.07499847412109
4.950000762939453,100.0999984741211
4.925000762939453,103.525
4.9750007629394535,103.525
4.925000762939453,103.475
4.9750007629394535,103.475
4.950000762939453,103.5
4.925000762939453,106.3749984741211
4.9750007629394535,106.3749984741211
4.925000762939453,106.32499847412109
4.9750007629394535,106.32499847412109
4.950000762939453,106.3499984741211
4.925000762939453,106.42500152587891
4.9750007629394535,106.42500152587891
4.925000762939453,106.3750015258789
4.9750007629394535,106.3750015258789
4.950000762939453,106.4000015258789
4.925000762939453,119.92500152587891
4.9750007629394535,119.92500152587891
4.925000762939453,119.8750015258789
4.9750007629394535,119.8750015258789
4.950000762939453,119.9000015258789
4.87499771118164,100.1249984741211
4.924997711181641,100.1249984741211
4.87499771118164,100.07499847412109
4.924997711181641,100.07499847412109
4.899997711181641,100.0999984741211
4.87499771118164,100.17500152587891
4.924997711181641,100.17500152587891
4.87499771118164,100.1250015258789
4.924997711181641,100.1250015258789
4.899997711181641,100.1500015258789
4.87499771118164,112.9749969482422
4.924997711181641,112.9749969482422
4.87499771118164,112.92499694824218
4.924997711181641,112.92499694824218
4.899997711181641,112.94999694824219
4.87499771118164,122.7249969482422
4.924997711181641,122.7249969482422
4.87499771118164,122.67499694824218
4.924997711181641,122.67499694824218
4.899997711181641,122.69999694824219
4.824998474121093,100.2249969482422
4.874998474121094,100.2249969482422
4.824998474121093,100.17499694824218
4.874998474121094,100.17499694824218
4.849998474121094,100.19999694824219
4.824998474121093,106.17500152587891
4.874998474121094,106.17500152587891
4.824998474121093,106.1250015258789
4.874998474121094,106.1250015258789
4.849998474121094,106.1500015258789
4.824998474121093,106.67500152587891
4.874998474121094,106.67500152587891
4.824998474121093,106.6250015258789
4.874998474121094,106.6250015258789
4.849998474121094,106.6500015258789
4.824998474121093,113.07500305175782
4.874998474121094,113.07500305175782
4.824998474121093,113.0250030517578
4.874998474121094,113.0250030517578
4.849998474121094,113.05000305175781
4.824998474121093,119.92500152587891
4.874998474121094,119.92500152587891
4.824998474121093,119.8750015258789
4.874998474121094,119.8750015258789
4.849998474121094,119.9000015258789
4.7749992370605465,99.82500305175782
4.824999237060547,99.82500305175782
4.7749992370605465,99.7750030517578
4.824999237060547,99.7750030517578
4.799999237060547,99.80000305175781
4.7749992370605465,111.8749984741211
4.824999237060547,111.8749984741211
4.7749992370605465,111.82499847412109
4.824999237060547,111.82499847412109
4.799999237060547,111.8499984741211
4.7749992370605465,136.12500610351563
4.824999237060547,136.12500610351563
4.7749992370605465,136.07500610351562
4.824999237060547,136.07500610351562
4.799999237060547,136.10000610351562
4.7749992370605465,138.07500305175782
4.824999237060547,138.07500305175782
4.7749992370605465,138.0250030517578
4.824999237060547,138.0250030517578
4.799999237060547,138.0500030517578
4.7749992370605465,138.7249969482422
4.824999237060547,138.7249969482422
4.7749992370605465,138.67499694824218
4.824999237060547,138.67499694824218
4.799999237060547,138.6999969482422
4.725,105.3749984741211
4.775,105.3749984741211
4.725,105.32499847412109
4.775,105.32499847412109
4.75,105.3499984741211
4.725,121.7249969482422
4.775,121.7249969482422
4.725,121.67499694824218
4.775,121.67499694824218
4.75,121.69999694824219
4.675000762939453,107.4749969482422
4.7250007629394535,107.4749969482422
4.675000762939453,107.42499694824218
4.7250007629394535,107.42499694824218
4.700000762939453,107.44999694824219
4.675000762939453,113.07500305175782
4.7250007629394535,113.07500305175782
4.675000762939453,113.0250030517578
4.7250007629394535,113.0250030517578
4.700000762939453,113.05000305175781
4.675000762939453,138.42499389648438
4.7250007629394535,138.42499389648438
4.675000762939453,138.37499389648437
4.7250007629394535,138.37499389648437
4.700000762939453,138.39999389648438
4.62499771118164,107.42500152587891
4.674997711181641,107.42500152587891
4.62499771118164,107.3750015258789
4.674997711181641,107.3750015258789
4.649997711181641,107.4000015258789
4.574998474121093,100.025
4.624998474121094,100.025
4.574998474121093,99.975
4.624998474121094,99.975
4.599998474121094,100.0
4.574998474121093,100.07500305175782
4.624998474121094,100.07500305175782
4.574998474121093,100.0250030517578
4.624998474121094,100.0250030517578
4.599998474121094,100.05000305175781
4.574998474121093,119.9749969482422
4.624998474121094,119.9749969482422
4.574998474121093,119.92499694824218
4.624998474121094,119.92499694824218
4.599998474121094,119.94999694824219
4.574998474121093,137.2249969482422
4.624998474121094,137.2249969482422
4.574998474121093,137.17499694824218
4.624998474121094,137.17499694824218
4.599998474121094,137.1999969482422
4.5249992370605465,100.1249984741211
4.574999237060547,100.1249984741211
4.5249992370605465,100.07499847412109
4.574999237060547,100.07499847412109
4.549999237060547,100.0999984741211
4.5249992370605465,100.42500152587891
4.574999237060547,100.42500152587891
4.5249992370605465,100.3750015258789
4.574999237060547,100.3750015258789
4.549999237060547,100.4000015258789
4.5249992370605465,108.775
4.574999237060547,108.775
4.5249992370605465,108.725
4.574999237060547,108.725
4.549999237060547,108.75
4.5249992370605465,111.4749969482422
4.574999237060547,111.4749969482422
4.5249992370605465,111.42499694824218
4.574999237060547,111.42499694824218
4.549999237060547,111.44999694824219
4.5249992370605465,111.6249984741211
4.574999237060547,111.6249984741211
4.5249992370605465,111.57499847412109
4.574999237060547,111.57499847412109
4.549999237060547,111.5999984741211
4.5249992370605465,125.4749969482422
4.574999237060547,125.4749969482422
4.5249992370605465,125.42499694824218
4.574999237060547,125.42499694824218
4.549999237060547,125.44999694824219
4.475,100.2249969482422
4.525,100.2249969482422
4.475,100.17499694824218
4.525,100.17499694824218
4.5,100.19999694824219
4.475,100.275
4.525,100.275
4.475,100.225
4.525,100.225
4.5,100.25
4.475,112.42500152587891
4.525,112.42500152587891
4.475,112.3750015258789
4.525,112.3750015258789
4.5,112.4000015258789
4.425000762939453,119.82500305175782
4.4750007629394535,119.82500305175782
4.425000762939453,119.7750030517578
4.4750007629394535,119.7750030517578
4.450000762939453,119.80000305175781
4.425000762939453,120.92500152587891
4.4750007629394535,120.92500152587891
4.425000762939453,120.8750015258789
4.4750007629394535,120.8750015258789
4.450000762939453,120.9000015258789
4.37499771118164,107.42500152587891
4.424997711181641,107.42500152587891
4.37499771118164,107.3750015258789
4.424997711181641,107.3750015258789
4.399997711181641,107.4000015258789
4.37499771118164,121.025
4.424997711181641,121.025
4.37499771118164,120.975
4.424997711181641,120.975
4.399997711181641,121.0
4.37499771118164,131.12500610351563
4.424997711181641,131.12500610351563
4.37499771118164,131.07500610351562
4.424997711181641,131.07500610351562
4.399997711181641,131.10000610351562
4.324998474121093,99.025
4.374998474121094,99.025
4.324998474121093,98.975
4.374998474121094,98.975
4.349998474121094,99.0
4.324998474121093,100.42500152587891
4.374998474121094,100.42500152587891
4.324998474121093,100.3750015258789
4.374998474121094,100.3750015258789
4.349998474121094,100.4000015258789
4.2749992370605465,99.82500305175782
4.324999237060547,99.82500305175782
4.2749992370605465,99.7750030517578
4.324999237060547,99.7750030517578
4.299999237060547,99.80000305175781
4.2749992370605465,128.775
4.324999237060547,128.775
4.2749992370605465,128.725
4.324999237060547,128.725
4.299999237060547,128.75
4.225,98.42500152587891
4.275,98.42500152587891
4.225,98.3750015258789
4.275,98.3750015258789
4.25,98.4000015258789
4.225,98.6249984741211
4.275,98.6249984741211
4.225,98.57499847412109
4.275,98.57499847412109
4.25,98.5999984741211
4.225,100.025
4.275,100.025
4.225,99.975
4.275,99.975
4.25,100.0
4.225,100.3749984741211
4.275,100.3749984741211
4.225,100.32499847412109
4.275,100.32499847412109
4.25,100.3499984741211
4.225,108.2249969482422
4.275,108.2249969482422
4.225,108.17499694824218
4.275,108.17499694824218
4.25,108.19999694824219
4.175000762939453,94.42500152587891
4.2250007629394535,94.42500152587891
4.175000762939453,94.3750015258789
4.2250007629394535,94.3750015258789
4.200000762939453,94.4000015258789
4.175000762939453,99.67500152587891
4.2250007629394535,99.67500152587891
4.175000762939453,99.6250015258789
4.2250007629394535,99.6250015258789
4.200000762939453,99.6500015258789
4.175000762939453,100.275
4.2250007629394535,100.275
4.175000762939453,100.225
4.2250007629394535,100.225
4.200000762939453,100.25
4.175000762939453,104.9749969482422
4.2250007629394535,104.9749969482422
4.175000762939453,104.92499694824218
4.2250007629394535,104.92499694824218
4.200000762939453,104.94999694824219
4.175000762939453,113.2249969482422
4.2250007629394535,113.2249969482422
4.175000762939453,113.17499694824218
4.2250007629394535,113.17499694824218
4.200000762939453,113.19999694824219
4.175000762939453,126.775
4.2250007629394535,126.775
4.175000762939453,126.725
4.2250007629394535,126.725
4.200000762939453,126.75
4.12499771118164,98.4749969482422
4.174997711181641,98.4749969482422
4.12499771118164,98.42499694824218
4.174997711181641,98.42499694824218
4.149997711181641,98.44999694824219
4.12499771118164,99.57500305175782
4.174997711181641,99.57500305175782
4.12499771118164,99.5250030517578
4.174997711181641,99.5250030517578
4.149997711181641,99.55000305175781
4.12499771118164,99.9749969482422
4.174997711181641,99.9749969482422
4.12499771118164,99.92499694824218
4.174997711181641,99.92499694824218
4.149997711181641,99.94999694824219
4.12499771118164,100.2249969482422
4.174997711181641,100.2249969482422
4.12499771118164,100.17499694824218
4.174997711181641,100.17499694824218
4.149997711181641,100.19999694824219
4.12499771118164,100.42500152587891
4.174997711181641,100.42500152587891
4.12499771118164,100.3750015258789
4.174997711181641,100.3750015258789
4.149997711181641,100.4000015258789
4.12499771118164,100.57500305175782
4.174997711181641,100.57500305175782
4.12499771118164,100.5250030517578
4.174997711181641,100.5250030517578
4.149997711181641,100.55000305175781
4.12499771118164,103.6249984741211
4.174997711181641,103.6249984741211
4.12499771118164,103.57499847412109
4.174997711181641,103.57499847412109
4.149997711181641,103.5999984741211
4.12499771118164,119.92500152587891
4.174997711181641,119.92500152587891
4.12499771118164,119.8750015258789
4.174997711181641,119.8750015258789
4.149997711181641,119.9000015258789
4.074998474121093,95.9749969482422
4.124998474121094,95.9749969482422
4.074998474121093,95.92499694824218
4.124998474121094,95.92499694824218
4.099998474121094,95.94999694824219
4.074998474121093,96.07500305175782
4.124998474121094,96.07500305175782
4.074998474121093,96.0250030517578
4.124998474121094,96.0250030517578
4.099998474121094,96.05000305175781
4.074998474121093,99.775
4.124998474121094,99.775
4.074998474121093,99.725
4.124998474121094,99.725
4.099998474121094,99.75
4.074998474121093,99.8749984741211
4.124998474121094,99.8749984741211
4.074998474121093,99.82499847412109
4.124998474121094,99.82499847412109
4.099998474121094,99.8499984741211
4.074998474121093,103.525
4.124998474121094,103.525
4.074998474121093,103.475
4.124998474121094,103.475
4.099998474121094,103.5
4.074998474121093,103.67500152587891
4.124998474121094,103.67500152587891
4.074998474121093,103.6250015258789
4.124998474121094,103.6250015258789
4.099998474121094,103.6500015258789
4.074998474121093,108.07500305175782
4.124998474121094,108.07500305175782
4.074998474121093,108.0250030517578
4.124998474121094,108.0250030517578
4.099998474121094,108.05000305175781
4.074998474121093,108.32500305175782
4.124998474121094,108.32500305175782
4.074998474121093,108.2750030517578
4.124998474121094,108.2750030517578
4.099998474121094,108.30000305175781
4.074998474121093,108.6249984741211
4.124998474121094,108.6249984741211
4.074998474121093,108.57499847412109
4.124998474121094,108.57499847412109
4.099998474121094,108.5999984741211
4.074998474121093,120.275
4.124998474121094,120.275
4.074998474121093,120.225
4.124998474121094,120.225
4.099998474121094,120.25
4.0249992370605465,99.32500305175782
4.074999237060547,99.32500305175782
4.0249992370605465,99.2750030517578
4.074999237060547,99.2750030517578
4.049999237060547,99.30000305175781
4.0249992370605465,100.1249984741211
4.074999237060547,100.1249984741211
4.0249992370605465,100.07499847412109
4.074999237060547,100.07499847412109
4.049999237060547,100.0999984741211
4.0249992370605465,100.6249984741211
4.074999237060547,100.6249984741211
4.0249992370605465,100.57499847412109
4.074999237060547,100.57499847412109
4.049999237060547,100.5999984741211
4.0249992370605465,105.92500152587891
4.074999237060547,105.92500152587891
4.0249992370605465,105.8750015258789
4.074999237060547,105.8750015258789
4.049999237060547,105.9000015258789
3.975,93.8749984741211
4.025,93.8749984741211
3.975,93.82499847412109
4.025,93.82499847412109
4.0,93.8499984741211
3.975,100.025
4.025,100.025
3.975,99.975
4.025,99.975
4.0,100.0
3.975,100.3749984741211
4.025,100.3749984741211
3.975,100.32499847412109
4.025,100.32499847412109
4.0,100.3499984741211
3.975,111.3749984741211
4.025,111.3749984741211
3.975,111.32499847412109
4.025,111.32499847412109
4.0,111.3499984741211
3.975,120.525
4.025,120.525
3.975,120.475
4.025,120.475
4.0,120.5
3.975,120.67500152587891
4.025,120.67500152587891
3.975,120.6250015258789
4.025,120.6250015258789
4.0,120.6500015258789
3.925000762939453,100.025
3.975000762939453,100.025
3.925000762939453,99.975
3.975000762939453,99.975
3.950000762939453,100.0
3.925000762939453,100.07500305175782
3.975000762939453,100.07500305175782
3.925000762939453,100.0250030517578
3.975000762939453,100.0250030517578
3.950000762939453,100.05000305175781
3.925000762939453,100.32500305175782
3.975000762939453,100.32500305175782
3.925000762939453,100.2750030517578
3.975000762939453,100.2750030517578
3.950000762939453,100.30000305175781
3.925000762939453,111.92500152587891
3.975000762939453,111.92500152587891
3.925000762939453,111.8750015258789
3.975000762939453,111.8750015258789
3.950000762939453,111.9000015258789
3.8749977111816407,94.1249984741211
3.9249977111816405,94.1249984741211
3.8749977111816407,94.07499847412109
3.9249977111816405,94.07499847412109
3.8999977111816406,94.0999984741211
3.8749977111816407,94.6249984741211
3.9249977111816405,94.6249984741211
3.8749977111816407,94.57499847412109
3.9249977111816405,94.57499847412109
3.8999977111816406,94.5999984741211
3.8749977111816407,99.4749969482422
3.9249977111816405,99.4749969482422
3.8749977111816407,99.42499694824218
3.9249977111816405,99.42499694824218
3.8999977111816406,99.44999694824219
3.8749977111816407,100.275
3.9249977111816405,100.275
3.8749977111816407,100.225
3.9249977111816405,100.225
3.8999977111816406,100.25
3.8749977111816407,106.67500152587891
3.9249977111816405,106.67500152587891
3.8749977111816407,106.6250015258789
3.9249977111816405,106.6250015258789
3.8999977111816406,106.6500015258789
3.8749977111816407,120.7249969482422
3.9249977111816405,120.7249969482422
3.8749977111816407,120.67499694824218
3.9249977111816405,120.67499694824218
3.8999977111816406,120.69999694824219
3.824998474121094,98.9749969482422
3.8749984741210937,98.9749969482422
3.824998474121094,98.92499694824218
3.8749984741210937,98.92499694824218
3.8499984741210938,98.94999694824219
3.824998474121094,99.025
3.8749984741210937,99.025
3.824998474121094,98.975
3.8749984741210937,98.975
3.8499984741210938,99.0
3.824998474121094,100.275
3.8749984741210937,100.275
3.824998474121094,100.225
3.8749984741210937,100.225
3.8499984741210938,100.25
3.824998474121094,100.3749984741211
3.8749984741210937,100.3749984741211
3.824998474121094,100.32499847412109
3.8749984741210937,100.32499847412109
3.8499984741210938,100.3499984741211
3.824998474121094,108.025
3.8749984741210937,108.025
3.824998474121094,107.975
3.8749984741210937,107.975
3.8499984741210938,108.0
3.824998474121094,120.7249969482422
3.8749984741210937,120.7249969482422
3.824998474121094,120.67499694824218
3.8749984741210937,120.67499694824218
3.8499984741210938,120.69999694824219
3.774999237060547,98.8749984741211
3.824999237060547,98.8749984741211
3.774999237060547,98.82499847412109
3.824999237060547,98.82499847412109
3.799999237060547,98.8499984741211
3.774999237060547,100.2249969482422
3.824999237060547,100.2249969482422
3.774999237060547,100.17499694824218
3.824999237060547,100.17499694824218
3.799999237060547,100.19999694824219
3.774999237060547,100.275
3.824999237060547,100.275
3.774999237060547,100.225
3.824999237060547,100.225
3.799999237060547,100.25
3.774999237060547,100.3749984741211
3.824999237060547,100.3749984741211
3.774999237060547,100.32499847412109
3.824999237060547,100.32499847412109
3.799999237060547,100.3499984741211
3.774999237060547,100.6249984741211
3.824999237060547,100.6249984741211
3.774999237060547,100.57499847412109
3.824999237060547,100.57499847412109
3.799999237060547,100.5999984741211
3.774999237060547,104.82500305175782
3.824999237060547,104.82500305175782
3.774999237060547,104.7750030517578
3.824999237060547,104.7750030517578
3.799999237060547,104.80000305175781
3.774999237060547,108.67500152587891
3.824999237060547,108.67500152587891
3.774999237060547,108.6250015258789
3.824999237060547,108.6250015258789
3.799999237060547,108.6500015258789
3.774999237060547,138.12500610351563
3.824999237060547,138.12500610351563
3.774999237060547,138.07500610351562
3.824999237060547,138.07500610351562
3.799999237060547,138.10000610351562
3.725,91.2249969482422
3.775,91.2249969482422
3.725,91.17499694824218
3.775,91.17499694824218
3.75,91.19999694824219
3.725,93.6249984741211
3.775,93.6249984741211
3.725,93.57499847412109
3.775,93.57499847412109
3.75,93.5999984741211
3.725,99.525
3.775,99.525
3.725,99.475
3.775,99.475
3.75,99.5
3.725,100.4749969482422
3.775,100.4749969482422
3.725,100.42499694824218
3.775,100.42499694824218
3.75,100.44999694824219
3.725,100.6249984741211
3.775,100.6249984741211
3.725,100.57499847412109
3.775,100.57499847412109
3.75,100.5999984741211
3.725,103.3749984741211
3.775,103.3749984741211
3.725,103.32499847412109
3.775,103.32499847412109
3.75,103.3499984741211
3.725,138.17499389648438
3.775,138.17499389648438
3.725,138.12499389648437
3.775,138.12499389648437
3.75,138.14999389648438
3.675000762939453,99.3749984741211
3.725000762939453,99.3749984741211
3.675000762939453,99.32499847412109
3.725000762939453,99.32499847412109
3.700000762939453,99.3499984741211
3.675000762939453,99.4749969482422
3.725000762939453,99.4749969482422
3.675000762939453,99.42499694824218
3.725000762939453,99.42499694824218
3.700000762939453,99.44999694824219
3.675000762939453,100.3749984741211
3.725000762939453,100.3749984741211
3.675000762939453,100.32499847412109
3.725000762939453,100.32499847412109
3.700000762939453,100.3499984741211
3.675000762939453,103.9749969482422
3.725000762939453,103.9749969482422
3.675000762939453,103.92499694824218
3.725000762939453,103.92499694824218
3.700000762939453,103.94999694824219
3.675000762939453,108.07500305175782
3.725000762939453,108.07500305175782
3.675000762939453,108.0250030517578
3.725000762939453,108.0250030517578
3.700000762939453,108.05000305175781
3.675000762939453,108.92500152587891
3.725000762939453,108.92500152587891
3.675000762939453,108.8750015258789
3.725000762939453,108.8750015258789
3.700000762939453,108.9000015258789
3.675000762939453,128.37500610351563
3.725000762939453,128.37500610351563
3.675000762939453,128.32500610351562
3.725000762939453,128.32500610351562
3.700000762939453,128.35000610351562
3.6249977111816407,99.8749984741211
3.6749977111816405,99.8749984741211
3.6249977111816407,99.82499847412109
3.6749977111816405,99.82499847412109
3.6499977111816406,99.8499984741211
3.6249977111816407,99.9749969482422
3.6749977111816405,99.9749969482422
3.6249977111816407,99.92499694824218
3.6749977111816405,99.92499694824218
3.6499977111816406,99.94999694824219
3.6249977111816407,100.2249969482422
3.6749977111816405,100.2249969482422
3.6249977111816407,100.17499694824218
3.6749977111816405,100.17499694824218
3.6499977111816406,100.19999694824219
3.6249977111816407,100.32500305175782
3.6749977111816405,100.32500305175782
3.6249977111816407,100.2750030517578
3.6749977111816405,100.2750030517578
3.6499977111816406,100.30000305175781
3.6249977111816407,100.3749984741211
3.6749977111816405,100.3749984741211
3.6249977111816407,100.32499847412109
3.6749977111816405,100.32499847412109
3.6499977111816406,100.3499984741211
3.6249977111816407,100.4749969482422
3.6749977111816405,100.4749969482422
3.6249977111816407,100.42499694824218
3.6749977111816405,100.42499694824218
3.6499977111816406,100.44999694824219
3.6249977111816407,100.525
3.6749977111816405,100.525
3.6249977111816407,100.475
3.6749977111816405,100.475
3.6499977111816406,100.5
3.6249977111816407,109.17500152587891
3.6749977111816405,109.17500152587891
3.6249977111816407,109.1250015258789
3.6749977111816405,109.1250015258789
3.6499977111816406,109.1500015258789
3.574998474121094,96.32500305175782
3.6249984741210937,96.32500305175782
3.574998474121094,96.2750030517578
3.6249984741210937,96.2750030517578
3.5999984741210938,96.30000305175781
3.574998474121094,99.42500152587891
3.6249984741210937,99.42500152587891
3.574998474121094,99.3750015258789
3.6249984741210937,99.3750015258789
3.5999984741210938,99.4000015258789
3.574998474121094,100.32500305175782
3.6249984741210937,100.32500305175782
3.574998474121094,100.2750030517578
3.6249984741210937,100.2750030517578
3.5999984741210938,100.30000305175781
3.574998474121094,100.4749969482422
3.6249984741210937,100.4749969482422
3.574998474121094,100.42499694824218
3.6249984741210937,100.42499694824218
3.5999984741210938,100.44999694824219
3.574998474121094,100.67500152587891
3.6249984741210937,100.67500152587891
3.574998474121094,100.6250015258789
3.6249984741210937,100.6250015258789
3.5999984741210938,100.6500015258789
3.574998474121094,103.525
3.6249984741210937,103.525
3.574998474121094,103.475
3.6249984741210937,103.475
3.5999984741210938,103.5
3.574998474121094,104.42500152587891
3.6249984741210937,104.42500152587891
3.574998474121094,104.3750015258789
3.6249984741210937,104.3750015258789
3.5999984741210938,104.4000015258789
3.574998474121094,137.92499389648438
3.6249984741210937,137.92499389648438
3.574998474121094,137.87499389648437
3.6249984741210937,137.87499389648437
3.5999984741210938,137.89999389648438
3.524999237060547,99.3749984741211
3.574999237060547,99.3749984741211
3.524999237060547,99.32499847412109
3.574999237060547,99.32499847412109
3.549999237060547,99.3499984741211
3.524999237060547,99.525
3.574999237060547,99.525
3.524999237060547,99.475
3.574999237060547,99.475
3.549999237060547,99.5
3.524999237060547,100.4749969482422
3.574999237060547,100.4749969482422
3.524999237060547,100.42499694824218
3.574999237060547,100.42499694824218
3.549999237060547,100.44999694824219
3.524999237060547,100.7249969482422
3.574999237060547,100.7249969482422
3.524999237060547,100.67499694824218
3.574999237060547,100.67499694824218
3.549999237060547,100.69999694824219
3.524999237060547,103.6249984741211
3.574999237060547,103.6249984741211
3.524999237060547,103.57499847412109
3.574999237060547,103.57499847412109
3.549999237060547,103.5999984741211
3.524999237060547,104.6249984741211
3.574999237060547,104.6249984741211
3.524999237060547,104.57499847412109
3.574999237060547,104.57499847412109
3.549999237060547,104.5999984741211
3.524999237060547,106.3749984741211
3.574999237060547,106.3749984741211
3.524999237060547,106.32499847412109
3.574999237060547,106.32499847412109
3.549999237060547,106.3499984741211
3.475,99.525
3.525,99.525
3.475,99.475
3.525,99.475
3.5,99.5
3.475,100.7249969482422
3.525,100.7249969482422
3.475,100.67499694824218
3.525,100.67499694824218
3.5,100.69999694824219
3.475,108.2249969482422
3.525,108.2249969482422
3.475,108.17499694824218
3.525,108.17499694824218
3.5,108.19999694824219
3.475,113.2249969482422
3.525,113.2249969482422
3.475,113.17499694824218
3.525,113.17499694824218
3.5,113.19999694824219
3.475,118.07500305175782
3.525,118.07500305175782
3.475,118.0250030517578
3.525,118.0250030517578
3.5,118.05000305175781
3.475,138.12500610351563
3.525,138.12500610351563
3.475,138.07500610351562
3.525,138.07500610351562
3.5,138.10000610351562
3.425000762939453,92.57500305175782
3.475000762939453,92.57500305175782
3.425000762939453,92.5250030517578
3.475000762939453,92.5250030517578
3.450000762939453,92.55000305175781
3.425000762939453,92.775
3.475000762939453,92.775
3.425000762939453,92.725
3.475000762939453,92.725
3.450000762939453,92.75
3.425000762939453,99.525
3.475000762939453,99.525
3.425000762939453,99.475
3.475000762939453,99.475
3.450000762939453,99.5
3.425000762939453,100.32500305175782
3.475000762939453,100.32500305175782
3.425000762939453,100.2750030517578
3.475000762939453,100.2750030517578
3.450000762939453,100.30000305175781
3.425000762939453,100.525
3.475000762939453,100.525
3.425000762939453,100.475
3.475000762939453,100.475
3.450000762939453,100.5
3.425000762939453,100.57500305175782
3.475000762939453,100.57500305175782
3.425000762939453,100.5250030517578
3.475000762939453,100.5250030517578
3.450000762939453,100.55000305175781
3.425000762939453,100.8749984741211
3.475000762939453,100.8749984741211
3.425000762939453,100.82499847412109
3.475000762939453,100.82499847412109
3.450000762939453,100.8499984741211
3.425000762939453,100.92500152587891
3.475000762939453,100.92500152587891
3.425000762939453,100.8750015258789
3.475000762939453,100.8750015258789
3.450000762939453,100.9000015258789
3.425000762939453,104.1249984741211
3.475000762939453,104.1249984741211
3.425000762939453,104.07499847412109
3.475000762939453,104.07499847412109
3.450000762939453,104.0999984741211
3.3749977111816407,100.17500152587891
3.4249977111816405,100.17500152587891
3.3749977111816407,100.1250015258789
3.4249977111816405,100.1250015258789
3.3999977111816406,100.1500015258789
3.3749977111816407,100.2249969482422
3.4249977111816405,100.2249969482422
3.3749977111816407,100.17499694824218
3.4249977111816405,100.17499694824218
3.3999977111816406,100.19999694824219
3.3749977111816407,101.025
3.4249977111816405,101.025
3.3749977111816407,100.975
3.4249977111816405,100.975
3.3999977111816406,101.0
3.3749977111816407,106.2249969482422
3.4249977111816405,106.2249969482422
3.3749977111816407,106.17499694824218
3.4249977111816405,106.17499694824218
3.3999977111816406,106.19999694824219
3.3749977111816407,111.17500152587891
3.4249977111816405,111.17500152587891
3.3749977111816407,111.1250015258789
3.4249977111816405,111.1250015258789
3.3999977111816406,111.1500015258789
3.3749977111816407,128.4749969482422
3.4249977111816405,128.4749969482422
3.3749977111816407,128.42499694824218
3.4249977111816405,128.42499694824218
3.3999977111816406,128.4499969482422
3.324998474121094,99.7249969482422
3.3749984741210937,99.7249969482422
3.324998474121094,99.67499694824218
3.3749984741210937,99.67499694824218
3.3499984741210938,99.69999694824219
3.324998474121094,99.775
3.3749984741210937,99.775
3.324998474121094,99.725
3.3749984741210937,99.725
3.3499984741210938,99.75
3.324998474121094,99.8749984741211
3.3749984741210937,99.8749984741211
3.324998474121094,99.82499847412109
3.3749984741210937,99.82499847412109
3.3499984741210938,99.8499984741211
3.324998474121094,99.9749969482422
3.3749984741210937,99.9749969482422
3.324998474121094,99.92499694824218
3.3749984741210937,99.92499694824218
3.3499984741210938,99.94999694824219
3.324998474121094,100.025
3.3749984741210937,100.025
3.324998474121094,99.975
3.3749984741210937,99.975
3.3499984741210938,100.0
3.324998474121094,100.1249984741211
3.3749984741210937,100.1249984741211
3.324998474121094,100.07499847412109
3.3749984741210937,100.07499847412109
3.3499984741210938,100.0999984741211
3.324998474121094,100.32500305175782
3.3749984741210937,100.32500305175782
3.324998474121094,100.2750030517578
3.3749984741210937,100.2750030517578
3.3499984741210938,100.30000305175781
3.324998474121094,100.8749984741211
3.3749984741210937,100.8749984741211
3.324998474121094,100.82499847412109
3.3749984741210937,100.82499847412109
3.3499984741210938,100.8499984741211
3.324998474121094,103.525
3.3749984741210937,103.525
3.324998474121094,103.475
3.3749984741210937,103.475
3.3499984741210938,103.5
3.324998474121094,128.525
3.3749984741210937,128.525
3.324998474121094,128.475
3.3749984741210937,128.475
3.3499984741210938,128.5
3.324998474121094,138.07500305175782
3.3749984741210937,138.07500305175782
3.324998474121094,138.0250030517578
3.3749984741210937,138.0250030517578
3.3499984741210938,138.0500030517578
3.274999237060547,99.8749984741211
3.324999237060547,99.8749984741211
3.274999237060547,99.82499847412109
3.324999237060547,99.82499847412109
3.299999237060547,99.8499984741211
3.274999237060547,99.92500152587891
3.324999237060547,99.92500152587891
3.274999237060547,99.8750015258789
3.324999237060547,99.8750015258789
3.299999237060547,99.9000015258789
3.274999237060547,100.1249984741211
3.324999237060547,100.1249984741211
3.274999237060547,100.07499847412109
3.324999237060547,100.07499847412109
3.299999237060547,100.0999984741211
3.274999237060547,100.17500152587891
3.324999237060547,100.17500152587891
3.274999237060547,100.1250015258789
3.324999237060547,100.1250015258789
3.299999237060547,100.1500015258789
3.274999237060547,100.525
3.324999237060547,100.525
3.274999237060547,100.475
3.324999237060547,100.475
3.299999237060547,100.5
3.274999237060547,100.67500152587891
3.324999237060547,100.67500152587891
3.274999237060547,100.6250015258789
3.324999237060547,100.6250015258789
3.299999237060547,100.6500015258789
3.274999237060547,100.82500305175782
3.324999237060547,100.82500305175782
3.274999237060547,100.7750030517578
3.324999237060547,100.7750030517578
3.299999237060547,100.80000305175781
3.274999237060547,100.92500152587891
3.324999237060547,100.92500152587891
3.274999237060547,100.8750015258789
3.324999237060547,100.8750015258789
3.299999237060547,100.9000015258789
3.274999237060547,100.9749969482422
3.324999237060547,100.9749969482422
3.274999237060547,100.92499694824218
3.324999237060547,100.92499694824218
3.299999237060547,100.94999694824219
3.274999237060547,104.025
3.324999237060547,104.025
3.274999237060547,103.975
3.324999237060547,103.975
3.299999237060547,104.0
3.225,99.8749984741211
3.275,99.8749984741211
3.225,99.82499847412109
3.275,99.82499847412109
3.25,99.8499984741211
3.225,99.92500152587891
3.275,99.92500152587891
3.225,99.8750015258789
3.275,99.8750015258789
3.25,99.9000015258789
3.225,100.17500152587891
3.275,100.17500152587891
3.225,100.1250015258789
3.275,100.1250015258789
3.25,100.1500015258789
3.225,100.67500152587891
3.275,100.67500152587891
3.225,100.6250015258789
3.275,100.6250015258789
3.25,100.6500015258789
3.225,100.8749984741211
3.275,100.8749984741211
3.225,100.82499847412109
3.275,100.82499847412109
3.25,100.8499984741211
3.225,108.42500152587891
3.275,108.42500152587891
3.225,108.3750015258789
3.275,108.3750015258789
3.25,108.4000015258789
3.225,111.07500305175782
3.275,111.07500305175782
3.225,111.0250030517578
3.275,111.0250030517578
3.25,111.05000305175781
3.225,112.525
3.275,112.525
3.225,112.475
3.275,112.475
3.25,112.5
3.175000762939453,100.1249984741211
3.225000762939453,100.1249984741211
3.175000762939453,100.07499847412109
3.225000762939453,100.07499847412109
3.200000762939453,100.0999984741211
3.175000762939453,100.2249969482422
3.225000762939453,100.2249969482422
3.175000762939453,100.17499694824218
3.225000762939453,100.17499694824218
3.200000762939453,100.19999694824219
3.175000762939453,100.8749984741211
3.225000762939453,100.8749984741211
3.175000762939453,100.82499847412109
3.225000762939453,100.82499847412109
3.200000762939453,100.8499984741211
3.175000762939453,112.525
3.225000762939453,112.525
3.175000762939453,112.475
3.225000762939453,112.475
3.200000762939453,112.5
3.175000762939453,112.57500305175782
3.225000762939453,112.57500305175782
3.175000762939453,112.5250030517578
3.225000762939453,112.5250030517578
3.200000762939453,112.55000305175781
3.1249977111816407,101.275
3.1749977111816405,101.275
3.1249977111816407,101.225
3.1749977111816405,101.225
3.1499977111816406,101.25
3.1249977111816407,108.82500305175782
3.1749977111816405,108.82500305175782
3.1249977111816407,108.7750030517578
3.1749977111816405,108.7750030517578
3.1499977111816406,108.80000305175781
3.1249977111816407,110.32500305175782
3.1749977111816405,110.32500305175782
3.1249977111816407,110.2750030517578
3.1749977111816405,110.2750030517578
3.1499977111816406,110.30000305175781
3.1249977111816407,110.42500152587891
3.1749977111816405,110.42500152587891
3.1249977111816407,110.3750015258789
3.1749977111816405,110.3750015258789
3.1499977111816406,110.4000015258789
3.1249977111816407,112.37500610351563
3.1749977111816405,112.37500610351563
3.1249977111816407,112.32500610351562
3.1749977111816405,112.32500610351562
3.1499977111816406,112.35000610351562
3.1249977111816407,118.12500610351563
3.1749977111816405,118.12500610351563
3.1249977111816407,118.07500610351562
3.1749977111816405,118.07500610351562
3.1499977111816406,118.10000610351562
3.1249977111816407,137.9749969482422
3.1749977111816405,137.9749969482422
3.1249977111816407,137.92499694824218
3.1749977111816405,137.92499694824218
3.1499977111816406,137.9499969482422
3.074998474121094,100.025
3.1249984741210937,100.025
3.074998474121094,99.975
3.1249984741210937,99.975
3.0999984741210938,100.0
3.074998474121094,100.275
3.1249984741210937,100.275
3.074998474121094,100.225
3.1249984741210937,100.225
3.0999984741210938,100.25
3.074998474121094,108.775
3.1249984741210937,108.775
3.074998474121094,108.725
3.1249984741210937,108.725
3.0999984741210938,108.75
3.074998474121094,112.4749969482422
3.1249984741210937,112.4749969482422
3.074998474121094,112.42499694824218
3.1249984741210937,112.42499694824218
3.0999984741210938,112.44999694824219
3.074998474121094,117.7249969482422
3.1249984741210937,117.7249969482422
3.074998474121094,117.67499694824218
3.1249984741210937,117.67499694824218
3.0999984741210938,117.69999694824219
3.074998474121094,117.87500610351563
3.1249984741210937,117.87500610351563
3.074998474121094,117.82500610351562
3.1249984741210937,117.82500610351562
3.0999984741210938,117.85000610351562
3.074998474121094,137.92499389648438
3.1249984741210937,137.92499389648438
3.074998474121094,137.87499389648437
3.1249984741210937,137.87499389648437
3.0999984741210938,137.89999389648438
3.024999237060547,112.32500305175782
3.074999237060547,112.32500305175782
3.024999237060547,112.2750030517578
3.074999237060547,112.2750030517578
3.049999237060547,112.30000305175781
2.975,103.57500305175782
3.025,103.57500305175782
2.975,103.5250030517578
3.025,103.5250030517578
3.0,103.55000305175781
2.975,111.8749984741211
3.025,111.8749984741211
2.975,111.82499847412109
3.025,111.82499847412109
3.0,111.8499984741211
2.975,117.87500610351563
3.025,117.87500610351563
2.975,117.82500610351562
3.025,117.82500610351562
3.0,117.85000610351562
2.925000762939453,100.1249984741211
2.975000762939453,100.1249984741211
2.925000762939453,100.07499847412109
2.975000762939453,100.07499847412109
2.950000762939453,100.0999984741211
2.925000762939453,100.3749984741211
2.975000762939453,100.3749984741211
2.925000762939453,100.32499847412109
2.975000762939453,100.32499847412109
2.950000762939453,100.3499984741211
2.925000762939453,100.525
2.975000762939453,100.525
2.925000762939453,100.475
2.975000762939453,100.475
2.950000762939453,100.5
2.925000762939453,103.525
2.975000762939453,103.525
2.925000762939453,103.475
2.975000762939453,103.475
2.950000762939453,103.5
2.8749977111816407,100.525
2.9249977111816405,100.525
2.8749977111816407,100.475
2.9249977111816405,100.475
2.8999977111816406,100.5
2.8749977111816407,100.6249984741211
2.9249977111816405,100.6249984741211
2.8749977111816407,100.57499847412109
2.9249977111816405,100.57499847412109
2.8999977111816406,100.5999984741211
2.824998474121094,98.6249984741211
2.8749984741210937,98.6249984741211
2.824998474121094,98.57499847412109
2.8749984741210937,98.57499847412109
2.8499984741210938,98.5999984741211
2.824998474121094,100.32500305175782
2.8749984741210937,100.32500305175782
2.824998474121094,100.2750030517578
2.8749984741210937,100.2750030517578
2.8499984741210938,100.30000305175781
2.824998474121094,100.3749984741211
2.8749984741210937,100.3749984741211
2.824998474121094,100.32499847412109
2.8749984741210937,100.32499847412109
2.8499984741210938,100.3499984741211
2.824998474121094,100.525
2.8749984741210937,100.525
2.824998474121094,100.475
2.8749984741210937,100.475
2.8499984741210938,100.5
2.824998474121094,117.87500610351563
2.8749984741210937,117.87500610351563
2.824998474121094,117.82500610351562
2.8749984741210937,117.82500610351562
2.8499984741210938,117.85000610351562
2.824998474121094,131.775
2.8749984741210937,131.775
2.824998474121094,131.725
2.8749984741210937,131.725
2.8499984741210938,131.75
2.774999237060547,100.32500305175782
2.824999237060547,100.32500305175782
2.774999237060547,100.2750030517578
2.824999237060547,100.2750030517578
2.799999237060547,100.30000305175781
2.774999237060547,100.3749984741211
2.824999237060547,100.3749984741211
2.774999237060547,100.32499847412109
2.824999237060547,100.32499847412109
2.799999237060547,100.3499984741211
2.774999237060547,100.525
2.824999237060547,100.525
2.774999237060547,100.475
2.824999237060547,100.475
2.799999237060547,100.5
2.774999237060547,103.67500152587891
2.824999237060547,103.67500152587891
2.774999237060547,103.6250015258789
2.824999237060547,103.6250015258789
2.799999237060547,103.6500015258789
2.774999237060547,103.775
2.824999237060547,103.775
2.774999237060547,103.725
2.824999237060547,103.725
2.799999237060547,103.75
2.774999237060547,108.8749984741211
2.824999237060547,108.8749984741211
2.774999237060547,108.82499847412109
2.824999237060547,108.82499847412109
2.799999237060547,108.8499984741211
2.774999237060547,108.92500152587891
2.824999237060547,108.92500152587891
2.774999237060547,108.8750015258789
2.824999237060547,108.8750015258789
2.799999237060547,108.9000015258789
2.725,100.775
2.775,100.775
2.725,100.725
2.775,100.725
2.75,100.75
2.725,101.1249984741211
2.775,101.1249984741211
2.725,101.07499847412109
2.775,101.07499847412109
2.75,101.0999984741211
2.725,101.17500152587891
2.775,101.17500152587891
2.725,101.1250015258789
2.775,101.1250015258789
2.75,101.1500015258789
2.725,103.67500152587891
2.775,103.67500152587891
2.725,103.6250015258789
2.775,103.6250015258789
2.75,103.6500015258789
2.725,103.7249969482422
2.775,103.7249969482422
2.725,103.67499694824218
2.775,103.67499694824218
2.75,103.69999694824219
2.725,103.775
2.775,103.775
2.725,103.725
2.775,103.725
2.75,103.75
2.725,103.82500305175782
2.775,103.82500305175782
2.725,103.7750030517578
2.775,103.7750030517578
2.75,103.80000305175781
2.725,106.6249984741211
2.775,106.6249984741211
2.725,106.57499847412109
2.775,106.57499847412109
2.75,106.5999984741211
2.675000762939453,94.17500152587891
2.725000762939453,94.17500152587891
2.675000762939453,94.1250015258789
2.725000762939453,94.1250015258789
2.700000762939453,94.1500015258789
2.675000762939453,100.4749969482422
2.725000762939453,100.4749969482422
2.675000762939453,100.42499694824218
2.725000762939453,100.42499694824218
2.700000762939453,100.44999694824219
2.675000762939453,101.025
2.725000762939453,101.025
2.675000762939453,100.975
2.725000762939453,100.975
2.700000762939453,101.0
2.675000762939453,103.82500305175782
2.725000762939453,103.82500305175782
2.675000762939453,103.7750030517578
2.725000762939453,103.7750030517578
2.700000762939453,103.80000305175781
2.675000762939453,103.8749984741211
2.725000762939453,103.8749984741211
2.675000762939453,103.82499847412109
2.725000762939453,103.82499847412109
2.700000762939453,103.8499984741211
2.675000762939453,108.8749984741211
2.725000762939453,108.8749984741211
2.675000762939453,108.82499847412109
2.725000762939453,108.82499847412109
2.700000762939453,108.8499984741211
2.675000762939453,108.92500152587891
2.725000762939453,108.92500152587891
2.675000762939453,108.8750015258789
2.725000762939453,108.8750015258789
2.700000762939453,108.9000015258789
2.6249977111816407,103.8749984741211
2.6749977111816405,103.8749984741211
2.6249977111816407,103.82499847412109
2.6749977111816405,103.82499847412109
2.6499977111816406,103.8499984741211
2.6249977111816407,103.92500152587891
2.6749977111816405,103.92500152587891
2.6249977111816407,103.8750015258789
2.6749977111816405,103.8750015258789
2.6499977111816406,103.9000015258789
2.6249977111816407,103.9749969482422
2.6749977111816405,103.9749969482422
2.6249977111816407,103.92499694824218
2.6749977111816405,103.92499694824218
2.6499977111816406,103.94999694824219
2.574998474121094,101.3749984741211
2.6249984741210937,101.3749984741211
2.574998474121094,101.32499847412109
2.6249984741210937,101.32499847412109
2.5999984741210938,101.3499984741211
2.574998474121094,103.92500152587891
2.6249984741210937,103.92500152587891
2.574998474121094,103.8750015258789
2.6249984741210937,103.8750015258789
2.5999984741210938,103.9000015258789
2.574998474121094,103.9749969482422
2.6249984741210937,103.9749969482422
2.574998474121094,103.92499694824218
2.6249984741210937,103.92499694824218
2.5999984741210938,103.94999694824219
2.524999237060547,103.92500152587891
2.574999237060547,103.92500152587891
2.524999237060547,103.8750015258789
2.574999237060547,103.8750015258789
2.549999237060547,103.9000015258789
2.524999237060547,105.42500152587891
2.574999237060547,105.42500152587891
2.524999237060547,105.3750015258789
2.574999237060547,105.3750015258789
2.549999237060547,105.4000015258789
2.524999237060547,110.42500152587891
2.574999237060547,110.42500152587891
2.524999237060547,110.3750015258789
2.574999237060547,110.3750015258789
2.549999237060547,110.4000015258789
2.524999237060547,111.1249984741211
2.574999237060547,111.1249984741211
2.524999237060547,111.07499847412109
2.574999237060547,111.07499847412109
2.549999237060547,111.0999984741211
2.475,101.2249969482422
2.525,101.2249969482422
2.475,101.17499694824218
2.525,101.17499694824218
2.5,101.19999694824219
2.475,103.92500152587891
2.525,103.92500152587891
2.475,103.8750015258789
2.525,103.8750015258789
2.5,103.9000015258789
2.475,108.42500152587891
2.525,108.42500152587891
2.475,108.3750015258789
2.525,108.3750015258789
2.5,108.4000015258789
2.475,118.12500610351563
2.525,118.12500610351563
2.475,118.07500610351562
2.525,118.07500610351562
2.5,118.10000610351562
2.425000762939453,108.92500152587891
2.475000762939453,108.92500152587891
2.425000762939453,108.8750015258789
2.475000762939453,108.8750015258789
2.450000762939453,108.9000015258789
2.425000762939453,111.1249984741211
2.475000762939453,111.1249984741211
2.425000762939453,111.07499847412109
2.475000762939453,111.07499847412109
2.450000762939453,111.0999984741211
2.3749977111816407,104.025
2.4249977111816405,104.025
2.3749977111816407,103.975
2.4249977111816405,103.975
2.3999977111816406,104.0
2.3749977111816407,104.32500305175782
2.4249977111816405,104.32500305175782
2.3749977111816407,104.2750030517578
2.4249977111816405,104.2750030517578
2.3999977111816406,104.30000305175781
2.3749977111816407,118.07500305175782
2.4249977111816405,118.07500305175782
2.3749977111816407,118.0250030517578
2.4249977111816405,118.0250030517578
2.3999977111816406,118.05000305175781
2.3749977111816407,128.7249969482422
2.4249977111816405,128.7249969482422
2.3749977111816407,128.67499694824218
2.4249977111816405,128.67499694824218
2.3999977111816406,128.6999969482422
2.3749977111816407,137.9749969482422
2.4249977111816405,137.9749969482422
2.3749977111816407,137.92499694824218
2.4249977111816405,137.92499694824218
2.3999977111816406,137.9499969482422
2.324998474121094,101.8749984741211
2.3749984741210937,101.8749984741211
2.324998474121094,101.82499847412109
2.3749984741210937,101.82499847412109
2.3499984741210938,101.8499984741211
2.324998474121094,110.8749984741211
2.3749984741210937,110.8749984741211
2.324998474121094,110.82499847412109
2.3749984741210937,110.82499847412109
2.3499984741210938,110.8499984741211
2.324998474121094,110.92500152587891
2.3749984741210937,110.92500152587891
2.324998474121094,110.8750015258789
2.3749984741210937,110.8750015258789
2.3499984741210938,110.9000015258789
2.274999237060547,94.42500152587891
2.324999237060547,94.42500152587891
2.274999237060547,94.3750015258789
2.324999237060547,94.3750015258789
2.299999237060547,94.4000015258789
2.274999237060547,97.6249984741211
2.324999237060547,97.6249984741211
2.274999237060547,97.57499847412109
2.324999237060547,97.57499847412109
2.299999237060547,97.5999984741211
2.274999237060547,100.67500152587891
2.324999237060547,100.67500152587891
2.274999237060547,100.6250015258789
2.324999237060547,100.6250015258789
2.299999237060547,100.6500015258789
2.274999237060547,100.7249969482422
2.324999237060547,100.7249969482422
2.274999237060547,100.67499694824218
2.324999237060547,100.67499694824218
2.299999237060547,100.69999694824219
2.274999237060547,101.42500152587891
2.324999237060547,101.42500152587891
2.274999237060547,101.3750015258789
2.324999237060547,101.3750015258789
2.299999237060547,101.4000015258789
2.274999237060547,101.67500152587891
2.324999237060547,101.67500152587891
2.274999237060547,101.6250015258789
2.324999237060547,101.6250015258789
2.299999237060547,101.6500015258789
2.274999237060547,101.7249969482422
2.324999237060547,101.7249969482422
2.274999237060547,101.67499694824218
2.324999237060547,101.67499694824218
2.299999237060547,101.69999694824219
2.274999237060547,102.07500305175782
2.324999237060547,102.07500305175782
2.274999237060547,102.0250030517578
2.324999237060547,102.0250030517578
2.299999237060547,102.05000305175781
2.274999237060547,104.3749984741211
2.324999237060547,104.3749984741211
2.274999237060547,104.32499847412109
2.324999237060547,104.32499847412109
2.299999237060547,104.3499984741211
2.274999237060547,105.32500305175782
2.324999237060547,105.32500305175782
2.274999237060547,105.2750030517578
2.324999237060547,105.2750030517578
2.299999237060547,105.30000305175781
2.274999237060547,106.9749969482422
2.324999237060547,106.9749969482422
2.274999237060547,106.92499694824218
2.324999237060547,106.92499694824218
2.299999237060547,106.94999694824219
2.274999237060547,108.8749984741211
2.324999237060547,108.8749984741211
2.274999237060547,108.82499847412109
2.324999237060547,108.82499847412109
2.299999237060547,108.8499984741211
2.225,104.025
2.275,104.025
2.225,103.975
2.275,103.975
2.25,104.0
2.225,105.3749984741211
2.275,105.3749984741211
2.225,105.32499847412109
2.275,105.32499847412109
2.25,105.3499984741211
2.225,108.525
2.275,108.525
2.225,108.475
2.275,108.475
2.25,108.5
2.225,108.57500305175782
2.275,108.57500305175782
2.225,108.5250030517578
2.275,108.5250030517578
2.25,108.55000305175781
2.225,110.67500152587891
2.275,110.67500152587891
2.225,110.6250015258789
2.275,110.6250015258789
2.25,110.6500015258789
2.225,110.82500305175782
2.275,110.82500305175782
2.225,110.7750030517578
2.275,110.7750030517578
2.25,110.80000305175781
2.175000762939453,104.07500305175782
2.225000762939453,104.07500305175782
2.175000762939453,104.0250030517578
2.225000762939453,104.0250030517578
2.200000762939453,104.05000305175781
2.175000762939453,110.4749969482422
2.225000762939453,110.4749969482422
2.175000762939453,110.42499694824218
2.225000762939453,110.42499694824218
2.200000762939453,110.44999694824219
2.175000762939453,110.67500152587891
2.225000762939453,110.67500152587891
2.175000762939453,110.6250015258789
2.225000762939453,110.6250015258789
2.200000762939453,110.6500015258789
2.175000762939453,137.775
2.225000762939453,137.775
2.175000762939453,137.725
2.225000762939453,137.725
2.200000762939453,137.75
2.1249977111816407,94.32500305175782
2.1749977111816405,94.32500305175782
2.1249977111816407,94.2750030517578
2.1749977111816405,94.2750030517578
2.1499977111816406,94.30000305175781
2.1249977111816407,101.775
2.1749977111816405,101.775
2.1249977111816407,101.725
2.1749977111816405,101.725
2.1499977111816406,101.75
2.1249977111816407,104.1249984741211
2.1749977111816405,104.1249984741211
2.1249977111816407,104.07499847412109
2.1749977111816405,104.07499847412109
2.1499977111816406,104.0999984741211
2.1249977111816407,108.7249969482422
2.1749977111816405,108.7249969482422
2.1249977111816407,108.67499694824218
2.1749977111816405,108.67499694824218
2.1499977111816406,108.69999694824219
2.1249977111816407,110.57500305175782
2.1749977111816405,110.57500305175782
2.1249977111816407,110.5250030517578
2.1749977111816405,110.5250030517578
2.1499977111816406,110.55000305175781
2.1249977111816407,110.6249984741211
2.1749977111816405,110.6249984741211
2.1249977111816407,110.57499847412109
2.1749977111816405,110.57499847412109
2.1499977111816406,110.5999984741211
2.1249977111816407,110.67500152587891
2.1749977111816405,110.67500152587891
2.1249977111816407,110.6250015258789
2.1749977111816405,110.6250015258789
2.1499977111816406,110.6500015258789
2.1249977111816407,110.7249969482422
2.1749977111816405,110.7249969482422
2.1249977111816407,110.67499694824218
2.1749977111816405,110.67499694824218
2.1499977111816406,110.69999694824219
2.1249977111816407,110.9749969482422
2.1749977111816405,110.9749969482422
2.1249977111816407,110.92499694824218
2.1749977111816405,110.92499694824218
2.1499977111816406,110.94999694824219
2.1249977111816407,111.025
2.1749977111816405,111.025
2.1249977111816407,110.975
2.1749977111816405,110.975
2.1499977111816406,111.0
2.1249977111816407,118.2249969482422
2.1749977111816405,118.2249969482422
2.1249977111816407,118.17499694824218
2.1749977111816405,118.17499694824218
2.1499977111816406,118.19999694824219
2.1249977111816407,127.57500305175782
2.1749977111816405,127.57500305175782
2.1249977111816407,127.5250030517578
2.1749977111816405,127.5250030517578
2.1499977111816406,127.55000305175781
2.074998474121094,97.6249984741211
2.1249984741210937,97.6249984741211
2.074998474121094,97.57499847412109
2.1249984741210937,97.57499847412109
2.0999984741210938,97.5999984741211
2.074998474121094,97.92500152587891
2.1249984741210937,97.92500152587891
2.074998474121094,97.8750015258789
2.1249984741210937,97.8750015258789
2.0999984741210938,97.9000015258789
2.074998474121094,104.17500152587891
2.1249984741210937,104.17500152587891
2.074998474121094,104.1250015258789
2.1249984741210937,104.1250015258789
2.0999984741210938,104.1500015258789
2.074998474121094,104.2249969482422
2.1249984741210937,104.2249969482422
2.074998474121094,104.17499694824218
2.1249984741210937,104.17499694824218
2.0999984741210938,104.19999694824219
2.074998474121094,109.57500305175782
2.1249984741210937,109.57500305175782
2.074998474121094,109.5250030517578
2.1249984741210937,109.5250030517578
2.0999984741210938,109.55000305175781
2.074998474121094,109.6249984741211
2.1249984741210937,109.6249984741211
2.074998474121094,109.57499847412109
2.1249984741210937,109.57499847412109
2.0999984741210938,109.5999984741211
2.074998474121094,109.67500152587891
2.1249984741210937,109.67500152587891
2.074998474121094,109.6250015258789
2.1249984741210937,109.6250015258789
2.0999984741210938,109.6500015258789
2.074998474121094,110.525
2.1249984741210937,110.525
2.074998474121094,110.475
2.1249984741210937,110.475
2.0999984741210938,110.5
2.074998474121094,118.17500152587891
2.1249984741210937,118.17500152587891
2.074998474121094,118.1250015258789
2.1249984741210937,118.1250015258789
2.0999984741210938,118.1500015258789
2.074998474121094,118.32500305175782
2.1249984741210937,118.32500305175782
2.074998474121094,118.2750030517578
2.1249984741210937,118.2750030517578
2.0999984741210938,118.30000305175781
2.024999237060547,97.8749984741211
2.074999237060547,97.8749984741211
2.024999237060547,97.82499847412109
2.074999237060547,97.82499847412109
2.049999237060547,97.8499984741211
2.024999237060547,98.2249969482422
2.074999237060547,98.2249969482422
2.024999237060547,98.17499694824218
2.074999237060547,98.17499694824218
2.049999237060547,98.19999694824219
2.024999237060547,102.17500152587891
2.074999237060547,102.17500152587891
2.024999237060547,102.1250015258789
2.074999237060547,102.1250015258789
2.049999237060547,102.1500015258789
2.024999237060547,102.275
2.074999237060547,102.275
2.024999237060547,102.225
2.074999237060547,102.225
2.049999237060547,102.25
2.024999237060547,104.17500152587891
2.074999237060547,104.17500152587891
2.024999237060547,104.1250015258789
2.074999237060547,104.1250015258789
2.049999237060547,104.1500015258789
2.024999237060547,104.2249969482422
2.074999237060547,104.2249969482422
2.024999237060547,104.17499694824218
2.074999237060547,104.17499694824218
2.049999237060547,104.19999694824219
2.024999237060547,104.275
2.074999237060547,104.275
2.024999237060547,104.225
2.074999237060547,104.225
2.049999237060547,104.25
2.024999237060547,110.1249984741211
2.074999237060547,110.1249984741211
2.024999237060547,110.07499847412109
2.074999237060547,110.07499847412109
2.049999237060547,110.0999984741211
2.024999237060547,110.775
2.074999237060547,110.775
2.024999237060547,110.725
2.074999237060547,110.725
2.049999237060547,110.75
2.024999237060547,118.17500152587891
2.074999237060547,118.17500152587891
2.024999237060547,118.1250015258789
2.074999237060547,118.1250015258789
2.049999237060547,118.1500015258789
2.024999237060547,127.525
2.074999237060547,127.525
2.024999237060547,127.475
2.074999237060547,127.475
2.049999237060547,127.5
1.975,94.3749984741211
2.025,94.3749984741211
1.975,94.32499847412109
2.025,94.32499847412109
2.0,94.3499984741211
1.975,97.7249969482422
2.025,97.7249969482422
1.975,97.67499694824218
2.025,97.67499694824218
2.0,97.69999694824219
1.975,98.3749984741211
2.025,98.3749984741211
1.975,98.32499847412109
2.025,98.32499847412109
2.0,98.3499984741211
1.975,104.2249969482422
2.025,104.2249969482422
1.975,104.17499694824218
2.025,104.17499694824218
2.0,104.19999694824219
1.975,104.275
2.025,104.275
1.975,104.225
2.025,104.225
2.0,104.25
1.975,108.6249984741211
2.025,108.6249984741211
1.975,108.57499847412109
2.025,108.57499847412109
2.0,108.5999984741211
1.975,109.07500305175782
2.025,109.07500305175782
1.975,109.0250030517578
2.025,109.0250030517578
2.0,109.05000305175781
1.975,109.17500152587891
2.025,109.17500152587891
1.975,109.1250015258789
2.025,109.1250015258789
2.0,109.1500015258789
1.975,109.42500152587891
2.025,109.42500152587891
1.975,109.3750015258789
2.025,109.3750015258789
2.0,109.4000015258789
1.975,110.775
2.025,110.775
1.975,110.725
2.025,110.725
2.0,110.75
1.9250007629394532,97.775
1.975000762939453,97.775
1.9250007629394532,97.725
1.975000762939453,97.725
1.9500007629394531,97.75
1.9250007629394532,102.42500152587891
1.975000762939453,102.42500152587891
1.9250007629394532,102.3750015258789
1.975000762939453,102.3750015258789
1.9500007629394531,102.4000015258789
1.9250007629394532,102.4749969482422
1.975000762939453,102.4749969482422
1.9250007629394532,102.42499694824218
1.975000762939453,102.42499694824218
1.9500007629394531,102.44999694824219
1.9250007629394532,104.2249969482422
1.975000762939453,104.2249969482422
1.9250007629394532,104.17499694824218
1.975000762939453,104.17499694824218
1.9500007629394531,104.19999694824219
1.9250007629394532,104.275
1.975000762939453,104.275
1.9250007629394532,104.225
1.975000762939453,104.225
1.9500007629394531,104.25
1.9250007629394532,109.7249969482422
1.975000762939453,109.7249969482422
1.9250007629394532,109.67499694824218
1.975000762939453,109.67499694824218
1.9500007629394531,109.69999694824219
1.9250007629394532,110.17500152587891
1.975000762939453,110.17500152587891
1.9250007629394532,110.1250015258789
1.975000762939453,110.1250015258789
1.9500007629394531,110.1500015258789
1.9250007629394532,110.2249969482422
1.975000762939453,110.2249969482422
1.9250007629394532,110.17499694824218
1.975000762939453,110.17499694824218
1.9500007629394531,110.19999694824219
1.9250007629394532,110.775
1.975000762939453,110.775
1.9250007629394532,110.725
1.975000762939453,110.725
1.9500007629394531,110.75
1.9250007629394532,118.87500610351563
1.975000762939453,118.87500610351563
1.9250007629394532,118.82500610351562
1.975000762939453,118.82500610351562
1.9500007629394531,118.85000610351562
1.9250007629394532,136.775
1.975000762939453,136.775
1.9250007629394532,136.725
1.975000762939453,136.725
1.9500007629394531,136.75
1.8749977111816407,102.275
1.9249977111816405,102.275
1.8749977111816407,102.225
1.9249977111816405,102.225
1.8999977111816406,102.25
1.8749977111816407,102.4749969482422
1.9249977111816405,102.4749969482422
1.8749977111816407,102.42499694824218
1.9249977111816405,102.42499694824218
1.8999977111816406,102.44999694824219
1.8749977111816407,104.275
1.9249977111816405,104.275
1.8749977111816407,104.225
1.9249977111816405,104.225
1.8999977111816406,104.25
1.8749977111816407,105.2249969482422
1.9249977111816405,105.2249969482422
1.8749977111816407,105.17499694824218
1.9249977111816405,105.17499694824218
1.8999977111816406,105.19999694824219
1.8749977111816407,110.17500152587891
1.9249977111816405,110.17500152587891
1.8749977111816407,110.1250015258789
1.9249977111816405,110.1250015258789
1.8999977111816406,110.1500015258789
1.8749977111816407,110.4749969482422
1.9249977111816405,110.4749969482422
1.8749977111816407,110.42499694824218
1.9249977111816405,110.42499694824218
1.8999977111816406,110.44999694824219
1.8749977111816407,110.7249969482422
1.9249977111816405,110.7249969482422
1.8749977111816407,110.67499694824218
1.9249977111816405,110.67499694824218
1.8999977111816406,110.69999694824219
1.8249984741210938,98.4749969482422
1.8749984741210937,98.4749969482422
1.8249984741210938,98.42499694824218
1.8749984741210937,98.42499694824218
1.8499984741210938,98.44999694824219
1.8249984741210938,102.32500305175782
1.8749984741210937,102.32500305175782
1.8249984741210938,102.2750030517578
1.8749984741210937,102.2750030517578
1.8499984741210938,102.30000305175781
1.8249984741210938,102.42500152587891
1.8749984741210937,102.42500152587891
1.8249984741210938,102.3750015258789
1.8749984741210937,102.3750015258789
1.8499984741210938,102.4000015258789
1.8249984741210938,104.275
1.8749984741210937,104.275
1.8249984741210938,104.225
1.8749984741210937,104.225
1.8499984741210938,104.25
1.8249984741210938,108.3749984741211
1.8749984741210937,108.3749984741211
1.8249984741210938,108.32499847412109
1.8749984741210937,108.32499847412109
1.8499984741210938,108.3499984741211
1.8249984741210938,108.775
1.8749984741210937,108.775
1.8249984741210938,108.725
1.8749984741210937,108.725
1.8499984741210938,108.75
1.8249984741210938,109.2249969482422
1.8749984741210937,109.2249969482422
1.8249984741210938,109.17499694824218
1.8749984741210937,109.17499694824218
1.8499984741210938,109.19999694824219
1.8249984741210938,109.92500152587891
1.8749984741210937,109.92500152587891
1.8249984741210938,109.8750015258789
1.8749984741210937,109.8750015258789
1.8499984741210938,109.9000015258789
1.8249984741210938,110.07500305175782
1.8749984741210937,110.07500305175782
1.8249984741210938,110.0250030517578
1.8749984741210937,110.0250030517578
1.8499984741210938,110.05000305175781
1.8249984741210938,110.775
1.8749984741210937,110.775
1.8249984741210938,110.725
1.8749984741210937,110.725
1.8499984741210938,110.75
1.8249984741210938,118.12500610351563
1.8749984741210937,118.12500610351563
1.8249984741210938,118.07500610351562
1.8749984741210937,118.07500610351562
1.8499984741210938,118.10000610351562
1.8249984741210938,118.92500152587891
1.8749984741210937,118.92500152587891
1.8249984741210938,118.8750015258789
1.8749984741210937,118.8750015258789
1.8499984741210938,118.9000015258789
1.8249984741210938,127.92500152587891
1.8749984741210937,127.92500152587891
1.8249984741210938,127.8750015258789
1.8749984741210937,127.8750015258789
1.8499984741210938,127.9000015258789
1.774999237060547,102.4749969482422
1.8249992370605468,102.4749969482422
1.774999237060547,102.42499694824218
1.8249992370605468,102.42499694824218
1.7999992370605469,102.44999694824219
1.774999237060547,104.275
1.8249992370605468,104.275
1.774999237060547,104.225
1.8249992370605468,104.225
1.7999992370605469,104.25
1.774999237060547,108.775
1.8249992370605468,108.775
1.774999237060547,108.725
1.8249992370605468,108.725
1.7999992370605469,108.75
1.774999237060547,108.92500152587891
1.8249992370605468,108.92500152587891
1.774999237060547,108.8750015258789
1.8249992370605468,108.8750015258789
1.7999992370605469,108.9000015258789
1.774999237060547,109.025
1.8249992370605468,109.025
1.774999237060547,108.975
1.8249992370605468,108.975
1.7999992370605469,109.0
1.774999237060547,110.025
1.8249992370605468,110.025
1.774999237060547,109.975
1.8249992370605468,109.975
1.7999992370605469,110.0
1.774999237060547,110.275
1.8249992370605468,110.275
1.774999237060547,110.225
1.8249992370605468,110.225
1.7999992370605469,110.25
1.774999237060547,110.42500152587891
1.8249992370605468,110.42500152587891
1.774999237060547,110.3750015258789
1.8249992370605468,110.3750015258789
1.7999992370605469,110.4000015258789
1.774999237060547,110.57500305175782
1.8249992370605468,110.57500305175782
1.774999237060547,110.5250030517578
1.8249992370605468,110.5250030517578
1.7999992370605469,110.55000305175781
1.774999237060547,110.6249984741211
1.8249992370605468,110.6249984741211
1.774999237060547,110.57499847412109
1.8249992370605468,110.57499847412109
1.7999992370605469,110.5999984741211
1.774999237060547,110.67500152587891
1.8249992370605468,110.67500152587891
1.774999237060547,110.6250015258789
1.8249992370605468,110.6250015258789
1.7999992370605469,110.6500015258789
1.774999237060547,118.92500152587891
1.8249992370605468,118.92500152587891
1.774999237060547,118.8750015258789
1.8249992370605468,118.8750015258789
1.7999992370605469,118.9000015258789
1.725,93.275
1.775,93.275
1.725,93.225
1.775,93.225
1.75,93.25
1.725,101.42500152587891
1.775,101.42500152587891
1.725,101.3750015258789
1.775,101.3750015258789
1.75,101.4000015258789
1.725,102.42500152587891
1.775,102.42500152587891
1.725,102.3750015258789
1.775,102.3750015258789
1.75,102.4000015258789
1.725,102.4749969482422
1.775,102.4749969482422
1.725,102.42499694824218
1.775,102.42499694824218
1.75,102.44999694824219
1.725,102.82500305175782
1.775,102.82500305175782
1.725,102.7750030517578
1.775,102.7750030517578
1.75,102.80000305175781
1.725,104.32500305175782
1.775,104.32500305175782
1.725,104.2750030517578
1.775,104.2750030517578
1.75,104.30000305175781
1.725,109.07500305175782
1.775,109.07500305175782
1.725,109.0250030517578
1.775,109.0250030517578
1.75,109.05000305175781
1.725,110.025
1.775,110.025
1.725,109.975
1.775,109.975
1.75,110.0
1.6750007629394532,101.525
1.725000762939453,101.525
1.6750007629394532,101.475
1.725000762939453,101.475
1.7000007629394531,101.5
1.6750007629394532,102.4749969482422
1.725000762939453,102.4749969482422
1.6750007629394532,102.42499694824218
1.725000762939453,102.42499694824218
1.7000007629394531,102.44999694824219
1.6750007629394532,102.525
1.725000762939453,102.525
1.6750007629394532,102.475
1.725000762939453,102.475
1.7000007629394531,102.5
1.6750007629394532,104.32500305175782
1.725000762939453,104.32500305175782
1.6750007629394532,104.2750030517578
1.725000762939453,104.2750030517578
1.7000007629394531,104.30000305175781
1.6750007629394532,109.07500305175782
1.725000762939453,109.07500305175782
1.6750007629394532,109.0250030517578
1.725000762939453,109.0250030517578
1.7000007629394531,109.05000305175781
1.6750007629394532,118.17500152587891
1.725000762939453,118.17500152587891
1.6750007629394532,118.1250015258789
1.725000762939453,118.1250015258789
1.7000007629394531,118.1500015258789
1.6249977111816407,104.3749984741211
1.6749977111816405,104.3749984741211
1.6249977111816407,104.32499847412109
1.6749977111816405,104.32499847412109
1.6499977111816406,104.3499984741211
1.6249977111816407,108.8749984741211
1.6749977111816405,108.8749984741211
1.6249977111816407,108.82499847412109
1.6749977111816405,108.82499847412109
1.6499977111816406,108.8499984741211
1.6249977111816407,118.525
1.6749977111816405,118.525
1.6249977111816407,118.475
1.6749977111816405,118.475
1.6499977111816406,118.5
1.6249977111816407,136.42499389648438
1.6749977111816405,136.42499389648438
1.6249977111816407,136.37499389648437
1.6749977111816405,136.37499389648437
1.6499977111816406,136.39999389648438
1.6249977111816407,137.32500305175782
1.6749977111816405,137.32500305175782
1.6249977111816407,137.2750030517578
1.6749977111816405,137.2750030517578
1.6499977111816406,137.3000030517578
1.6249977111816407,138.32500305175782
1.6749977111816405,138.32500305175782
1.6249977111816407,138.2750030517578
1.6749977111816405,138.2750030517578
1.6499977111816406,138.3000030517578
1.5749984741210938,98.6249984741211
1.6249984741210937,98.6249984741211
1.5749984741210938,98.57499847412109
1.6249984741210937,98.57499847412109
1.5999984741210938,98.5999984741211
1.5749984741210938,104.32500305175782
1.6249984741210937,104.32500305175782
1.5749984741210938,104.2750030517578
1.6249984741210937,104.2750030517578
1.5999984741210938,104.30000305175781
1.5749984741210938,104.3749984741211
1.6249984741210937,104.3749984741211
1.5749984741210938,104.32499847412109
1.6249984741210937,104.32499847412109
1.5999984741210938,104.3499984741211
1.5749984741210938,104.4749969482422
1.6249984741210937,104.4749969482422
1.5749984741210938,104.42499694824218
1.6249984741210937,104.42499694824218
1.5999984741210938,104.44999694824219
1.5749984741210938,108.92500152587891
1.6249984741210937,108.92500152587891
1.5749984741210938,108.8750015258789
1.6249984741210937,108.8750015258789
1.5999984741210938,108.9000015258789
1.5749984741210938,136.775
1.6249984741210937,136.775
1.5749984741210938,136.725
1.6249984741210937,136.725
1.5999984741210938,136.75
1.524999237060547,97.4749969482422
1.5749992370605468,97.4749969482422
1.524999237060547,97.42499694824218
1.5749992370605468,97.42499694824218
1.5499992370605469,97.44999694824219
1.524999237060547,98.42500152587891
1.5749992370605468,98.42500152587891
1.524999237060547,98.3750015258789
1.5749992370605468,98.3750015258789
1.5499992370605469,98.4000015258789
1.524999237060547,98.6249984741211
1.5749992370605468,98.6249984741211
1.524999237060547,98.57499847412109
1.5749992370605468,98.57499847412109
1.5499992370605469,98.5999984741211
1.524999237060547,104.3749984741211
1.5749992370605468,104.3749984741211
1.524999237060547,104.32499847412109
1.5749992370605468,104.32499847412109
1.5499992370605469,104.3499984741211
1.524999237060547,104.42500152587891
1.5749992370605468,104.42500152587891
1.524999237060547,104.3750015258789
1.5749992370605468,104.3750015258789
1.5499992370605469,104.4000015258789
1.524999237060547,104.4749969482422
1.5749992370605468,104.4749969482422
1.524999237060547,104.42499694824218
1.5749992370605468,104.42499694824218
1.5499992370605469,104.44999694824219
1.524999237060547,118.42500152587891
1.5749992370605468,118.42500152587891
1.524999237060547,118.3750015258789
1.5749992370605468,118.3750015258789
1.5499992370605469,118.4000015258789
1.475,97.275
1.525,97.275
1.475,97.225
1.525,97.225
1.5,97.25
1.475,104.3749984741211
1.525,104.3749984741211
1.475,104.32499847412109
1.525,104.32499847412109
1.5,104.3499984741211
1.475,104.42500152587891
1.525,104.42500152587891
1.475,104.3750015258789
1.525,104.3750015258789
1.5,104.4000015258789
1.475,104.4749969482422
1.525,104.4749969482422
1.475,104.42499694824218
1.525,104.42499694824218
1.5,104.44999694824219
1.475,108.6249984741211
1.525,108.6249984741211
1.475,108.57499847412109
1.525,108.57499847412109
1.5,108.5999984741211
1.4250007629394532,108.92500152587891
1.475000762939453,108.92500152587891
1.4250007629394532,108.8750015258789
1.475000762939453,108.8750015258789
1.4500007629394531,108.9000015258789
1.3749977111816407,104.42500152587891
1.4249977111816405,104.42500152587891
1.3749977111816407,104.3750015258789
1.4249977111816405,104.3750015258789
1.3999977111816406,104.4000015258789
1.3749977111816407,104.67500152587891
1.4249977111816405,104.67500152587891
1.3749977111816407,104.6250015258789
1.4249977111816405,104.6250015258789
1.3999977111816406,104.6500015258789
1.3749977111816407,108.3749984741211
1.4249977111816405,108.3749984741211
1.3749977111816407,108.32499847412109
1.4249977111816405,108.32499847412109
1.3999977111816406,108.3499984741211
1.3749977111816407,108.7249969482422
1.4249977111816405,108.7249969482422
1.3749977111816407,108.67499694824218
1.4249977111816405,108.67499694824218
1.3999977111816406,108.69999694824219
1.3749977111816407,108.82500305175782
1.4249977111816405,108.82500305175782
1.3749977111816407,108.7750030517578
1.4249977111816405,108.7750030517578
1.3999977111816406,108.80000305175781
1.3749977111816407,108.8749984741211
1.4249977111816405,108.8749984741211
1.3749977111816407,108.82499847412109
1.4249977111816405,108.82499847412109
1.3999977111816406,108.8499984741211
1.3749977111816407,118.62500610351563
1.4249977111816405,118.62500610351563
1.3749977111816407,118.57500610351562
1.4249977111816405,118.57500610351562
1.3999977111816406,118.60000610351562
1.3249984741210938,94.07500305175782
1.3749984741210937,94.07500305175782
1.3249984741210938,94.0250030517578
1.3749984741210937,94.0250030517578
1.3499984741210938,94.05000305175781
1.3249984741210938,102.7249969482422
1.3749984741210937,102.7249969482422
1.3249984741210938,102.67499694824218
1.3749984741210937,102.67499694824218
1.3499984741210938,102.69999694824219
1.3249984741210938,103.1249984741211
1.3749984741210937,103.1249984741211
1.3249984741210938,103.07499847412109
1.3749984741210937,103.07499847412109
1.3499984741210938,103.0999984741211
1.3249984741210938,108.8749984741211
1.3749984741210937,108.8749984741211
1.3249984741210938,108.82499847412109
1.3749984741210937,108.82499847412109
1.3499984741210938,108.8499984741211
1.3249984741210938,108.92500152587891
1.3749984741210937,108.92500152587891
1.3249984741210938,108.8750015258789
1.3749984741210937,108.8750015258789
1.3499984741210938,108.9000015258789
1.274999237060547,98.4749969482422
1.3249992370605468,98.4749969482422
1.274999237060547,98.42499694824218
1.3249992370605468,98.42499694824218
1.2999992370605469,98.44999694824219
1.274999237060547,103.2249969482422
1.3249992370605468,103.2249969482422
1.274999237060547,103.17499694824218
1.3249992370605468,103.17499694824218
1.2999992370605469,103.19999694824219
1.274999237060547,104.42500152587891
1.3249992370605468,104.42500152587891
1.274999237060547,104.3750015258789
1.3249992370605468,104.3750015258789
1.2999992370605469,104.4000015258789
1.274999237060547,104.4749969482422
1.3249992370605468,104.4749969482422
1.274999237060547,104.42499694824218
1.3249992370605468,104.42499694824218
1.2999992370605469,104.44999694824219
1.274999237060547,104.67500152587891
1.3249992370605468,104.67500152587891
1.274999237060547,104.6250015258789
1.3249992370605468,104.6250015258789
1.2999992370605469,104.6500015258789
1.274999237060547,108.82500305175782
1.3249992370605468,108.82500305175782
1.274999237060547,108.7750030517578
1.3249992370605468,108.7750030517578
1.2999992370605469,108.80000305175781
1.274999237060547,128.12500610351563
1.3249992370605468,128.12500610351563
1.274999237060547,128.07500610351562
1.3249992370605468,128.07500610351562
1.2999992370605469,128.10000610351562
1.274999237060547,136.025
1.3249992370605468,136.025
1.274999237060547,135.975
1.3249992370605468,135.975
1.2999992370605469,136.0
1.225,98.82500305175782
1.275,98.82500305175782
1.225,98.7750030517578
1.275,98.7750030517578
1.25,98.80000305175781
1.225,104.17500152587891
1.275,104.17500152587891
1.225,104.1250015258789
1.275,104.1250015258789
1.25,104.1500015258789
1.225,104.275
1.275,104.275
1.225,104.225
1.275,104.225
1.25,104.25
1.225,104.42500152587891
1.275,104.42500152587891
1.225,104.3750015258789
1.275,104.3750015258789
1.25,104.4000015258789
1.225,104.4749969482422
1.275,104.4749969482422
1.225,104.42499694824218
1.275,104.42499694824218
1.25,104.44999694824219
1.225,127.025
1.275,127.025
1.225,126.975
1.275,126.975
1.25,127.0
1.225,128.025
1.275,128.025
1.225,127.975
1.275,127.975
1.25,128.0
1.1750007629394532,104.2249969482422
1.225000762939453,104.2249969482422
1.1750007629394532,104.17499694824218
1.225000762939453,104.17499694824218
1.2000007629394531,104.19999694824219
1.1750007629394532,104.275
1.225000762939453,104.275
1.1750007629394532,104.225
1.225000762939453,104.225
1.2000007629394531,104.25
1.1750007629394532,104.32500305175782
1.225000762939453,104.32500305175782
1.1750007629394532,104.2750030517578
1.225000762939453,104.2750030517578
1.2000007629394531,104.30000305175781
1.1750007629394532,104.775
1.225000762939453,104.775
1.1750007629394532,104.725
1.225000762939453,104.725
1.2000007629394531,104.75
1.1750007629394532,108.67500152587891
1.225000762939453,108.67500152587891
1.1750007629394532,108.6250015258789
1.225000762939453,108.6250015258789
1.2000007629394531,108.6500015258789
1.1750007629394532,108.82500305175782
1.225000762939453,108.82500305175782
1.1750007629394532,108.7750030517578
1.225000762939453,108.7750030517578
1.2000007629394531,108.80000305175781
1.1750007629394532,137.67499389648438
1.225000762939453,137.67499389648438
1.1750007629394532,137.62499389648437
1.225000762939453,137.62499389648437
1.2000007629394531,137.64999389648438
1.1249977111816407,91.67500152587891
1.1749977111816405,91.67500152587891
1.1249977111816407,91.6250015258789
1.1749977111816405,91.6250015258789
1.1499977111816406,91.6500015258789
1.1249977111816407,97.9749969482422
1.1749977111816405,97.9749969482422
1.1249977111816407,97.92499694824218
1.1749977111816405,97.92499694824218
1.1499977111816406,97.94999694824219
1.1249977111816407,103.3749984741211
1.1749977111816405,103.3749984741211
1.1249977111816407,103.32499847412109
1.1749977111816405,103.32499847412109
1.1499977111816406,103.3499984741211
1.1249977111816407,104.6249984741211
1.1749977111816405,104.6249984741211
1.1249977111816407,104.57499847412109
1.1749977111816405,104.57499847412109
1.1499977111816406,104.5999984741211
1.0749984741210938,97.32500305175782
1.1249984741210937,97.32500305175782
1.0749984741210938,97.2750030517578
1.1249984741210937,97.2750030517578
1.0999984741210938,97.30000305175781
1.0749984741210938,98.025
1.1249984741210937,98.025
1.0749984741210938,97.975
1.1249984741210937,97.975
1.0999984741210938,98.0
1.0749984741210938,104.7249969482422
1.1249984741210937,104.7249969482422
1.0749984741210938,104.67499694824218
1.1249984741210937,104.67499694824218
1.0999984741210938,104.69999694824219
1.0749984741210938,104.775
1.1249984741210937,104.775
1.0749984741210938,104.725
1.1249984741210937,104.725
1.0999984741210938,104.75
1.0749984741210938,108.67500152587891
1.1249984741210937,108.67500152587891
1.0749984741210938,108.6250015258789
1.1249984741210937,108.6250015258789
1.0999984741210938,108.6500015258789
1.0749984741210938,108.775
1.1249984741210937,108.775
1.0749984741210938,108.725
1.1249984741210937,108.725
1.0999984741210938,108.75
1.024999237060547,94.67500152587891
1.0749992370605468,94.67500152587891
1.024999237060547,94.6250015258789
1.0749992370605468,94.6250015258789
1.0499992370605469,94.6500015258789
1.024999237060547,97.32500305175782
1.0749992370605468,97.32500305175782
1.024999237060547,97.2750030517578
1.0749992370605468,97.2750030517578
1.0499992370605469,97.30000305175781
1.024999237060547,98.07500305175782
1.0749992370605468,98.07500305175782
1.024999237060547,98.0250030517578
1.0749992370605468,98.0250030517578
1.0499992370605469,98.05000305175781
1.024999237060547,98.8749984741211
1.0749992370605468,98.8749984741211
1.024999237060547,98.82499847412109
1.0749992370605468,98.82499847412109
1.0499992370605469,98.8499984741211
1.024999237060547,104.7249969482422
1.0749992370605468,104.7249969482422
1.024999237060547,104.67499694824218
1.0749992370605468,104.67499694824218
1.0499992370605469,104.69999694824219
1.024999237060547,104.775
1.0749992370605468,104.775
1.024999237060547,104.725
1.0749992370605468,104.725
1.0499992370605469,104.75
1.024999237060547,104.82500305175782
1.0749992370605468,104.82500305175782
1.024999237060547,104.7750030517578
1.0749992370605468,104.7750030517578
1.0499992370605469,104.80000305175781
1.024999237060547,104.8749984741211
1.0749992370605468,104.8749984741211
1.024999237060547,104.82499847412109
1.0749992370605468,104.82499847412109
1.0499992370605469,104.8499984741211
1.024999237060547,107.42500152587891
1.0749992370605468,107.42500152587891
1.024999237060547,107.3750015258789
1.0749992370605468,107.3750015258789
1.0499992370605469,107.4000015258789
1.024999237060547,108.775
1.0749992370605468,108.775
1.024999237060547,108.725
1.0749992370605468,108.725
1.0499992370605469,108.75
1.024999237060547,108.82500305175782
1.0749992370605468,108.82500305175782
1.024999237060547,108.7750030517578
1.0749992370605468,108.7750030517578
1.0499992370605469,108.80000305175781
0.975,104.7249969482422
1.025,104.7249969482422
0.975,104.67499694824218
1.025,104.67499694824218
1.0,104.69999694824219
0.975,104.775
1.025,104.775
0.975,104.725
1.025,104.725
1.0,104.75
0.975,108.775
1.025,108.775
0.975,108.725
1.025,108.725
1.0,108.75
0.975,108.82500305175782
1.025,108.82500305175782
0.975,108.7750030517578
1.025,108.7750030517578
1.0,108.80000305175781
0.9250007629394531,91.6249984741211
0.9750007629394531,91.6249984741211
0.9250007629394531,91.57499847412109
0.9750007629394531,91.57499847412109
0.9500007629394531,91.5999984741211
0.9250007629394531,92.1249984741211
0.9750007629394531,92.1249984741211
0.9250007629394531,92.07499847412109
0.9750007629394531,92.07499847412109
0.9500007629394531,92.0999984741211
0.9250007629394531,98.92500152587891
0.9750007629394531,98.92500152587891
0.9250007629394531,98.8750015258789
0.9750007629394531,98.8750015258789
0.9500007629394531,98.9000015258789
0.9250007629394531,104.7249969482422
0.9750007629394531,104.7249969482422
0.9250007629394531,104.67499694824218
0.9750007629394531,104.67499694824218
0.9500007629394531,104.69999694824219
0.9250007629394531,104.82500305175782
0.9750007629394531,104.82500305175782
0.9250007629394531,104.7750030517578
0.9750007629394531,104.7750030517578
0.9500007629394531,104.80000305175781
0.9250007629394531,104.8749984741211
0.9750007629394531,104.8749984741211
0.9250007629394531,104.82499847412109
0.9750007629394531,104.82499847412109
0.9500007629394531,104.8499984741211
0.9250007629394531,104.92500152587891
0.9750007629394531,104.92500152587891
0.9250007629394531,104.8750015258789
0.9750007629394531,104.8750015258789
0.9500007629394531,104.9000015258789
0.9250007629394531,108.275
0.9750007629394531,108.275
0.9250007629394531,108.225
0.9750007629394531,108.225
0.9500007629394531,108.25
0.9250007629394531,127.82500305175782
0.9750007629394531,127.82500305175782
0.9250007629394531,127.7750030517578
0.9750007629394531,127.7750030517578
0.9500007629394531,127.80000305175781
0.8749977111816406,98.92500152587891
0.9249977111816406,98.92500152587891
0.8749977111816406,98.8750015258789
0.9249977111816406,98.8750015258789
0.8999977111816406,98.9000015258789
0.8749977111816406,104.775
0.9249977111816406,104.775
0.8749977111816406,104.725
0.9249977111816406,104.725
0.8999977111816406,104.75
0.8749977111816406,104.8749984741211
0.9249977111816406,104.8749984741211
0.8749977111816406,104.82499847412109
0.9249977111816406,104.82499847412109
0.8999977111816406,104.8499984741211
0.8749977111816406,104.92500152587891
0.9249977111816406,104.92500152587891
0.8749977111816406,104.8750015258789
0.9249977111816406,104.8750015258789
0.8999977111816406,104.9000015258789
0.8749977111816406,104.9749969482422
0.9249977111816406,104.9749969482422
0.8749977111816406,104.92499694824218
0.9249977111816406,104.92499694824218
0.8999977111816406,104.94999694824219
0.8749977111816406,105.025
0.9249977111816406,105.025
0.8749977111816406,104.975
0.9249977111816406,104.975
0.8999977111816406,105.0
0.8749977111816406,107.4749969482422
0.9249977111816406,107.4749969482422
0.8749977111816406,107.42499694824218
0.9249977111816406,107.42499694824218
0.8999977111816406,107.44999694824219
0.8749977111816406,107.525
0.9249977111816406,107.525
0.8749977111816406,107.475
0.9249977111816406,107.475
0.8999977111816406,107.5
0.8749977111816406,108.275
0.9249977111816406,108.275
0.8749977111816406,108.225
0.9249977111816406,108.225
0.8999977111816406,108.25
0.8749977111816406,108.32500305175782
0.9249977111816406,108.32500305175782
0.8749977111816406,108.2750030517578
0.9249977111816406,108.2750030517578
0.8999977111816406,108.30000305175781
0.8249984741210937,91.82500305175782
0.8749984741210938,91.82500305175782
0.8249984741210937,91.7750030517578
0.8749984741210938,91.7750030517578
0.8499984741210938,91.80000305175781
0.8249984741210937,95.67500152587891
0.8749984741210938,95.67500152587891
0.8249984741210937,95.6250015258789
0.8749984741210938,95.6250015258789
0.8499984741210938,95.6500015258789
0.8249984741210937,98.92500152587891
0.8749984741210938,98.92500152587891
0.8249984741210937,98.8750015258789
0.8749984741210938,98.8750015258789
0.8499984741210938,98.9000015258789
0.8249984741210937,104.82500305175782
0.8749984741210938,104.82500305175782
0.8249984741210937,104.7750030517578
0.8749984741210938,104.7750030517578
0.8499984741210938,104.80000305175781
0.8249984741210937,104.8749984741211
0.8749984741210938,104.8749984741211
0.8249984741210937,104.82499847412109
0.8749984741210938,104.82499847412109
0.8499984741210938,104.8499984741211
0.8249984741210937,104.9749969482422
0.8749984741210938,104.9749969482422
0.8249984741210937,104.92499694824218
0.8749984741210938,104.92499694824218
0.8499984741210938,104.94999694824219
0.8249984741210937,108.6249984741211
0.8749984741210938,108.6249984741211
0.8249984741210937,108.57499847412109
0.8749984741210938,108.57499847412109
0.8499984741210938,108.5999984741211
0.8249984741210937,108.7249969482422
0.8749984741210938,108.7249969482422
0.8249984741210937,108.67499694824218
0.8749984741210938,108.67499694824218
0.8499984741210938,108.69999694824219
0.7749992370605469,98.92500152587891
0.8249992370605469,98.92500152587891
0.7749992370605469,98.8750015258789
0.8249992370605469,98.8750015258789
0.7999992370605469,98.9000015258789
0.7749992370605469,102.4749969482422
0.8249992370605469,102.4749969482422
0.7749992370605469,102.42499694824218
0.8249992370605469,102.42499694824218
0.7999992370605469,102.44999694824219
0.7749992370605469,104.1249984741211
0.8249992370605469,104.1249984741211
0.7749992370605469,104.07499847412109
0.8249992370605469,104.07499847412109
0.7999992370605469,104.0999984741211
0.7749992370605469,104.82500305175782
0.8249992370605469,104.82500305175782
0.7749992370605469,104.7750030517578
0.8249992370605469,104.7750030517578
0.7999992370605469,104.80000305175781
0.7749992370605469,104.92500152587891
0.8249992370605469,104.92500152587891
0.7749992370605469,104.8750015258789
0.8249992370605469,104.8750015258789
0.7999992370605469,104.9000015258789
0.7749992370605469,104.9749969482422
0.8249992370605469,104.9749969482422
0.7749992370605469,104.92499694824218
0.8249992370605469,104.92499694824218
0.7999992370605469,104.94999694824219
0.7749992370605469,105.025
0.8249992370605469,105.025
0.7749992370605469,104.975
0.8249992370605469,104.975
0.7999992370605469,105.0
0.7749992370605469,105.07500305175782
0.8249992370605469,105.07500305175782
0.7749992370605469,105.0250030517578
0.8249992370605469,105.0250030517578
0.7999992370605469,105.05000305175781
0.725,98.9749969482422
0.775,98.9749969482422
0.725,98.92499694824218
0.775,98.92499694824218
0.75,98.94999694824219
0.725,104.07500305175782
0.775,104.07500305175782
0.725,104.0250030517578
0.775,104.0250030517578
0.75,104.05000305175781
0.725,104.1249984741211
0.775,104.1249984741211
0.725,104.07499847412109
0.775,104.07499847412109
0.75,104.0999984741211
0.725,105.07500305175782
0.775,105.07500305175782
0.725,105.0250030517578
0.775,105.0250030517578
0.75,105.05000305175781
0.725,107.57500305175782
0.775,107.57500305175782
0.725,107.5250030517578
0.775,107.5250030517578
0.75,107.55000305175781
0.725,118.07500305175782
0.775,118.07500305175782
0.725,118.0250030517578
0.775,118.0250030517578
0.75,118.05000305175781
0.725,118.12500610351563
0.775,118.12500610351563
0.725,118.07500610351562
0.775,118.07500610351562
0.75,118.10000610351562
0.725,118.17500152587891
0.775,118.17500152587891
0.725,118.1250015258789
0.775,118.1250015258789
0.75,118.1500015258789
0.725,118.67500152587891
0.775,118.67500152587891
0.725,118.6250015258789
0.775,118.6250015258789
0.75,118.6500015258789
0.725,118.775
0.775,118.775
0.725,118.725
0.775,118.725
0.75,118.75
0.725,128.275
0.775,128.275
0.725,128.225
0.775,128.225
0.75,128.25
0.6750007629394531,98.7249969482422
0.7250007629394531,98.7249969482422
0.6750007629394531,98.67499694824218
0.7250007629394531,98.67499694824218
0.7000007629394531,98.69999694824219
0.6750007629394531,104.17500152587891
0.7250007629394531,104.17500152587891
0.6750007629394531,104.1250015258789
0.7250007629394531,104.1250015258789
0.7000007629394531,104.1500015258789
0.6750007629394531,104.4749969482422
0.7250007629394531,104.4749969482422
0.6750007629394531,104.42499694824218
0.7250007629394531,104.42499694824218
0.7000007629394531,104.44999694824219
0.6750007629394531,104.525
0.7250007629394531,104.525
0.6750007629394531,104.475
0.7250007629394531,104.475
0.7000007629394531,104.5
0.6750007629394531,104.8749984741211
0.7250007629394531,104.8749984741211
0.6750007629394531,104.82499847412109
0.7250007629394531,104.82499847412109
0.7000007629394531,104.8499984741211
0.6750007629394531,105.07500305175782
0.7250007629394531,105.07500305175782
0.6750007629394531,105.0250030517578
0.7250007629394531,105.0250030517578
0.7000007629394531,105.05000305175781
0.6249977111816406,99.025
0.6749977111816406,99.025
0.6249977111816406,98.975
0.6749977111816406,98.975
0.6499977111816406,99.0
0.6249977111816406,104.17500152587891
0.6749977111816406,104.17500152587891
0.6249977111816406,104.1250015258789
0.6749977111816406,104.1250015258789
0.6499977111816406,104.1500015258789
0.6249977111816406,104.4749969482422
0.6749977111816406,104.4749969482422
0.6249977111816406,104.42499694824218
0.6749977111816406,104.42499694824218
0.6499977111816406,104.44999694824219
0.6249977111816406,104.525
0.6749977111816406,104.525
0.6249977111816406,104.475
0.6749977111816406,104.475
0.6499977111816406,104.5
0.6249977111816406,104.57500305175782
0.6749977111816406,104.57500305175782
0.6249977111816406,104.5250030517578
0.6749977111816406,104.5250030517578
0.6499977111816406,104.55000305175781
0.6249977111816406,104.6249984741211
0.6749977111816406,104.6249984741211
0.6249977111816406,104.57499847412109
0.6749977111816406,104.57499847412109
0.6499977111816406,104.5999984741211
0.6249977111816406,104.8749984741211
0.6749977111816406,104.8749984741211
0.6249977111816406,104.82499847412109
0.6749977111816406,104.82499847412109
0.6499977111816406,104.8499984741211
0.6249977111816406,104.92500152587891
0.6749977111816406,104.92500152587891
0.6249977111816406,104.8750015258789
0.6749977111816406,104.8750015258789
0.6499977111816406,104.9000015258789
0.6249977111816406,105.07500305175782
0.6749977111816406,105.07500305175782
0.6249977111816406,105.0250030517578
0.6749977111816406,105.0250030517578
0.6499977111816406,105.05000305175781
0.6249977111816406,108.57500305175782
0.6749977111816406,108.57500305175782
0.6249977111816406,108.5250030517578
0.6749977111816406,108.5250030517578
0.6499977111816406,108.55000305175781
0.6249977111816406,108.7249969482422
0.6749977111816406,108.7249969482422
0.6249977111816406,108.67499694824218
0.6749977111816406,108.67499694824218
0.6499977111816406,108.69999694824219
0.6249977111816406,108.775
0.6749977111816406,108.775
0.6249977111816406,108.725
0.6749977111816406,108.725
0.6499977111816406,108.75
0.6249977111816406,108.82500305175782
0.6749977111816406,108.82500305175782
0.6249977111816406,108.7750030517578
0.6749977111816406,108.7750030517578
0.6499977111816406,108.80000305175781
0.5749984741210937,98.9749969482422
0.6249984741210938,98.9749969482422
0.5749984741210937,98.92499694824218
0.6249984741210938,98.92499694824218
0.5999984741210938,98.94999694824219
0.5749984741210937,99.025
0.6249984741210938,99.025
0.5749984741210937,98.975
0.6249984741210938,98.975
0.5999984741210938,99.0
0.5749984741210937,99.07500305175782
0.6249984741210938,99.07500305175782
0.5749984741210937,99.0250030517578
0.6249984741210938,99.0250030517578
0.5999984741210938,99.05000305175781
0.5749984741210937,103.82500305175782
0.6249984741210938,103.82500305175782
0.5749984741210937,103.7750030517578
0.6249984741210938,103.7750030517578
0.5999984741210938,103.80000305175781
0.5749984741210937,103.92500152587891
0.6249984741210938,103.92500152587891
0.5749984741210937,103.8750015258789
0.6249984741210938,103.8750015258789
0.5999984741210938,103.9000015258789
0.5749984741210937,103.9749969482422
0.6249984741210938,103.9749969482422
0.5749984741210937,103.92499694824218
0.6249984741210938,103.92499694824218
0.5999984741210938,103.94999694824219
0.5749984741210937,104.1249984741211
0.6249984741210938,104.1249984741211
0.5749984741210937,104.07499847412109
0.6249984741210938,104.07499847412109
0.5999984741210938,104.0999984741211
0.5749984741210937,104.17500152587891
0.6249984741210938,104.17500152587891
0.5749984741210937,104.1250015258789
0.6249984741210938,104.1250015258789
0.5999984741210938,104.1500015258789
0.5749984741210937,104.3749984741211
0.6249984741210938,104.3749984741211
0.5749984741210937,104.32499847412109
0.6249984741210938,104.32499847412109
0.5999984741210938,104.3499984741211
0.5749984741210937,104.57500305175782
0.6249984741210938,104.57500305175782
0.5749984741210937,104.5250030517578
0.6249984741210938,104.5250030517578
0.5999984741210938,104.55000305175781
0.5749984741210937,104.6249984741211
0.6249984741210938,104.6249984741211
0.5749984741210937,104.57499847412109
0.6249984741210938,104.57499847412109
0.5999984741210938,104.5999984741211
0.5749984741210937,104.67500152587891
0.6249984741210938,104.67500152587891
0.5749984741210937,104.6250015258789
0.6249984741210938,104.6250015258789
0.5999984741210938,104.6500015258789
0.5749984741210937,104.82500305175782
0.6249984741210938,104.82500305175782
0.5749984741210937,104.7750030517578
0.6249984741210938,104.7750030517578
0.5999984741210938,104.80000305175781
0.5749984741210937,104.8749984741211
0.6249984741210938,104.8749984741211
0.5749984741210937,104.82499847412109
0.6249984741210938,104.82499847412109
0.5999984741210938,104.8499984741211
0.5749984741210937,104.92500152587891
0.6249984741210938,104.92500152587891
0.5749984741210937,104.8750015258789
0.6249984741210938,104.8750015258789
0.5999984741210938,104.9000015258789
0.5749984741210937,104.9749969482422
0.6249984741210938,104.9749969482422
0.5749984741210937,104.92499694824218
0.6249984741210938,104.92499694824218
0.5999984741210938,104.94999694824219
0.5749984741210937,105.025
0.6249984741210938,105.025
0.5749984741210937,104.975
0.6249984741210938,104.975
0.5999984741210938,105.0
0.5749984741210937,105.07500305175782
0.6249984741210938,105.07500305175782
0.5749984741210937,105.0250030517578
0.6249984741210938,105.0250030517578
0.5999984741210938,105.05000305175781
0.5249992370605469,103.92500152587891
0.5749992370605469,103.92500152587891
0.5249992370605469,103.8750015258789
0.5749992370605469,103.8750015258789
0.5499992370605469,103.9000015258789
0.5249992370605469,104.025
0.5749992370605469,104.025
0.5249992370605469,103.975
0.5749992370605469,103.975
0.5499992370605469,104.0
0.5249992370605469,104.07500305175782
0.5749992370605469,104.07500305175782
0.5249992370605469,104.0250030517578
0.5749992370605469,104.0250030517578
0.5499992370605469,104.05000305175781
0.5249992370605469,104.17500152587891
0.5749992370605469,104.17500152587891
0.5249992370605469,104.1250015258789
0.5749992370605469,104.1250015258789
0.5499992370605469,104.1500015258789
0.5249992370605469,104.42500152587891
0.5749992370605469,104.42500152587891
0.5249992370605469,104.3750015258789
0.5749992370605469,104.3750015258789
0.5499992370605469,104.4000015258789
0.5249992370605469,104.57500305175782
0.5749992370605469,104.57500305175782
0.5249992370605469,104.5250030517578
0.5749992370605469,104.5250030517578
0.5499992370605469,104.55000305175781
0.5249992370605469,104.6249984741211
0.5749992370605469,104.6249984741211
0.5249992370605469,104.57499847412109
0.5749992370605469,104.57499847412109
0.5499992370605469,104.5999984741211
0.5249992370605469,104.67500152587891
0.5749992370605469,104.67500152587891
0.5249992370605469,104.6250015258789
0.5749992370605469,104.6250015258789
0.5499992370605469,104.6500015258789
0.5249992370605469,104.7249969482422
0.5749992370605469,104.7249969482422
0.5249992370605469,104.67499694824218
0.5749992370605469,104.67499694824218
0.5499992370605469,104.69999694824219
0.5249992370605469,104.775
0.5749992370605469,104.775
0.5249992370605469,104.725
0.5749992370605469,104.725
0.5499992370605469,104.75
0.5249992370605469,104.92500152587891
0.5749992370605469,104.92500152587891
0.5249992370605469,104.8750015258789
0.5749992370605469,104.8750015258789
0.5499992370605469,104.9000015258789
0.5249992370605469,104.9749969482422
0.5749992370605469,104.9749969482422
0.5249992370605469,104.92499694824218
0.5749992370605469,104.92499694824218
0.5499992370605469,104.94999694824219
0.5249992370605469,108.57500305175782
0.5749992370605469,108.57500305175782
0.5249992370605469,108.5250030517578
0.5749992370605469,108.5250030517578
0.5499992370605469,108.55000305175781
0.5249992370605469,108.6249984741211
0.5749992370605469,108.6249984741211
0.5249992370605469,108.57499847412109
0.5749992370605469,108.57499847412109
0.5499992370605469,108.5999984741211
0.5249992370605469,140.42499389648438
0.5749992370605469,140.42499389648438
0.5249992370605469,140.37499389648437
0.5749992370605469,140.37499389648437
0.5499992370605469,140.39999389648438
0.5249992370605469,140.82500305175782
0.5749992370605469,140.82500305175782
0.5249992370605469,140.7750030517578
0.5749992370605469,140.7750030517578
0.5499992370605469,140.8000030517578
0.475,103.1249984741211
0.525,103.1249984741211
0.475,103.07499847412109
0.525,103.07499847412109
0.5,103.0999984741211
0.475,104.525
0.525,104.525
0.475,104.475
0.525,104.475
0.5,104.5
0.475,104.57500305175782
0.525,104.57500305175782
0.475,104.5250030517578
0.525,104.5250030517578
0.5,104.55000305175781
0.475,104.6249984741211
0.525,104.6249984741211
0.475,104.57499847412109
0.525,104.57499847412109
0.5,104.5999984741211
0.475,104.9749969482422
0.525,104.9749969482422
0.475,104.92499694824218
0.525,104.92499694824218
0.5,104.94999694824219
0.475,108.42500152587891
0.525,108.42500152587891
0.475,108.3750015258789
0.525,108.3750015258789
0.5,108.4000015258789
0.475,108.525
0.525,108.525
0.475,108.475
0.525,108.475
0.5,108.5
0.475,108.67500152587891
0.525,108.67500152587891
0.475,108.6250015258789
0.525,108.6250015258789
0.5,108.6500015258789
0.475,108.7249969482422
0.525,108.7249969482422
0.475,108.67499694824218
0.525,108.67499694824218
0.5,108.69999694824219
0.475,108.82500305175782
0.525,108.82500305175782
0.475,108.7750030517578
0.525,108.7750030517578
0.5,108.80000305175781
0.4250007629394531,103.92500152587891
0.47500076293945315,103.92500152587891
0.4250007629394531,103.8750015258789
0.47500076293945315,103.8750015258789
0.4500007629394531,103.9000015258789
0.4250007629394531,103.9749969482422
0.47500076293945315,103.9749969482422
0.4250007629394531,103.92499694824218
0.47500076293945315,103.92499694824218
0.4500007629394531,103.94999694824219
0.4250007629394531,104.32500305175782
0.47500076293945315,104.32500305175782
0.4250007629394531,104.2750030517578
0.47500076293945315,104.2750030517578
0.4500007629394531,104.30000305175781
0.4250007629394531,104.3749984741211
0.47500076293945315,104.3749984741211
0.4250007629394531,104.32499847412109
0.47500076293945315,104.32499847412109
0.4500007629394531,104.3499984741211
0.4250007629394531,104.4749969482422
0.47500076293945315,104.4749969482422
0.4250007629394531,104.42499694824218
0.47500076293945315,104.42499694824218
0.4500007629394531,104.44999694824219
0.4250007629394531,104.525
0.47500076293945315,104.525
0.4250007629394531,104.475
0.47500076293945315,104.475
0.4500007629394531,104.5
0.4250007629394531,104.6249984741211
0.47500076293945315,104.6249984741211
0.4250007629394531,104.57499847412109
0.47500076293945315,104.57499847412109
0.4500007629394531,104.5999984741211
0.4250007629394531,104.67500152587891
0.47500076293945315,104.67500152587891
0.4250007629394531,104.6250015258789
0.47500076293945315,104.6250015258789
0.4500007629394531,104.6500015258789
0.4250007629394531,104.7249969482422
0.47500076293945315,104.7249969482422
0.4250007629394531,104.67499694824218
0.47500076293945315,104.67499694824218
0.4500007629394531,104.69999694824219
0.4250007629394531,104.92500152587891
0.47500076293945315,104.92500152587891
0.4250007629394531,104.8750015258789
0.47500076293945315,104.8750015258789
0.4500007629394531,104.9000015258789
0.4250007629394531,108.275
0.47500076293945315,108.275
0.4250007629394531,108.225
0.47500076293945315,108.225
0.4500007629394531,108.25
0.4250007629394531,108.6249984741211
0.47500076293945315,108.6249984741211
0.4250007629394531,108.57499847412109
0.47500076293945315,108.57499847412109
0.4500007629394531,108.5999984741211
0.4250007629394531,108.775
0.47500076293945315,108.775
0.4250007629394531,108.725
0.47500076293945315,108.725
0.4500007629394531,108.75
0.4250007629394531,117.67500152587891
0.47500076293945315,117.67500152587891
0.4250007629394531,117.6250015258789
0.47500076293945315,117.6250015258789
0.4500007629394531,117.6500015258789
0.4250007629394531,131.12500610351563
0.47500076293945315,131.12500610351563
0.4250007629394531,131.07500610351562
0.47500076293945315,131.07500610351562
0.4500007629394531,131.10000610351562
0.3749977111816406,103.8749984741211
0.42499771118164065,103.8749984741211
0.3749977111816406,103.82499847412109
0.42499771118164065,103.82499847412109
0.3999977111816406,103.8499984741211
0.3749977111816406,103.9749969482422
0.42499771118164065,103.9749969482422
0.3749977111816406,103.92499694824218
0.42499771118164065,103.92499694824218
0.3999977111816406,103.94999694824219
0.3749977111816406,104.32500305175782
0.42499771118164065,104.32500305175782
0.3749977111816406,104.2750030517578
0.42499771118164065,104.2750030517578
0.3999977111816406,104.30000305175781
0.3749977111816406,104.42500152587891
0.42499771118164065,104.42500152587891
0.3749977111816406,104.3750015258789
0.42499771118164065,104.3750015258789
0.3999977111816406,104.4000015258789
0.3749977111816406,104.6249984741211
0.42499771118164065,104.6249984741211
0.3749977111816406,104.57499847412109
0.42499771118164065,104.57499847412109
0.3999977111816406,104.5999984741211
0.3749977111816406,104.67500152587891
0.42499771118164065,104.67500152587891
0.3749977111816406,104.6250015258789
0.42499771118164065,104.6250015258789
0.3999977111816406,104.6500015258789
0.3749977111816406,104.7249969482422
0.42499771118164065,104.7249969482422
0.3749977111816406,104.67499694824218
0.42499771118164065,104.67499694824218
0.3999977111816406,104.69999694824219
0.3749977111816406,104.775
0.42499771118164065,104.775
0.3749977111816406,104.725
0.42499771118164065,104.725
0.3999977111816406,104.75
0.3749977111816406,108.17500152587891
0.42499771118164065,108.17500152587891
0.3749977111816406,108.1250015258789
0.42499771118164065,108.1250015258789
0.3999977111816406,108.1500015258789
0.3749977111816406,120.42500152587891
0.42499771118164065,120.42500152587891
0.3749977111816406,120.3750015258789
0.42499771118164065,120.3750015258789
0.3999977111816406,120.4000015258789
0.3749977111816406,121.12500610351563
0.42499771118164065,121.12500610351563
0.3749977111816406,121.07500610351562
0.42499771118164065,121.07500610351562
0.3999977111816406,121.10000610351562
0.3749977111816406,131.12500610351563
0.42499771118164065,131.12500610351563
0.3749977111816406,131.07500610351562
0.42499771118164065,131.07500610351562
0.3999977111816406,131.10000610351562
0.3749977111816406,136.87500610351563
0.42499771118164065,136.87500610351563
0.3749977111816406,136.82500610351562
0.42499771118164065,136.82500610351562
0.3999977111816406,136.85000610351562
0.32499847412109373,97.82500305175782
0.37499847412109377,97.82500305175782
0.32499847412109373,97.7750030517578
0.37499847412109377,97.7750030517578
0.34999847412109375,97.80000305175781
0.32499847412109373,103.7249969482422
0.37499847412109377,103.7249969482422
0.32499847412109373,103.67499694824218
0.37499847412109377,103.67499694824218
0.34999847412109375,103.69999694824219
0.32499847412109373,103.8749984741211
0.37499847412109377,103.8749984741211
0.32499847412109373,103.82499847412109
0.37499847412109377,103.82499847412109
0.34999847412109375,103.8499984741211
0.32499847412109373,103.92500152587891
0.37499847412109377,103.92500152587891
0.32499847412109373,103.8750015258789
0.37499847412109377,103.8750015258789
0.34999847412109375,103.9000015258789
0.32499847412109373,104.275
0.37499847412109377,104.275
0.32499847412109373,104.225
0.37499847412109377,104.225
0.34999847412109375,104.25
0.32499847412109373,104.525
0.37499847412109377,104.525
0.32499847412109373,104.475
0.37499847412109377,104.475
0.34999847412109375,104.5
0.32499847412109373,104.6249984741211
0.37499847412109377,104.6249984741211
0.32499847412109373,104.57499847412109
0.37499847412109377,104.57499847412109
0.34999847412109375,104.5999984741211
0.32499847412109373,104.7249969482422
0.37499847412109377,104.7249969482422
0.32499847412109373,104.67499694824218
0.37499847412109377,104.67499694824218
0.34999847412109375,104.69999694824219
0.32499847412109373,104.775
0.37499847412109377,104.775
0.32499847412109373,104.725
0.37499847412109377,104.725
0.34999847412109375,104.75
0.32499847412109373,108.775
0.37499847412109377,108.775
0.32499847412109373,108.725
0.37499847412109377,108.725
0.34999847412109375,108.75
0.32499847412109373,127.025
0.37499847412109377,127.025
0.32499847412109373,126.975
0.37499847412109377,126.975
0.34999847412109375,127.0
0.32499847412109373,139.2249969482422
0.37499847412109377,139.2249969482422
0.32499847412109373,139.17499694824218
0.37499847412109377,139.17499694824218
0.34999847412109375,139.1999969482422
0.27499923706054685,104.07500305175782
0.3249992370605469,104.07500305175782
0.27499923706054685,104.0250030517578
0.3249992370605469,104.0250030517578
0.2999992370605469,104.05000305175781
0.27499923706054685,104.32500305175782
0.3249992370605469,104.32500305175782
0.27499923706054685,104.2750030517578
0.3249992370605469,104.2750030517578
0.2999992370605469,104.30000305175781
0.27499923706054685,104.6249984741211
0.3249992370605469,104.6249984741211
0.27499923706054685,104.57499847412109
0.3249992370605469,104.57499847412109
0.2999992370605469,104.5999984741211
0.27499923706054685,104.67500152587891
0.3249992370605469,104.67500152587891
0.27499923706054685,104.6250015258789
0.3249992370605469,104.6250015258789
0.2999992370605469,104.6500015258789
0.27499923706054685,104.7249969482422
0.3249992370605469,104.7249969482422
0.27499923706054685,104.67499694824218
0.3249992370605469,104.67499694824218
0.2999992370605469,104.69999694824219
0.27499923706054685,104.775
0.3249992370605469,104.775
0.27499923706054685,104.725
0.3249992370605469,104.725
0.2999992370605469,104.75
0.27499923706054685,107.8749984741211
0.3249992370605469,107.8749984741211
0.27499923706054685,107.82499847412109
0.3249992370605469,107.82499847412109
0.2999992370605469,107.8499984741211
0.27499923706054685,127.67500152587891
0.3249992370605469,127.67500152587891
0.27499923706054685,127.6250015258789
0.3249992370605469,127.6250015258789
0.2999992370605469,127.6500015258789
0.225,103.8749984741211
0.275,103.8749984741211
0.225,103.82499847412109
0.275,103.82499847412109
0.25,103.8499984741211
0.225,103.9749969482422
0.275,103.9749969482422
0.225,103.92499694824218
0.275,103.92499694824218
0.25,103.94999694824219
0.225,104.275
0.275,104.275
0.225,104.225
0.275,104.225
0.25,104.25
0.225,104.67500152587891
0.275,104.67500152587891
0.225,104.6250015258789
0.275,104.6250015258789
0.25,104.6500015258789
0.225,104.7249969482422
0.275,104.7249969482422
0.225,104.67499694824218
0.275,104.67499694824218
0.25,104.69999694824219
0.225,108.025
0.275,108.025
0.225,107.975
0.275,107.975
0.25,108.0
0.225,108.1249984741211
0.275,108.1249984741211
0.225,108.07499847412109
0.275,108.07499847412109
0.25,108.0999984741211
0.225,108.4749969482422
0.275,108.4749969482422
0.225,108.42499694824218
0.275,108.42499694824218
0.25,108.44999694824219
0.225,108.8749984741211
0.275,108.8749984741211
0.225,108.82499847412109
0.275,108.82499847412109
0.25,108.8499984741211
0.225,119.87500610351563
0.275,119.87500610351563
0.225,119.82500610351562
0.275,119.82500610351562
0.25,119.85000610351562
0.17500076293945313,104.025
0.22500076293945312,104.025
0.17500076293945313,103.975
0.22500076293945312,103.975
0.20000076293945312,104.0
0.17500076293945313,104.2249969482422
0.22500076293945312,104.2249969482422
0.17500076293945313,104.17499694824218
0.22500076293945312,104.17499694824218
0.20000076293945312,104.19999694824219
0.17500076293945313,104.67500152587891
0.22500076293945312,104.67500152587891
0.17500076293945313,104.6250015258789
0.22500076293945312,104.6250015258789
0.20000076293945312,104.6500015258789
0.17500076293945313,104.7249969482422
0.22500076293945312,104.7249969482422
0.17500076293945313,104.67499694824218
0.22500076293945312,104.67499694824218
0.20000076293945312,104.69999694824219
0.17500076293945313,108.1249984741211
0.22500076293945312,108.1249984741211
0.17500076293945313,108.07499847412109
0.22500076293945312,108.07499847412109
0.20000076293945312,108.0999984741211
0.17500076293945313,108.67500152587891
0.22500076293945312,108.67500152587891
0.17500076293945313,108.6250015258789
0.22500076293945312,108.6250015258789
0.20000076293945312,108.6500015258789
0.17500076293945313,108.7249969482422
0.22500076293945312,108.7249969482422
0.17500076293945313,108.67499694824218
0.22500076293945312,108.67499694824218
0.20000076293945312,108.69999694824219
0.17500076293945313,108.9749969482422
0.22500076293945312,108.9749969482422
0.17500076293945313,108.92499694824218
0.22500076293945312,108.92499694824218
0.20000076293945312,108.94999694824219
0.17500076293945313,109.025
0.22500076293945312,109.025
0.17500076293945313,108.975
0.22500076293945312,108.975
0.20000076293945312,109.0
0.17500076293945313,137.17499389648438
0.22500076293945312,137.17499389648438
0.17500076293945313,137.12499389648437
0.22500076293945312,137.12499389648437
0.20000076293945312,137.14999389648438
0.12499771118164063,104.07500305175782
0.17499771118164062,104.07500305175782
0.12499771118164063,104.0250030517578
0.17499771118164062,104.0250030517578
0.14999771118164062,104.05000305175781
0.12499771118164063,104.67500152587891
0.17499771118164062,104.67500152587891
0.12499771118164063,104.6250015258789
0.17499771118164062,104.6250015258789
0.14999771118164062,104.6500015258789
0.12499771118164063,104.7249969482422
0.17499771118164062,104.7249969482422
0.12499771118164063,104.67499694824218
0.17499771118164062,104.67499694824218
0.14999771118164062,104.69999694824219
0.12499771118164063,108.82500305175782
0.17499771118164062,108.82500305175782
0.12499771118164063,108.7750030517578
0.17499771118164062,108.7750030517578
0.14999771118164062,108.80000305175781
0.12499771118164063,137.62500610351563
0.17499771118164062,137.62500610351563
0.12499771118164063,137.57500610351562
0.17499771118164062,137.57500610351562
0.14999771118164062,137.60000610351562
0.07499847412109376,99.4749969482422
0.12499847412109374,99.4749969482422
0.07499847412109376,99.42499694824218
0.12499847412109374,99.42499694824218
0.09999847412109375,99.44999694824219
0.07499847412109376,103.9749969482422
0.12499847412109374,103.9749969482422
0.07499847412109376,103.92499694824218
0.12499847412109374,103.92499694824218
0.09999847412109375,103.94999694824219
0.07499847412109376,104.17500152587891
0.12499847412109374,104.17500152587891
0.07499847412109376,104.1250015258789
0.12499847412109374,104.1250015258789
0.09999847412109375,104.1500015258789
0.07499847412109376,104.2249969482422
0.12499847412109374,104.2249969482422
0.07499847412109376,104.17499694824218
0.12499847412109374,104.17499694824218
0.09999847412109375,104.19999694824219
0.07499847412109376,104.275
0.12499847412109374,104.275
0.07499847412109376,104.225
0.12499847412109374,104.225
0.09999847412109375,104.25
0.07499847412109376,104.32500305175782
0.12499847412109374,104.32500305175782
0.07499847412109376,104.2750030517578
0.12499847412109374,104.2750030517578
0.09999847412109375,104.30000305175781
0.07499847412109376,104.57500305175782
0.12499847412109374,104.57500305175782
0.07499847412109376,104.5250030517578
0.12499847412109374,104.5250030517578
0.09999847412109375,104.55000305175781
0.07499847412109376,104.7249969482422
0.12499847412109374,104.7249969482422
0.07499847412109376,104.67499694824218
0.12499847412109374,104.67499694824218
0.09999847412109375,104.69999694824219
0.07499847412109376,104.775
0.12499847412109374,104.775
0.07499847412109376,104.725
0.12499847412109374,104.725
0.09999847412109375,104.75
0.07499847412109376,104.8749984741211
0.12499847412109374,104.8749984741211
0.07499847412109376,104.82499847412109
0.12499847412109374,104.82499847412109
0.09999847412109375,104.8499984741211
0.07499847412109376,108.6249984741211
0.12499847412109374,108.6249984741211
0.07499847412109376,108.57499847412109
0.12499847412109374,108.57499847412109
0.09999847412109375,108.5999984741211
0.07499847412109376,108.7249969482422
0.12499847412109374,108.7249969482422
0.07499847412109376,108.67499694824218
0.12499847412109374,108.67499694824218
0.09999847412109375,108.69999694824219
0.07499847412109376,138.37500610351563
0.12499847412109374,138.37500610351563
0.07499847412109376,138.32500610351562
0.12499847412109374,138.32500610351562
0.09999847412109375,138.35000610351562
0.024999237060546874,99.4749969482422
0.07499923706054687,99.4749969482422
0.024999237060546874,99.42499694824218
0.07499923706054687,99.42499694824218
0.049999237060546875,99.44999694824219
0.024999237060546874,99.57500305175782
0.07499923706054687,99.57500305175782
0.024999237060546874,99.5250030517578
0.07499923706054687,99.5250030517578
0.049999237060546875,99.55000305175781
0.024999237060546874,104.025
0.07499923706054687,104.025
0.024999237060546874,103.975
0.07499923706054687,103.975
0.049999237060546875,104.0
0.024999237060546874,104.07500305175782
0.07499923706054687,104.07500305175782
0.024999237060546874,104.0250030517578
0.07499923706054687,104.0250030517578
0.049999237060546875,104.05000305175781
0.024999237060546874,104.1249984741211
0.07499923706054687,104.1249984741211
0.024999237060546874,104.07499847412109
0.07499923706054687,104.07499847412109
0.049999237060546875,104.0999984741211
0.024999237060546874,104.6249984741211
0.07499923706054687,104.6249984741211
0.024999237060546874,104.57499847412109
0.07499923706054687,104.57499847412109
0.049999237060546875,104.5999984741211
0.024999237060546874,104.8749984741211
0.07499923706054687,104.8749984741211
0.024999237060546874,104.82499847412109
0.07499923706054687,104.82499847412109
0.049999237060546875,104.8499984741211
0.024999237060546874,108.275
0.07499923706054687,108.275
0.024999237060546874,108.225
0.07499923706054687,108.225
0.049999237060546875,108.25
0.024999237060546874,117.62500610351563
0.07499923706054687,117.62500610351563
0.024999237060546874,117.57500610351562
0.07499923706054687,117.57500610351562
0.049999237060546875,117.60000610351562
-0.025,103.9749969482422
0.025,103.9749969482422
-0.025,103.92499694824218
0.025,103.92499694824218
0.0,103.94999694824219
-0.025,104.025
0.025,104.025
-0.025,103.975
0.025,103.975
0.0,104.0
-0.025,104.07500305175782
0.025,104.07500305175782
-0.025,104.0250030517578
0.025,104.0250030517578
0.0,104.05000305175781
-0.025,104.7249969482422
0.025,104.7249969482422
-0.025,104.67499694824218
0.025,104.67499694824218
0.0,104.69999694824219
-0.025,104.775
0.025,104.775
-0.025,104.725
0.025,104.725
0.0,104.75
-0.025,104.8749984741211
0.025,104.8749984741211
-0.025,104.82499847412109
0.025,104.82499847412109
0.0,104.8499984741211
-0.025,108.525
0.025,108.525
-0.025,108.475
0.025,108.475
0.0,108.5
-0.025,108.6249984741211
0.025,108.6249984741211
-0.025,108.57499847412109
0.025,108.57499847412109
0.0,108.5999984741211
-0.025,108.7249969482422
0.025,108.7249969482422
-0.025,108.67499694824218
0.025,108.67499694824218
0.0,108.69999694824219
-0.025,108.775
0.025,108.775
-0.025,108.725
0.025,108.725
0.0,108.75
-0.07499923706054687,97.82500305175782
-0.024999237060546874,97.82500305175782
-0.07499923706054687,97.7750030517578
-0.024999237060546874,97.7750030517578
-0.049999237060546875,97.80000305175781
-0.07499923706054687,103.9749969482422
-0.024999237060546874,103.9749969482422
-0.07499923706054687,103.92499694824218
-0.024999237060546874,103.92499694824218
-0.049999237060546875,103.94999694824219
-0.07499923706054687,104.1249984741211
-0.024999237060546874,104.1249984741211
-0.07499923706054687,104.07499847412109
-0.024999237060546874,104.07499847412109
-0.049999237060546875,104.0999984741211
-0.07499923706054687,104.17500152587891
-0.024999237060546874,104.17500152587891
-0.07499923706054687,104.1250015258789
-0.024999237060546874,104.1250015258789
-0.049999237060546875,104.1500015258789
-0.07499923706054687,104.92500152587891
-0.024999237060546874,104.92500152587891
-0.07499923706054687,104.8750015258789
-0.024999237060546874,104.8750015258789
-0.049999237060546875,104.9000015258789
-0.07499923706054687,108.3749984741211
-0.024999237060546874,108.3749984741211
-0.07499923706054687,108.32499847412109
-0.024999237060546874,108.32499847412109
-0.049999237060546875,108.3499984741211
-0.07499923706054687,108.57500305175782
-0.024999237060546874,108.57500305175782
-0.07499923706054687,108.5250030517578
-0.024999237060546874,108.5250030517578
-0.049999237060546875,108.55000305175781
-0.07499923706054687,108.67500152587891
-0.024999237060546874,108.67500152587891
-0.07499923706054687,108.6250015258789
-0.024999237060546874,108.6250015258789
-0.049999237060546875,108.6500015258789
-0.07499923706054687,108.7249969482422
-0.024999237060546874,108.7249969482422
-0.07499923706054687,108.67499694824218
-0.024999237060546874,108.67499694824218
-0.049999237060546875,108.69999694824219
-0.07499923706054687,108.8749984741211
-0.024999237060546874,108.8749984741211
-0.07499923706054687,108.82499847412109
-0.024999237060546874,108.82499847412109
-0.049999237060546875,108.8499984741211
-0.07499923706054687,117.67500152587891
-0.024999237060546874,117.67500152587891
-0.07499923706054687,117.6250015258789
-0.024999237060546874,117.6250015258789
-0.049999237060546875,117.6500015258789
-0.07499923706054687,117.775
-0.024999237060546874,117.775
-0.07499923706054687,117.725
-0.024999237060546874,117.725
-0.049999237060546875,117.75
-0.07499923706054687,126.17500152587891
-0.024999237060546874,126.17500152587891
-0.07499923706054687,126.1250015258789
-0.024999237060546874,126.1250015258789
-0.049999237060546875,126.1500015258789
-0.12500228881835937,103.6249984741211
-0.07500228881835938,103.6249984741211
-0.12500228881835937,103.57499847412109
-0.07500228881835938,103.57499847412109
-0.10000228881835938,103.5999984741211
-0.12500228881835937,104.07500305175782
-0.07500228881835938,104.07500305175782
-0.12500228881835937,104.0250030517578
-0.07500228881835938,104.0250030517578
-0.10000228881835938,104.05000305175781
-0.12500228881835937,104.2249969482422
-0.07500228881835938,104.2249969482422
-0.12500228881835937,104.17499694824218
-0.07500228881835938,104.17499694824218
-0.10000228881835938,104.19999694824219
-0.12500228881835937,104.92500152587891
-0.07500228881835938,104.92500152587891
-0.12500228881835937,104.8750015258789
-0.07500228881835938,104.8750015258789
-0.10000228881835938,104.9000015258789
-0.12500228881835937,108.17500152587891
-0.07500228881835938,108.17500152587891
-0.12500228881835937,108.1250015258789
-0.07500228881835938,108.1250015258789
-0.10000228881835938,108.1500015258789
-0.12500228881835937,108.4749969482422
-0.07500228881835938,108.4749969482422
-0.12500228881835937,108.42499694824218
-0.07500228881835938,108.42499694824218
-0.10000228881835938,108.44999694824219
-0.12500228881835937,108.57500305175782
-0.07500228881835938,108.57500305175782
-0.12500228881835937,108.5250030517578
-0.07500228881835938,108.5250030517578
-0.10000228881835938,108.55000305175781
-0.12500228881835937,108.7249969482422
-0.07500228881835938,108.7249969482422
-0.12500228881835937,108.67499694824218
-0.07500228881835938,108.67499694824218
-0.10000228881835938,108.69999694824219
-0.12500228881835937,108.82500305175782
-0.07500228881835938,108.82500305175782
-0.12500228881835937,108.7750030517578
-0.07500228881835938,108.7750030517578
-0.10000228881835938,108.80000305175781
-0.12500228881835937,108.8749984741211
-0.07500228881835938,108.8749984741211
-0.12500228881835937,108.82499847412109
-0.07500228881835938,108.82499847412109
-0.10000228881835938,108.8499984741211
-0.12500228881835937,108.92500152587891
-0.07500228881835938,108.92500152587891
-0.12500228881835937,108.8750015258789
-0.07500228881835938,108.8750015258789
-0.10000228881835938,108.9000015258789
-0.12500228881835937,117.57500305175782
-0.07500228881835938,117.57500305175782
-0.12500228881835937,117.5250030517578
-0.07500228881835938,117.5250030517578
-0.10000228881835938,117.55000305175781
-0.17500152587890624,104.1249984741211
-0.12500152587890626,104.1249984741211
-0.17500152587890624,104.07499847412109
-0.12500152587890626,104.07499847412109
-0.15000152587890625,104.0999984741211
-0.17500152587890624,104.17500152587891
-0.12500152587890626,104.17500152587891
-0.17500152587890624,104.1250015258789
-0.12500152587890626,104.1250015258789
-0.15000152587890625,104.1500015258789
-0.17500152587890624,104.2249969482422
-0.12500152587890626,104.2249969482422
-0.17500152587890624,104.17499694824218
-0.12500152587890626,104.17499694824218
-0.15000152587890625,104.19999694824219
-0.17500152587890624,108.6249984741211
-0.12500152587890626,108.6249984741211
-0.17500152587890624,108.57499847412109
-0.12500152587890626,108.57499847412109
-0.15000152587890625,108.5999984741211
-0.17500152587890624,108.82500305175782
-0.12500152587890626,108.82500305175782
-0.17500152587890624,108.7750030517578
-0.12500152587890626,108.7750030517578
-0.15000152587890625,108.80000305175781
-0.17500152587890624,108.8749984741211
-0.12500152587890626,108.8749984741211
-0.17500152587890624,108.82499847412109
-0.12500152587890626,108.82499847412109
-0.15000152587890625,108.8499984741211
-0.17500152587890624,108.92500152587891
-0.12500152587890626,108.92500152587891
-0.17500152587890624,108.8750015258789
-0.12500152587890626,108.8750015258789
-0.15000152587890625,108.9000015258789
-0.22500076293945312,104.025
-0.17500076293945313,104.025
-0.22500076293945312,103.975
-0.17500076293945313,103.975
-0.20000076293945312,104.0
-0.22500076293945312,104.07500305175782
-0.17500076293945313,104.07500305175782
-0.22500076293945312,104.0250030517578
-0.17500076293945313,104.0250030517578
-0.20000076293945312,104.05000305175781
-0.22500076293945312,104.9749969482422
-0.17500076293945313,104.9749969482422
-0.22500076293945312,104.92499694824218
-0.17500076293945313,104.92499694824218
-0.20000076293945312,104.94999694824219
-0.22500076293945312,108.3749984741211
-0.17500076293945313,108.3749984741211
-0.22500076293945312,108.32499847412109
-0.17500076293945313,108.32499847412109
-0.20000076293945312,108.3499984741211
-0.22500076293945312,108.57500305175782
-0.17500076293945313,108.57500305175782
-0.22500076293945312,108.5250030517578
-0.17500076293945313,108.5250030517578
-0.20000076293945312,108.55000305175781
-0.22500076293945312,108.6249984741211
-0.17500076293945313,108.6249984741211
-0.22500076293945312,108.57499847412109
-0.17500076293945313,108.57499847412109
-0.20000076293945312,108.5999984741211
-0.22500076293945312,117.775
-0.17500076293945313,117.775
-0.22500076293945312,117.725
-0.17500076293945313,117.725
-0.20000076293945312,117.75
-0.275,103.9749969482422
-0.225,103.9749969482422
-0.275,103.92499694824218
-0.225,103.92499694824218
-0.25,103.94999694824219
-0.275,104.025
-0.225,104.025
-0.275,103.975
-0.225,103.975
-0.25,104.0
-0.275,104.07500305175782
-0.225,104.07500305175782
-0.275,104.0250030517578
-0.225,104.0250030517578
-0.25,104.05000305175781
-0.275,104.3749984741211
-0.225,104.3749984741211
-0.275,104.32499847412109
-0.225,104.32499847412109
-0.25,104.3499984741211
-0.275,105.025
-0.225,105.025
-0.275,104.975
-0.225,104.975
-0.25,105.0
-0.275,108.1249984741211
-0.225,108.1249984741211
-0.275,108.07499847412109
-0.225,108.07499847412109
-0.25,108.0999984741211
-0.275,108.2249969482422
-0.225,108.2249969482422
-0.275,108.17499694824218
-0.225,108.17499694824218
-0.25,108.19999694824219
-0.275,108.42500152587891
-0.225,108.42500152587891
-0.275,108.3750015258789
-0.225,108.3750015258789
-0.25,108.4000015258789
-0.275,108.775
-0.225,108.775
-0.275,108.725
-0.225,108.725
-0.25,108.75
-0.275,108.92500152587891
-0.225,108.92500152587891
-0.275,108.8750015258789
-0.225,108.8750015258789
-0.25,108.9000015258789
-0.275,117.525
-0.225,117.525
-0.275,117.475
-0.225,117.475
-0.25,117.5
-0.3249992370605469,104.025
-0.27499923706054685,104.025
-0.3249992370605469,103.975
-0.27499923706054685,103.975
-0.2999992370605469,104.0
-0.3249992370605469,104.07500305175782
-0.27499923706054685,104.07500305175782
-0.3249992370605469,104.0250030517578
-0.27499923706054685,104.0250030517578
-0.2999992370605469,104.05000305175781
-0.3249992370605469,104.1249984741211
-0.27499923706054685,104.1249984741211
-0.3249992370605469,104.07499847412109
-0.27499923706054685,104.07499847412109
-0.2999992370605469,104.0999984741211
-0.3249992370605469,104.2249969482422
-0.27499923706054685,104.2249969482422
-0.3249992370605469,104.17499694824218
-0.27499923706054685,104.17499694824218
-0.2999992370605469,104.19999694824219
-0.3249992370605469,108.07500305175782
-0.27499923706054685,108.07500305175782
-0.3249992370605469,108.0250030517578
-0.27499923706054685,108.0250030517578
-0.2999992370605469,108.05000305175781
-0.3249992370605469,108.3749984741211
-0.27499923706054685,108.3749984741211
-0.3249992370605469,108.32499847412109
-0.27499923706054685,108.32499847412109
-0.2999992370605469,108.3499984741211
-0.3249992370605469,108.525
-0.27499923706054685,108.525
-0.3249992370605469,108.475
-0.27499923706054685,108.475
-0.2999992370605469,108.5
-0.3249992370605469,108.57500305175782
-0.27499923706054685,108.57500305175782
-0.3249992370605469,108.5250030517578
-0.27499923706054685,108.5250030517578
-0.2999992370605469,108.55000305175781
-0.3249992370605469,108.6249984741211
-0.27499923706054685,108.6249984741211
-0.3249992370605469,108.57499847412109
-0.27499923706054685,108.57499847412109
-0.2999992370605469,108.5999984741211
-0.3249992370605469,108.7249969482422
-0.27499923706054685,108.7249969482422
-0.3249992370605469,108.67499694824218
-0.27499923706054685,108.67499694824218
-0.2999992370605469,108.69999694824219
-0.3249992370605469,127.12500610351563
-0.27499923706054685,127.12500610351563
-0.3249992370605469,127.07500610351562
-0.27499923706054685,127.07500610351562
-0.2999992370605469,127.10000610351562
-0.3750022888183594,103.82500305175782
-0.32500228881835935,103.82500305175782
-0.3750022888183594,103.7750030517578
-0.32500228881835935,103.7750030517578
-0.3500022888183594,103.80000305175781
-0.3750022888183594,104.07500305175782
-0.32500228881835935,104.07500305175782
-0.3750022888183594,104.0250030517578
-0.32500228881835935,104.0250030517578
-0.3500022888183594,104.05000305175781
-0.3750022888183594,104.6249984741211
-0.32500228881835935,104.6249984741211
-0.3750022888183594,104.57499847412109
-0.32500228881835935,104.57499847412109
-0.3500022888183594,104.5999984741211
-0.3750022888183594,104.67500152587891
-0.32500228881835935,104.67500152587891
-0.3750022888183594,104.6250015258789
-0.32500228881835935,104.6250015258789
-0.3500022888183594,104.6500015258789
-0.3750022888183594,108.42500152587891
-0.32500228881835935,108.42500152587891
-0.3750022888183594,108.3750015258789
-0.32500228881835935,108.3750015258789
-0.3500022888183594,108.4000015258789
-0.3750022888183594,108.6249984741211
-0.32500228881835935,108.6249984741211
-0.3750022888183594,108.57499847412109
-0.32500228881835935,108.57499847412109
-0.3500022888183594,108.5999984741211
-0.3750022888183594,108.67500152587891
-0.32500228881835935,108.67500152587891
-0.3750022888183594,108.6250015258789
-0.32500228881835935,108.6250015258789
-0.3500022888183594,108.6500015258789
-0.3750022888183594,108.7249969482422
-0.32500228881835935,108.7249969482422
-0.3750022888183594,108.67499694824218
-0.32500228881835935,108.67499694824218
-0.3500022888183594,108.69999694824219
-0.42500152587890627,104.67500152587891
-0.37500152587890623,104.67500152587891
-0.42500152587890627,104.6250015258789
-0.37500152587890623,104.6250015258789
-0.40000152587890625,104.6500015258789
-0.42500152587890627,105.07500305175782
-0.37500152587890623,105.07500305175782
-0.42500152587890627,105.0250030517578
-0.37500152587890623,105.0250030517578
-0.40000152587890625,105.05000305175781
-0.42500152587890627,108.275
-0.37500152587890623,108.275
-0.42500152587890627,108.225
-0.37500152587890623,108.225
-0.40000152587890625,108.25
-0.42500152587890627,108.525
-0.37500152587890623,108.525
-0.42500152587890627,108.475
-0.37500152587890623,108.475
-0.40000152587890625,108.5
-0.42500152587890627,108.67500152587891
-0.37500152587890623,108.67500152587891
-0.42500152587890627,108.6250015258789
-0.37500152587890623,108.6250015258789
-0.40000152587890625,108.6500015258789
-0.42500152587890627,139.67499389648438
-0.37500152587890623,139.67499389648438
-0.42500152587890627,139.62499389648437
-0.37500152587890623,139.62499389648437
-0.40000152587890625,139.64999389648438
-0.47500076293945315,108.32500305175782
-0.4250007629394531,108.32500305175782
-0.47500076293945315,108.2750030517578
-0.4250007629394531,108.2750030517578
-0.4500007629394531,108.30000305175781
-0.47500076293945315,108.4749969482422
-0.4250007629394531,108.4749969482422
-0.47500076293945315,108.42499694824218
-0.4250007629394531,108.42499694824218
-0.4500007629394531,108.44999694824219
-0.47500076293945315,108.67500152587891
-0.4250007629394531,108.67500152587891
-0.47500076293945315,108.6250015258789
-0.4250007629394531,108.6250015258789
-0.4500007629394531,108.6500015258789
-0.47500076293945315,108.82500305175782
-0.4250007629394531,108.82500305175782
-0.47500076293945315,108.7750030517578
-0.4250007629394531,108.7750030517578
-0.4500007629394531,108.80000305175781
-0.47500076293945315,108.8749984741211
-0.4250007629394531,108.8749984741211
-0.47500076293945315,108.82499847412109
-0.4250007629394531,108.82499847412109
-0.4500007629394531,108.8499984741211
-0.525,100.025
-0.475,100.025
-0.525,99.975
-0.475,99.975
-0.5,100.0
-0.525,105.025
-0.475,105.025
-0.525,104.975
-0.475,104.975
-0.5,105.0
-0.525,105.07500305175782
-0.475,105.07500305175782
-0.525,105.0250030517578
-0.475,105.0250030517578
-0.5,105.05000305175781
-0.525,108.2249969482422
-0.475,108.2249969482422
-0.525,108.17499694824218
-0.475,108.17499694824218
-0.5,108.19999694824219
-0.525,108.32500305175782
-0.475,108.32500305175782
-0.525,108.2750030517578
-0.475,108.2750030517578
-0.5,108.30000305175781
-0.525,108.57500305175782
-0.475,108.57500305175782
-0.525,108.5250030517578
-0.475,108.5250030517578
-0.5,108.55000305175781
-0.525,108.7249969482422
-0.475,108.7249969482422
-0.525,108.67499694824218
-0.475,108.67499694824218
-0.5,108.69999694824219
-0.525,126.37500610351563
-0.475,126.37500610351563
-0.525,126.32500610351562
-0.475,126.32500610351562
-0.5,126.35000610351562
-0.5749992370605469,104.8749984741211
-0.5249992370605469,104.8749984741211
-0.5749992370605469,104.82499847412109
-0.5249992370605469,104.82499847412109
-0.5499992370605469,104.8499984741211
-0.5749992370605469,104.92500152587891
-0.5249992370605469,104.92500152587891
-0.5749992370605469,104.8750015258789
-0.5249992370605469,104.8750015258789
-0.5499992370605469,104.9000015258789
-0.5749992370605469,104.9749969482422
-0.5249992370605469,104.9749969482422
-0.5749992370605469,104.92499694824218
-0.5249992370605469,104.92499694824218
-0.5499992370605469,104.94999694824219
-0.5749992370605469,105.025
-0.5249992370605469,105.025
-0.5749992370605469,104.975
-0.5249992370605469,104.975
-0.5499992370605469,105.0
-0.5749992370605469,108.17500152587891
-0.5249992370605469,108.17500152587891
-0.5749992370605469,108.1250015258789
-0.5249992370605469,108.1250015258789
-0.5499992370605469,108.1500015258789
-0.5749992370605469,108.3749984741211
-0.5249992370605469,108.3749984741211
-0.5749992370605469,108.32499847412109
-0.5249992370605469,108.32499847412109
-0.5499992370605469,108.3499984741211
-0.5749992370605469,108.42500152587891
-0.5249992370605469,108.42500152587891
-0.5749992370605469,108.3750015258789
-0.5249992370605469,108.3750015258789
-0.5499992370605469,108.4000015258789
-0.5749992370605469,108.525
-0.5249992370605469,108.525
-0.5749992370605469,108.475
-0.5249992370605469,108.475
-0.5499992370605469,108.5
-0.5749992370605469,108.67500152587891
-0.5249992370605469,108.67500152587891
-0.5749992370605469,108.6250015258789
-0.5249992370605469,108.6250015258789
-0.5499992370605469,108.6500015258789
-0.5749992370605469,130.525
-0.5249992370605469,130.525
-0.5749992370605469,130.475
-0.5249992370605469,130.475
-0.5499992370605469,130.5
-0.6250022888183594,97.525
-0.5750022888183594,97.525
-0.6250022888183594,97.475
-0.5750022888183594,97.475
-0.6000022888183594,97.5
-0.6250022888183594,104.1249984741211
-0.5750022888183594,104.1249984741211
-0.6250022888183594,104.07499847412109
-0.5750022888183594,104.07499847412109
-0.6000022888183594,104.0999984741211
-0.6250022888183594,104.17500152587891
-0.5750022888183594,104.17500152587891
-0.6250022888183594,104.1250015258789
-0.5750022888183594,104.1250015258789
-0.6000022888183594,104.1500015258789
-0.6250022888183594,104.775
-0.5750022888183594,104.775
-0.6250022888183594,104.725
-0.5750022888183594,104.725
-0.6000022888183594,104.75
-0.6250022888183594,104.82500305175782
-0.5750022888183594,104.82500305175782
-0.6250022888183594,104.7750030517578
-0.5750022888183594,104.7750030517578
-0.6000022888183594,104.80000305175781
-0.6250022888183594,104.8749984741211
-0.5750022888183594,104.8749984741211
-0.6250022888183594,104.82499847412109
-0.5750022888183594,104.82499847412109
-0.6000022888183594,104.8499984741211
-0.6250022888183594,104.92500152587891
-0.5750022888183594,104.92500152587891
-0.6250022888183594,104.8750015258789
-0.5750022888183594,104.8750015258789
-0.6000022888183594,104.9000015258789
-0.6250022888183594,108.67500152587891
-0.5750022888183594,108.67500152587891
-0.6250022888183594,108.6250015258789
-0.5750022888183594,108.6250015258789
-0.6000022888183594,108.6500015258789
-0.6250022888183594,108.7249969482422
-0.5750022888183594,108.7249969482422
-0.6250022888183594,108.67499694824218
-0.5750022888183594,108.67499694824218
-0.6000022888183594,108.69999694824219
-0.6250022888183594,117.775
-0.5750022888183594,117.775
-0.6250022888183594,117.725
-0.5750022888183594,117.725
-0.6000022888183594,117.75
-0.6250022888183594,123.025
-0.5750022888183594,123.025
-0.6250022888183594,122.975
-0.5750022888183594,122.975
-0.6000022888183594,123.0
-0.6250022888183594,127.17500152587891
-0.5750022888183594,127.17500152587891
-0.6250022888183594,127.1250015258789
-0.5750022888183594,127.1250015258789
-0.6000022888183594,127.1500015258789
-0.6250022888183594,127.37500610351563
-0.5750022888183594,127.37500610351563
-0.6250022888183594,127.32500610351562
-0.5750022888183594,127.32500610351562
-0.6000022888183594,127.35000610351562
-0.6750015258789063,104.1249984741211
-0.6250015258789062,104.1249984741211
-0.6750015258789063,104.07499847412109
-0.6250015258789062,104.07499847412109
-0.6500015258789062,104.0999984741211
-0.6750015258789063,104.17500152587891
-0.6250015258789062,104.17500152587891
-0.6750015258789063,104.1250015258789
-0.6250015258789062,104.1250015258789
-0.6500015258789062,104.1500015258789
-0.6750015258789063,104.775
-0.6250015258789062,104.775
-0.6750015258789063,104.725
-0.6250015258789062,104.725
-0.6500015258789062,104.75
-0.6750015258789063,104.82500305175782
-0.6250015258789062,104.82500305175782
-0.6750015258789063,104.7750030517578
-0.6250015258789062,104.7750030517578
-0.6500015258789062,104.80000305175781
-0.6750015258789063,104.92500152587891
-0.6250015258789062,104.92500152587891
-0.6750015258789063,104.8750015258789
-0.6250015258789062,104.8750015258789
-0.6500015258789062,104.9000015258789
-0.6750015258789063,108.57500305175782
-0.6250015258789062,108.57500305175782
-0.6750015258789063,108.5250030517578
-0.6250015258789062,108.5250030517578
-0.6500015258789062,108.55000305175781
-0.6750015258789063,108.67500152587891
-0.6250015258789062,108.67500152587891
-0.6750015258789063,108.6250015258789
-0.6250015258789062,108.6250015258789
-0.6500015258789062,108.6500015258789
-0.6750015258789063,108.7249969482422
-0.6250015258789062,108.7249969482422
-0.6750015258789063,108.67499694824218
-0.6250015258789062,108.67499694824218
-0.6500015258789062,108.69999694824219
-0.6750015258789063,108.775
-0.6250015258789062,108.775
-0.6750015258789063,108.725
-0.6250015258789062,108.725
-0.6500015258789062,108.75
-0.6750015258789063,117.775
-0.6250015258789062,117.775
-0.6750015258789063,117.725
-0.6250015258789062,117.725
-0.6500015258789062,117.75
-0.6750015258789063,127.17500152587891
-0.6250015258789062,127.17500152587891
-0.6750015258789063,127.1250015258789
-0.6250015258789062,127.1250015258789
-0.6500015258789062,127.1500015258789
-0.7250007629394531,98.025
-0.6750007629394531,98.025
-0.7250007629394531,97.975
-0.6750007629394531,97.975
-0.7000007629394531,98.0
-0.7250007629394531,104.07500305175782
-0.6750007629394531,104.07500305175782
-0.7250007629394531,104.0250030517578
-0.6750007629394531,104.0250030517578
-0.7000007629394531,104.05000305175781
-0.7250007629394531,104.1249984741211
-0.6750007629394531,104.1249984741211
-0.7250007629394531,104.07499847412109
-0.6750007629394531,104.07499847412109
-0.7000007629394531,104.0999984741211
-0.7250007629394531,104.17500152587891
-0.6750007629394531,104.17500152587891
-0.7250007629394531,104.1250015258789
-0.6750007629394531,104.1250015258789
-0.7000007629394531,104.1500015258789
-0.7250007629394531,104.2249969482422
-0.6750007629394531,104.2249969482422
-0.7250007629394531,104.17499694824218
-0.6750007629394531,104.17499694824218
-0.7000007629394531,104.19999694824219
-0.7250007629394531,104.275
-0.6750007629394531,104.275
-0.7250007629394531,104.225
-0.6750007629394531,104.225
-0.7000007629394531,104.25
-0.7250007629394531,104.32500305175782
-0.6750007629394531,104.32500305175782
-0.7250007629394531,104.2750030517578
-0.6750007629394531,104.2750030517578
-0.7000007629394531,104.30000305175781
-0.7250007629394531,104.775
-0.6750007629394531,104.775
-0.7250007629394531,104.725
-0.6750007629394531,104.725
-0.7000007629394531,104.75
-0.7250007629394531,108.57500305175782
-0.6750007629394531,108.57500305175782
-0.7250007629394531,108.5250030517578
-0.6750007629394531,108.5250030517578
-0.7000007629394531,108.55000305175781
-0.7250007629394531,108.7249969482422
-0.6750007629394531,108.7249969482422
-0.7250007629394531,108.67499694824218
-0.6750007629394531,108.67499694824218
-0.7000007629394531,108.69999694824219
-0.7250007629394531,108.775
-0.6750007629394531,108.775
-0.7250007629394531,108.725
-0.6750007629394531,108.725
-0.7000007629394531,108.75
-0.7250007629394531,108.82500305175782
-0.6750007629394531,108.82500305175782
-0.7250007629394531,108.7750030517578
-0.6750007629394531,108.7750030517578
-0.7000007629394531,108.80000305175781
-0.7250007629394531,108.8749984741211
-0.6750007629394531,108.8749984741211
-0.7250007629394531,108.82499847412109
-0.6750007629394531,108.82499847412109
-0.7000007629394531,108.8499984741211
-0.7250007629394531,109.3749984741211
-0.6750007629394531,109.3749984741211
-0.7250007629394531,109.32499847412109
-0.6750007629394531,109.32499847412109
-0.7000007629394531,109.3499984741211
-0.7250007629394531,119.82500305175782
-0.6750007629394531,119.82500305175782
-0.7250007629394531,119.7750030517578
-0.6750007629394531,119.7750030517578
-0.7000007629394531,119.80000305175781
-0.7250007629394531,141.12500610351563
-0.6750007629394531,141.12500610351563
-0.7250007629394531,141.07500610351562
-0.6750007629394531,141.07500610351562
-0.7000007629394531,141.10000610351562
-0.775,97.8749984741211
-0.725,97.8749984741211
-0.775,97.82499847412109
-0.725,97.82499847412109
-0.75,97.8499984741211
-0.775,104.07500305175782
-0.725,104.07500305175782
-0.775,104.0250030517578
-0.725,104.0250030517578
-0.75,104.05000305175781
-0.775,104.1249984741211
-0.725,104.1249984741211
-0.775,104.07499847412109
-0.725,104.07499847412109
-0.75,104.0999984741211
-0.775,104.17500152587891
-0.725,104.17500152587891
-0.775,104.1250015258789
-0.725,104.1250015258789
-0.75,104.1500015258789
-0.775,104.2249969482422
-0.725,104.2249969482422
-0.775,104.17499694824218
-0.725,104.17499694824218
-0.75,104.19999694824219
-0.775,104.275
-0.725,104.275
-0.775,104.225
-0.725,104.225
-0.75,104.25
-0.775,104.32500305175782
-0.725,104.32500305175782
-0.775,104.2750030517578
-0.725,104.2750030517578
-0.75,104.30000305175781
-0.775,104.82500305175782
-0.725,104.82500305175782
-0.775,104.7750030517578
-0.725,104.7750030517578
-0.75,104.80000305175781
-0.775,104.9749969482422
-0.725,104.9749969482422
-0.775,104.92499694824218
-0.725,104.92499694824218
-0.75,104.94999694824219
-0.775,108.525
-0.725,108.525
-0.775,108.475
-0.725,108.475
-0.75,108.5
-0.775,108.775
-0.725,108.775
-0.775,108.725
-0.725,108.725
-0.75,108.75
-0.775,108.8749984741211
-0.725,108.8749984741211
-0.775,108.82499847412109
-0.725,108.82499847412109
-0.75,108.8499984741211
-0.775,108.92500152587891
-0.725,108.92500152587891
-0.775,108.8750015258789
-0.725,108.8750015258789
-0.75,108.9000015258789
-0.775,119.82500305175782
-0.725,119.82500305175782
-0.775,119.7750030517578
-0.725,119.7750030517578
-0.75,119.80000305175781
-0.775,131.42499389648438
-0.725,131.42499389648438
-0.775,131.37499389648437
-0.725,131.37499389648437
-0.75,131.39999389648438
-0.775,141.07500305175782
-0.725,141.07500305175782
-0.775,141.0250030517578
-0.725,141.0250030517578
-0.75,141.0500030517578
-0.8249992370605469,97.775
-0.7749992370605469,97.775
-0.8249992370605469,97.725
-0.7749992370605469,97.725
-0.7999992370605469,97.75
-0.8249992370605469,104.1249984741211
-0.7749992370605469,104.1249984741211
-0.8249992370605469,104.07499847412109
-0.7749992370605469,104.07499847412109
-0.7999992370605469,104.0999984741211
-0.8249992370605469,104.2249969482422
-0.7749992370605469,104.2249969482422
-0.8249992370605469,104.17499694824218
-0.7749992370605469,104.17499694824218
-0.7999992370605469,104.19999694824219
-0.8249992370605469,104.8749984741211
-0.7749992370605469,104.8749984741211
-0.8249992370605469,104.82499847412109
-0.7749992370605469,104.82499847412109
-0.7999992370605469,104.8499984741211
-0.8249992370605469,104.92500152587891
-0.7749992370605469,104.92500152587891
-0.8249992370605469,104.8750015258789
-0.7749992370605469,104.8750015258789
-0.7999992370605469,104.9000015258789
-0.8249992370605469,108.7249969482422
-0.7749992370605469,108.7249969482422
-0.8249992370605469,108.67499694824218
-0.7749992370605469,108.67499694824218
-0.7999992370605469,108.69999694824219
-0.8249992370605469,108.92500152587891
-0.7749992370605469,108.92500152587891
-0.8249992370605469,108.8750015258789
-0.7749992370605469,108.8750015258789
-0.7999992370605469,108.9000015258789
-0.8249992370605469,108.9749969482422
-0.7749992370605469,108.9749969482422
-0.8249992370605469,108.92499694824218
-0.7749992370605469,108.92499694824218
-0.7999992370605469,108.94999694824219
-0.8249992370605469,135.4749969482422
-0.7749992370605469,135.4749969482422
-0.8249992370605469,135.42499694824218
-0.7749992370605469,135.42499694824218
-0.7999992370605469,135.4499969482422
-0.8249992370605469,137.17499389648438
-0.7749992370605469,137.17499389648438
-0.8249992370605469,137.12499389648437
-0.7749992370605469,137.12499389648437
-0.7999992370605469,137.14999389648438
-0.8750022888183594,100.32500305175782
-0.8250022888183594,100.32500305175782
-0.8750022888183594,100.2750030517578
-0.8250022888183594,100.2750030517578
-0.8500022888183594,100.30000305175781
-0.8750022888183594,104.9749969482422
-0.8250022888183594,104.9749969482422
-0.8750022888183594,104.92499694824218
-0.8250022888183594,104.92499694824218
-0.8500022888183594,104.94999694824219
-0.8750022888183594,108.775
-0.8250022888183594,108.775
-0.8750022888183594,108.725
-0.8250022888183594,108.725
-0.8500022888183594,108.75
-0.8750022888183594,109.025
-0.8250022888183594,109.025
-0.8750022888183594,108.975
-0.8250022888183594,108.975
-0.8500022888183594,109.0
-0.8750022888183594,117.4749969482422
-0.8250022888183594,117.4749969482422
-0.8750022888183594,117.42499694824218
-0.8250022888183594,117.42499694824218
-0.8500022888183594,117.44999694824219
-0.8750022888183594,117.7249969482422
-0.8250022888183594,117.7249969482422
-0.8750022888183594,117.67499694824218
-0.8250022888183594,117.67499694824218
-0.8500022888183594,117.69999694824219
-0.8750022888183594,129.775
-0.8250022888183594,129.775
-0.8750022888183594,129.725
-0.8250022888183594,129.725
-0.8500022888183594,129.75
-0.8750022888183594,137.42499389648438
-0.8250022888183594,137.42499389648438
-0.8750022888183594,137.37499389648437
-0.8250022888183594,137.37499389648437
-0.8500022888183594,137.39999389648438
-0.8750022888183594,137.87500610351563
-0.8250022888183594,137.87500610351563
-0.8750022888183594,137.82500610351562
-0.8250022888183594,137.82500610351562
-0.8500022888183594,137.85000610351562
-0.9250015258789063,97.57500305175782
-0.8750015258789062,97.57500305175782
-0.9250015258789063,97.5250030517578
-0.8750015258789062,97.5250030517578
-0.9000015258789062,97.55000305175781
-0.9250015258789063,104.9749969482422
-0.8750015258789062,104.9749969482422
-0.9250015258789063,104.92499694824218
-0.8750015258789062,104.92499694824218
-0.9000015258789062,104.94999694824219
-0.9250015258789063,108.57500305175782
-0.8750015258789062,108.57500305175782
-0.9250015258789063,108.5250030517578
-0.8750015258789062,108.5250030517578
-0.9000015258789062,108.55000305175781
-0.9250015258789063,108.92500152587891
-0.8750015258789062,108.92500152587891
-0.9250015258789063,108.8750015258789
-0.8750015258789062,108.8750015258789
-0.9000015258789062,108.9000015258789
-0.9250015258789063,108.9749969482422
-0.8750015258789062,108.9749969482422
-0.9250015258789063,108.92499694824218
-0.8750015258789062,108.92499694824218
-0.9000015258789062,108.94999694824219
-0.9250015258789063,109.025
-0.8750015258789062,109.025
-0.9250015258789063,108.975
-0.8750015258789062,108.975
-0.9000015258789062,109.0
-0.9250015258789063,117.42500152587891
-0.8750015258789062,117.42500152587891
-0.9250015258789063,117.3750015258789
-0.8750015258789062,117.3750015258789
-0.9000015258789062,117.4000015258789
-0.9250015258789063,117.7249969482422
-0.8750015258789062,117.7249969482422
-0.9250015258789063,117.67499694824218
-0.8750015258789062,117.67499694824218
-0.9000015258789062,117.69999694824219
-0.9250015258789063,126.775
-0.8750015258789062,126.775
-0.9250015258789063,126.725
-0.8750015258789062,126.725
-0.9000015258789062,126.75
-0.9250015258789063,137.42499389648438
-0.8750015258789062,137.42499389648438
-0.9250015258789063,137.37499389648437
-0.8750015258789062,137.37499389648437
-0.9000015258789062,137.39999389648438
-0.9250015258789063,137.87500610351563
-0.8750015258789062,137.87500610351563
-0.9250015258789063,137.82500610351562
-0.8750015258789062,137.82500610351562
-0.9000015258789062,137.85000610351562
-0.9750007629394531,104.9749969482422
-0.9250007629394531,104.9749969482422
-0.9750007629394531,104.92499694824218
-0.9250007629394531,104.92499694824218
-0.9500007629394531,104.94999694824219
-0.9750007629394531,108.525
-0.9250007629394531,108.525
-0.9750007629394531,108.475
-0.9250007629394531,108.475
-0.9500007629394531,108.5
-0.9750007629394531,108.6249984741211
-0.9250007629394531,108.6249984741211
-0.9750007629394531,108.57499847412109
-0.9250007629394531,108.57499847412109
-0.9500007629394531,108.5999984741211
-0.9750007629394531,109.025
-0.9250007629394531,109.025
-0.9750007629394531,108.975
-0.9250007629394531,108.975
-0.9500007629394531,109.0
-0.9750007629394531,109.07500305175782
-0.9250007629394531,109.07500305175782
-0.9750007629394531,109.0250030517578
-0.9250007629394531,109.0250030517578
-0.9500007629394531,109.05000305175781
-0.9750007629394531,109.1249984741211
-0.9250007629394531,109.1249984741211
-0.9750007629394531,109.07499847412109
-0.9250007629394531,109.07499847412109
-0.9500007629394531,109.0999984741211
-0.9750007629394531,117.7249969482422
-0.9250007629394531,117.7249969482422
-0.9750007629394531,117.67499694824218
-0.9250007629394531,117.67499694824218
-0.9500007629394531,117.69999694824219
-0.9750007629394531,130.42499389648438
-0.9250007629394531,130.42499389648438
-0.9750007629394531,130.37499389648437
-0.9250007629394531,130.37499389648437
-0.9500007629394531,130.39999389648438
-0.9750007629394531,130.4749969482422
-0.9250007629394531,130.4749969482422
-0.9750007629394531,130.42499694824218
-0.9250007629394531,130.42499694824218
-0.9500007629394531,130.4499969482422
-0.9750007629394531,130.525
-0.9250007629394531,130.525
-0.9750007629394531,130.475
-0.9250007629394531,130.475
-0.9500007629394531,130.5
-0.9750007629394531,137.525
-0.9250007629394531,137.525
-0.9750007629394531,137.475
-0.9250007629394531,137.475
-0.9500007629394531,137.5
-0.9750007629394531,137.67499389648438
-0.9250007629394531,137.67499389648438
-0.9750007629394531,137.62499389648437
-0.9250007629394531,137.62499389648437
-0.9500007629394531,137.64999389648438
-0.9750007629394531,140.92499389648438
-0.9250007629394531,140.92499389648438
-0.9750007629394531,140.87499389648437
-0.9250007629394531,140.87499389648437
-0.9500007629394531,140.89999389648438
-1.025,105.025
-0.975,105.025
-1.025,104.975
-0.975,104.975
-1.0,105.0
-1.025,108.82500305175782
-0.975,108.82500305175782
-1.025,108.7750030517578
-0.975,108.7750030517578
-1.0,108.80000305175781
-1.025,108.8749984741211
-0.975,108.8749984741211
-1.025,108.82499847412109
-0.975,108.82499847412109
-1.0,108.8499984741211
-1.025,108.9749969482422
-0.975,108.9749969482422
-1.025,108.92499694824218
-0.975,108.92499694824218
-1.0,108.94999694824219
-1.025,109.07500305175782
-0.975,109.07500305175782
-1.025,109.0250030517578
-0.975,109.0250030517578
-1.0,109.05000305175781
-1.025,117.57500305175782
-0.975,117.57500305175782
-1.025,117.5250030517578
-0.975,117.5250030517578
-1.0,117.55000305175781
-1.025,117.62500610351563
-0.975,117.62500610351563
-1.025,117.57500610351562
-0.975,117.57500610351562
-1.0,117.60000610351562
-1.025,130.32500305175782
-0.975,130.32500305175782
-1.025,130.2750030517578
-0.975,130.2750030517578
-1.0,130.3000030517578
-1.025,130.37500610351563
-0.975,130.37500610351563
-1.025,130.32500610351562
-0.975,130.32500610351562
-1.0,130.35000610351562
-1.025,130.42499389648438
-0.975,130.42499389648438
-1.025,130.37499389648437
-0.975,130.37499389648437
-1.0,130.39999389648438
-1.025,130.4749969482422
-0.975,130.4749969482422
-1.025,130.42499694824218
-0.975,130.42499694824218
-1.0,130.4499969482422
-1.025,131.2249969482422
-0.975,131.2249969482422
-1.025,131.17499694824218
-0.975,131.17499694824218
-1.0,131.1999969482422
-1.025,137.4749969482422
-0.975,137.4749969482422
-1.025,137.42499694824218
-0.975,137.42499694824218
-1.0,137.4499969482422
-1.025,137.92499389648438
-0.975,137.92499389648438
-1.025,137.87499389648437
-0.975,137.87499389648437
-1.0,137.89999389648438
-1.0749992370605468,98.6249984741211
-1.024999237060547,98.6249984741211
-1.0749992370605468,98.57499847412109
-1.024999237060547,98.57499847412109
-1.0499992370605469,98.5999984741211
-1.0749992370605468,105.025
-1.024999237060547,105.025
-1.0749992370605468,104.975
-1.024999237060547,104.975
-1.0499992370605469,105.0
-1.0749992370605468,108.82500305175782
-1.024999237060547,108.82500305175782
-1.0749992370605468,108.7750030517578
-1.024999237060547,108.7750030517578
-1.0499992370605469,108.80000305175781
-1.0749992370605468,108.9749969482422
-1.024999237060547,108.9749969482422
-1.0749992370605468,108.92499694824218
-1.024999237060547,108.92499694824218
-1.0499992370605469,108.94999694824219
-1.0749992370605468,109.07500305175782
-1.024999237060547,109.07500305175782
-1.0749992370605468,109.0250030517578
-1.024999237060547,109.0250030517578
-1.0499992370605469,109.05000305175781
-1.0749992370605468,126.67500152587891
-1.024999237060547,126.67500152587891
-1.0749992370605468,126.6250015258789
-1.024999237060547,126.6250015258789
-1.0499992370605469,126.6500015258789
-1.0749992370605468,130.32500305175782
-1.024999237060547,130.32500305175782
-1.0749992370605468,130.2750030517578
-1.024999237060547,130.2750030517578
-1.0499992370605469,130.3000030517578
-1.0749992370605468,130.37500610351563
-1.024999237060547,130.37500610351563
-1.0749992370605468,130.32500610351562
-1.024999237060547,130.32500610351562
-1.0499992370605469,130.35000610351562
-1.0749992370605468,130.42499389648438
-1.024999237060547,130.42499389648438
-1.0749992370605468,130.37499389648437
-1.024999237060547,130.37499389648437
-1.0499992370605469,130.39999389648438
-1.0749992370605468,137.7249969482422
-1.024999237060547,137.7249969482422
-1.0749992370605468,137.67499694824218
-1.024999237060547,137.67499694824218
-1.0499992370605469,137.6999969482422
-1.0749992370605468,137.87500610351563
-1.024999237060547,137.87500610351563
-1.0749992370605468,137.82500610351562
-1.024999237060547,137.82500610351562
-1.0499992370605469,137.85000610351562
-1.1250022888183593,105.07500305175782
-1.0750022888183595,105.07500305175782
-1.1250022888183593,105.0250030517578
-1.0750022888183595,105.0250030517578
-1.1000022888183594,105.05000305175781
-1.1250022888183593,108.775
-1.0750022888183595,108.775
-1.1250022888183593,108.725
-1.0750022888183595,108.725
-1.1000022888183594,108.75
-1.1250022888183593,108.82500305175782
-1.0750022888183595,108.82500305175782
-1.1250022888183593,108.7750030517578
-1.0750022888183595,108.7750030517578
-1.1000022888183594,108.80000305175781
-1.1250022888183593,109.07500305175782
-1.0750022888183595,109.07500305175782
-1.1250022888183593,109.0250030517578
-1.0750022888183595,109.0250030517578
-1.1000022888183594,109.05000305175781
-1.1250022888183593,123.42500152587891
-1.0750022888183595,123.42500152587891
-1.1250022888183593,123.3750015258789
-1.0750022888183595,123.3750015258789
-1.1000022888183594,123.4000015258789
-1.1250022888183593,128.32500305175782
-1.0750022888183595,128.32500305175782
-1.1250022888183593,128.2750030517578
-1.0750022888183595,128.2750030517578
-1.1000022888183594,128.3000030517578
-1.1250022888183593,130.275
-1.0750022888183595,130.275
-1.1250022888183593,130.225
-1.0750022888183595,130.225
-1.1000022888183594,130.25
-1.1250022888183593,130.32500305175782
-1.0750022888183595,130.32500305175782
-1.1250022888183593,130.2750030517578
-1.0750022888183595,130.2750030517578
-1.1000022888183594,130.3000030517578
-1.1250022888183593,130.37500610351563
-1.0750022888183595,130.37500610351563
-1.1250022888183593,130.32500610351562
-1.0750022888183595,130.32500610351562
-1.1000022888183594,130.35000610351562
-1.1250022888183593,130.42499389648438
-1.0750022888183595,130.42499389648438
-1.1250022888183593,130.37499389648437
-1.0750022888183595,130.37499389648437
-1.1000022888183594,130.39999389648438
-1.1250022888183593,131.2249969482422
-1.0750022888183595,131.2249969482422
-1.1250022888183593,131.17499694824218
-1.0750022888183595,131.17499694824218
-1.1000022888183594,131.1999969482422
-1.1250022888183593,137.67499389648438
-1.0750022888183595,137.67499389648438
-1.1250022888183593,137.62499389648437
-1.0750022888183595,137.62499389648437
-1.1000022888183594,137.64999389648438
-1.1250022888183593,137.775
-1.0750022888183595,137.775
-1.1250022888183593,137.725
-1.0750022888183595,137.725
-1.1000022888183594,137.75
-1.1250022888183593,137.87500610351563
-1.0750022888183595,137.87500610351563
-1.1250022888183593,137.82500610351562
-1.0750022888183595,137.82500610351562
-1.1000022888183594,137.85000610351562
-1.1250022888183593,137.92499389648438
-1.0750022888183595,137.92499389648438
-1.1250022888183593,137.87499389648437
-1.0750022888183595,137.87499389648437
-1.1000022888183594,137.89999389648438
-1.1750015258789062,105.07500305175782
-1.1250015258789063,105.07500305175782
-1.1750015258789062,105.0250030517578
-1.1250015258789063,105.0250030517578
-1.1500015258789062,105.05000305175781
-1.1750015258789062,108.9749969482422
-1.1250015258789063,108.9749969482422
-1.1750015258789062,108.92499694824218
-1.1250015258789063,108.92499694824218
-1.1500015258789062,108.94999694824219
-1.1750015258789062,109.07500305175782
-1.1250015258789063,109.07500305175782
-1.1750015258789062,109.0250030517578
-1.1250015258789063,109.0250030517578
-1.1500015258789062,109.05000305175781
-1.1750015258789062,109.17500152587891
-1.1250015258789063,109.17500152587891
-1.1750015258789062,109.1250015258789
-1.1250015258789063,109.1250015258789
-1.1500015258789062,109.1500015258789
-1.1750015258789062,119.37500610351563
-1.1250015258789063,119.37500610351563
-1.1750015258789062,119.32500610351562
-1.1250015258789063,119.32500610351562
-1.1500015258789062,119.35000610351562
-1.1750015258789062,123.025
-1.1250015258789063,123.025
-1.1750015258789062,122.975
-1.1250015258789063,122.975
-1.1500015258789062,123.0
-1.1750015258789062,128.4749969482422
-1.1250015258789063,128.4749969482422
-1.1750015258789062,128.42499694824218
-1.1250015258789063,128.42499694824218
-1.1500015258789062,128.4499969482422
-1.1750015258789062,130.275
-1.1250015258789063,130.275
-1.1750015258789062,130.225
-1.1250015258789063,130.225
-1.1500015258789062,130.25
-1.1750015258789062,130.37500610351563
-1.1250015258789063,130.37500610351563
-1.1750015258789062,130.32500610351562
-1.1250015258789063,130.32500610351562
-1.1500015258789062,130.35000610351562
-1.1750015258789062,131.12500610351563
-1.1250015258789063,131.12500610351563
-1.1750015258789062,131.07500610351562
-1.1250015258789063,131.07500610351562
-1.1500015258789062,131.10000610351562
-1.1750015258789062,131.17499389648438
-1.1250015258789063,131.17499389648438
-1.1750015258789062,131.12499389648437
-1.1250015258789063,131.12499389648437
-1.1500015258789062,131.14999389648438
-1.1750015258789062,136.87500610351563
-1.1250015258789063,136.87500610351563
-1.1750015258789062,136.82500610351562
-1.1250015258789063,136.82500610351562
-1.1500015258789062,136.85000610351562
-1.1750015258789062,137.7249969482422
-1.1250015258789063,137.7249969482422
-1.1750015258789062,137.67499694824218
-1.1250015258789063,137.67499694824218
-1.1500015258789062,137.6999969482422
-1.1750015258789062,137.92499389648438
-1.1250015258789063,137.92499389648438
-1.1750015258789062,137.87499389648437
-1.1250015258789063,137.87499389648437
-1.1500015258789062,137.89999389648438
-1.1750015258789062,140.82500305175782
-1.1250015258789063,140.82500305175782
-1.1750015258789062,140.7750030517578
-1.1250015258789063,140.7750030517578
-1.1500015258789062,140.8000030517578
-1.225000762939453,105.07500305175782
-1.1750007629394532,105.07500305175782
-1.225000762939453,105.0250030517578
-1.1750007629394532,105.0250030517578
-1.2000007629394531,105.05000305175781
-1.225000762939453,108.9749969482422
-1.1750007629394532,108.9749969482422
-1.225000762939453,108.92499694824218
-1.1750007629394532,108.92499694824218
-1.2000007629394531,108.94999694824219
-1.225000762939453,130.32500305175782
-1.1750007629394532,130.32500305175782
-1.225000762939453,130.2750030517578
-1.1750007629394532,130.2750030517578
-1.2000007629394531,130.3000030517578
-1.225000762939453,130.37500610351563
-1.1750007629394532,130.37500610351563
-1.225000762939453,130.32500610351562
-1.1750007629394532,130.32500610351562
-1.2000007629394531,130.35000610351562
-1.225000762939453,130.42499389648438
-1.1750007629394532,130.42499389648438
-1.225000762939453,130.37499389648437
-1.1750007629394532,130.37499389648437
-1.2000007629394531,130.39999389648438
-1.225000762939453,130.4749969482422
-1.1750007629394532,130.4749969482422
-1.225000762939453,130.42499694824218
-1.1750007629394532,130.42499694824218
-1.2000007629394531,130.4499969482422
-1.275,105.07500305175782
-1.225,105.07500305175782
-1.275,105.0250030517578
-1.225,105.0250030517578
-1.25,105.05000305175781
-1.275,105.525
-1.225,105.525
-1.275,105.475
-1.225,105.475
-1.25,105.5
-1.275,105.57500305175782
-1.225,105.57500305175782
-1.275,105.5250030517578
-1.225,105.5250030517578
-1.25,105.55000305175781
-1.275,105.6249984741211
-1.225,105.6249984741211
-1.275,105.57499847412109
-1.225,105.57499847412109
-1.25,105.5999984741211
-1.275,105.67500152587891
-1.225,105.67500152587891
-1.275,105.6250015258789
-1.225,105.6250015258789
-1.25,105.6500015258789
-1.275,105.7249969482422
-1.225,105.7249969482422
-1.275,105.67499694824218
-1.225,105.67499694824218
-1.25,105.69999694824219
-1.275,108.82500305175782
-1.225,108.82500305175782
-1.275,108.7750030517578
-1.225,108.7750030517578
-1.25,108.80000305175781
-1.275,109.025
-1.225,109.025
-1.275,108.975
-1.225,108.975
-1.25,109.0
-1.275,109.1249984741211
-1.225,109.1249984741211
-1.275,109.07499847412109
-1.225,109.07499847412109
-1.25,109.0999984741211
-1.275,136.87500610351563
-1.225,136.87500610351563
-1.275,136.82500610351562
-1.225,136.82500610351562
-1.25,136.85000610351562
-1.3249992370605468,99.1249984741211
-1.274999237060547,99.1249984741211
-1.3249992370605468,99.07499847412109
-1.274999237060547,99.07499847412109
-1.2999992370605469,99.0999984741211
-1.3249992370605468,100.4749969482422
-1.274999237060547,100.4749969482422
-1.3249992370605468,100.42499694824218
-1.274999237060547,100.42499694824218
-1.2999992370605469,100.44999694824219
-1.3249992370605468,105.07500305175782
-1.274999237060547,105.07500305175782
-1.3249992370605468,105.0250030517578
-1.274999237060547,105.0250030517578
-1.2999992370605469,105.05000305175781
-1.3249992370605468,105.3749984741211
-1.274999237060547,105.3749984741211
-1.3249992370605468,105.32499847412109
-1.274999237060547,105.32499847412109
-1.2999992370605469,105.3499984741211
-1.3249992370605468,105.42500152587891
-1.274999237060547,105.42500152587891
-1.3249992370605468,105.3750015258789
-1.274999237060547,105.3750015258789
-1.2999992370605469,105.4000015258789
-1.3249992370605468,117.025
-1.274999237060547,117.025
-1.3249992370605468,116.975
-1.274999237060547,116.975
-1.2999992370605469,117.0
-1.3249992370605468,130.42499389648438
-1.274999237060547,130.42499389648438
-1.3249992370605468,130.37499389648437
-1.274999237060547,130.37499389648437
-1.2999992370605469,130.39999389648438
-1.3249992370605468,136.7249969482422
-1.274999237060547,136.7249969482422
-1.3249992370605468,136.67499694824218
-1.274999237060547,136.67499694824218
-1.2999992370605469,136.6999969482422
-1.3750022888183593,105.3749984741211
-1.3250022888183595,105.3749984741211
-1.3750022888183593,105.32499847412109
-1.3250022888183595,105.32499847412109
-1.3500022888183594,105.3499984741211
-1.3750022888183593,105.42500152587891
-1.3250022888183595,105.42500152587891
-1.3750022888183593,105.3750015258789
-1.3250022888183595,105.3750015258789
-1.3500022888183594,105.4000015258789
-1.3750022888183593,108.025
-1.3250022888183595,108.025
-1.3750022888183593,107.975
-1.3250022888183595,107.975
-1.3500022888183594,108.0
-1.3750022888183593,108.7249969482422
-1.3250022888183595,108.7249969482422
-1.3750022888183593,108.67499694824218
-1.3250022888183595,108.67499694824218
-1.3500022888183594,108.69999694824219
-1.3750022888183593,109.17500152587891
-1.3250022888183595,109.17500152587891
-1.3750022888183593,109.1250015258789
-1.3250022888183595,109.1250015258789
-1.3500022888183594,109.1500015258789
-1.3750022888183593,122.775
-1.3250022888183595,122.775
-1.3750022888183593,122.725
-1.3250022888183595,122.725
-1.3500022888183594,122.75
-1.3750022888183593,137.87500610351563
-1.3250022888183595,137.87500610351563
-1.3750022888183593,137.82500610351562
-1.3250022888183595,137.82500610351562
-1.3500022888183594,137.85000610351562
-1.4250015258789062,105.07500305175782
-1.3750015258789063,105.07500305175782
-1.4250015258789062,105.0250030517578
-1.3750015258789063,105.0250030517578
-1.4000015258789062,105.05000305175781
-1.4250015258789062,105.1249984741211
-1.3750015258789063,105.1249984741211
-1.4250015258789062,105.07499847412109
-1.3750015258789063,105.07499847412109
-1.4000015258789062,105.0999984741211
-1.4250015258789062,105.3749984741211
-1.3750015258789063,105.3749984741211
-1.4250015258789062,105.32499847412109
-1.3750015258789063,105.32499847412109
-1.4000015258789062,105.3499984741211
-1.4250015258789062,105.42500152587891
-1.3750015258789063,105.42500152587891
-1.4250015258789062,105.3750015258789
-1.3750015258789063,105.3750015258789
-1.4000015258789062,105.4000015258789
-1.4250015258789062,119.275
-1.3750015258789063,119.275
-1.4250015258789062,119.225
-1.3750015258789063,119.225
-1.4000015258789062,119.25
-1.4250015258789062,125.9749969482422
-1.3750015258789063,125.9749969482422
-1.4250015258789062,125.92499694824218
-1.3750015258789063,125.92499694824218
-1.4000015258789062,125.94999694824219
-1.4250015258789062,130.42499389648438
-1.3750015258789063,130.42499389648438
-1.4250015258789062,130.37499389648437
-1.3750015258789063,130.37499389648437
-1.4000015258789062,130.39999389648438
-1.4250015258789062,130.4749969482422
-1.3750015258789063,130.4749969482422
-1.4250015258789062,130.42499694824218
-1.3750015258789063,130.42499694824218
-1.4000015258789062,130.4499969482422
-1.4250015258789062,130.57500305175782
-1.3750015258789063,130.57500305175782
-1.4250015258789062,130.5250030517578
-1.3750015258789063,130.5250030517578
-1.4000015258789062,130.5500030517578
-1.4250015258789062,130.62500610351563
-1.3750015258789063,130.62500610351563
-1.4250015258789062,130.57500610351562
-1.3750015258789063,130.57500610351562
-1.4000015258789062,130.60000610351562
-1.4250015258789062,136.775
-1.3750015258789063,136.775
-1.4250015258789062,136.725
-1.3750015258789063,136.725
-1.4000015258789062,136.75
-1.4250015258789062,137.57500305175782
-1.3750015258789063,137.57500305175782
-1.4250015258789062,137.5250030517578
-1.3750015258789063,137.5250030517578
-1.4000015258789062,137.5500030517578
-1.4250015258789062,137.87500610351563
-1.3750015258789063,137.87500610351563
-1.4250015258789062,137.82500610351562
-1.3750015258789063,137.82500610351562
-1.4000015258789062,137.85000610351562
-1.475000762939453,105.07500305175782
-1.4250007629394532,105.07500305175782
-1.475000762939453,105.0250030517578
-1.4250007629394532,105.0250030517578
-1.4500007629394531,105.05000305175781
-1.475000762939453,105.1249984741211
-1.4250007629394532,105.1249984741211
-1.475000762939453,105.07499847412109
-1.4250007629394532,105.07499847412109
-1.4500007629394531,105.0999984741211
-1.475000762939453,105.17500152587891
-1.4250007629394532,105.17500152587891
-1.475000762939453,105.1250015258789
-1.4250007629394532,105.1250015258789
-1.4500007629394531,105.1500015258789
-1.475000762939453,105.57500305175782
-1.4250007629394532,105.57500305175782
-1.475000762939453,105.5250030517578
-1.4250007629394532,105.5250030517578
-1.4500007629394531,105.55000305175781
-1.475000762939453,105.6249984741211
-1.4250007629394532,105.6249984741211
-1.475000762939453,105.57499847412109
-1.4250007629394532,105.57499847412109
-1.4500007629394531,105.5999984741211
-1.475000762939453,116.7249969482422
-1.4250007629394532,116.7249969482422
-1.475000762939453,116.67499694824218
-1.4250007629394532,116.67499694824218
-1.4500007629394531,116.69999694824219
-1.475000762939453,116.775
-1.4250007629394532,116.775
-1.475000762939453,116.725
-1.4250007629394532,116.725
-1.4500007629394531,116.75
-1.475000762939453,130.12500610351563
-1.4250007629394532,130.12500610351563
-1.475000762939453,130.07500610351562
-1.4250007629394532,130.07500610351562
-1.4500007629394531,130.10000610351562
-1.475000762939453,130.32500305175782
-1.4250007629394532,130.32500305175782
-1.475000762939453,130.2750030517578
-1.4250007629394532,130.2750030517578
-1.4500007629394531,130.3000030517578
-1.475000762939453,130.37500610351563
-1.4250007629394532,130.37500610351563
-1.475000762939453,130.32500610351562
-1.4250007629394532,130.32500610351562
-1.4500007629394531,130.35000610351562
-1.475000762939453,130.4749969482422
-1.4250007629394532,130.4749969482422
-1.475000762939453,130.42499694824218
-1.4250007629394532,130.42499694824218
-1.4500007629394531,130.4499969482422
-1.475000762939453,130.57500305175782
-1.4250007629394532,130.57500305175782
-1.475000762939453,130.5250030517578
-1.4250007629394532,130.5250030517578
-1.4500007629394531,130.5500030517578
-1.475000762939453,130.67499389648438
-1.4250007629394532,130.67499389648438
-1.475000762939453,130.62499389648437
-1.4250007629394532,130.62499389648437
-1.4500007629394531,130.64999389648438
-1.475000762939453,137.57500305175782
-1.4250007629394532,137.57500305175782
-1.475000762939453,137.5250030517578
-1.4250007629394532,137.5250030517578
-1.4500007629394531,137.5500030517578
-1.475000762939453,138.17499389648438
-1.4250007629394532,138.17499389648438
-1.475000762939453,138.12499389648437
-1.4250007629394532,138.12499389648437
-1.4500007629394531,138.14999389648438
-1.525,98.775
-1.475,98.775
-1.525,98.725
-1.475,98.725
-1.5,98.75
-1.525,105.07500305175782
-1.475,105.07500305175782
-1.525,105.0250030517578
-1.475,105.0250030517578
-1.5,105.05000305175781
-1.525,105.17500152587891
-1.475,105.17500152587891
-1.525,105.1250015258789
-1.475,105.1250015258789
-1.5,105.1500015258789
-1.525,105.2249969482422
-1.475,105.2249969482422
-1.525,105.17499694824218
-1.475,105.17499694824218
-1.5,105.19999694824219
-1.525,105.4749969482422
-1.475,105.4749969482422
-1.525,105.42499694824218
-1.475,105.42499694824218
-1.5,105.44999694824219
-1.525,105.525
-1.475,105.525
-1.525,105.475
-1.475,105.475
-1.5,105.5
-1.525,108.525
-1.475,108.525
-1.525,108.475
-1.475,108.475
-1.5,108.5
-1.525,108.9749969482422
-1.475,108.9749969482422
-1.525,108.92499694824218
-1.475,108.92499694824218
-1.5,108.94999694824219
-1.525,109.1249984741211
-1.475,109.1249984741211
-1.525,109.07499847412109
-1.475,109.07499847412109
-1.5,109.0999984741211
-1.525,126.32500305175782
-1.475,126.32500305175782
-1.525,126.2750030517578
-1.475,126.2750030517578
-1.5,126.30000305175781
-1.525,130.17499389648438
-1.475,130.17499389648438
-1.525,130.12499389648437
-1.475,130.12499389648437
-1.5,130.14999389648438
-1.525,130.275
-1.475,130.275
-1.525,130.225
-1.475,130.225
-1.5,130.25
-1.525,130.32500305175782
-1.475,130.32500305175782
-1.525,130.2750030517578
-1.475,130.2750030517578
-1.5,130.3000030517578
-1.525,130.37500610351563
-1.475,130.37500610351563
-1.525,130.32500610351562
-1.475,130.32500610351562
-1.5,130.35000610351562
-1.525,130.42499389648438
-1.475,130.42499389648438
-1.525,130.37499389648437
-1.475,130.37499389648437
-1.5,130.39999389648438
-1.525,130.775
-1.475,130.775
-1.525,130.725
-1.475,130.725
-1.5,130.75
-1.525,137.57500305175782
-1.475,137.57500305175782
-1.525,137.5250030517578
-1.475,137.5250030517578
-1.5,137.5500030517578
-1.5749992370605468,99.275
-1.524999237060547,99.275
-1.5749992370605468,99.225
-1.524999237060547,99.225
-1.5499992370605469,99.25
-1.5749992370605468,105.17500152587891
-1.524999237060547,105.17500152587891
-1.5749992370605468,105.1250015258789
-1.524999237060547,105.1250015258789
-1.5499992370605469,105.1500015258789
-1.5749992370605468,105.2249969482422
-1.524999237060547,105.2249969482422
-1.5749992370605468,105.17499694824218
-1.524999237060547,105.17499694824218
-1.5499992370605469,105.19999694824219
-1.5749992370605468,106.025
-1.524999237060547,106.025
-1.5749992370605468,105.975
-1.524999237060547,105.975
-1.5499992370605469,106.0
-1.5749992370605468,108.775
-1.524999237060547,108.775
-1.5749992370605468,108.725
-1.524999237060547,108.725
-1.5499992370605469,108.75
-1.5749992370605468,109.07500305175782
-1.524999237060547,109.07500305175782
-1.5749992370605468,109.0250030517578
-1.524999237060547,109.0250030517578
-1.5499992370605469,109.05000305175781
-1.5749992370605468,109.32500305175782
-1.524999237060547,109.32500305175782
-1.5749992370605468,109.2750030517578
-1.524999237060547,109.2750030517578
-1.5499992370605469,109.30000305175781
-1.5749992370605468,126.525
-1.524999237060547,126.525
-1.5749992370605468,126.475
-1.524999237060547,126.475
-1.5499992370605469,126.5
-1.5749992370605468,130.12500610351563
-1.524999237060547,130.12500610351563
-1.5749992370605468,130.07500610351562
-1.524999237060547,130.07500610351562
-1.5499992370605469,130.10000610351562
-1.5749992370605468,130.17499389648438
-1.524999237060547,130.17499389648438
-1.5749992370605468,130.12499389648437
-1.524999237060547,130.12499389648437
-1.5499992370605469,130.14999389648438
-1.5749992370605468,130.82500305175782
-1.524999237060547,130.82500305175782
-1.5749992370605468,130.7750030517578
-1.524999237060547,130.7750030517578
-1.5499992370605469,130.8000030517578
-1.5749992370605468,139.17499389648438
-1.524999237060547,139.17499389648438
-1.5749992370605468,139.12499389648437
-1.524999237060547,139.12499389648437
-1.5499992370605469,139.14999389648438
-1.5749992370605468,140.67499389648438
-1.524999237060547,140.67499389648438
-1.5749992370605468,140.62499389648437
-1.524999237060547,140.62499389648437
-1.5499992370605469,140.64999389648438
-1.6250022888183593,105.1249984741211
-1.5750022888183595,105.1249984741211
-1.6250022888183593,105.07499847412109
-1.5750022888183595,105.07499847412109
-1.6000022888183594,105.0999984741211
-1.6250022888183593,105.17500152587891
-1.5750022888183595,105.17500152587891
-1.6250022888183593,105.1250015258789
-1.5750022888183595,105.1250015258789
-1.6000022888183594,105.1500015258789
-1.6250022888183593,109.2249969482422
-1.5750022888183595,109.2249969482422
-1.6250022888183593,109.17499694824218
-1.5750022888183595,109.17499694824218
-1.6000022888183594,109.19999694824219
-1.6250022888183593,109.3749984741211
-1.5750022888183595,109.3749984741211
-1.6250022888183593,109.32499847412109
-1.5750022888183595,109.32499847412109
-1.6000022888183594,109.3499984741211
-1.6250022888183593,130.32500305175782
-1.5750022888183595,130.32500305175782
-1.6250022888183593,130.2750030517578
-1.5750022888183595,130.2750030517578
-1.6000022888183594,130.3000030517578
-1.6250022888183593,130.37500610351563
-1.5750022888183595,130.37500610351563
-1.6250022888183593,130.32500610351562
-1.5750022888183595,130.32500610351562
-1.6000022888183594,130.35000610351562
-1.6250022888183593,130.42499389648438
-1.5750022888183595,130.42499389648438
-1.6250022888183593,130.37499389648437
-1.5750022888183595,130.37499389648437
-1.6000022888183594,130.39999389648438
-1.6250022888183593,130.92499389648438
-1.5750022888183595,130.92499389648438
-1.6250022888183593,130.87499389648437
-1.5750022888183595,130.87499389648437
-1.6000022888183594,130.89999389648438
-1.6250022888183593,131.17499389648438
-1.5750022888183595,131.17499389648438
-1.6250022888183593,131.12499389648437
-1.5750022888183595,131.12499389648437
-1.6000022888183594,131.14999389648438
-1.6250022888183593,136.025
-1.5750022888183595,136.025
-1.6250022888183593,135.975
-1.5750022888183595,135.975
-1.6000022888183594,136.0
-1.6250022888183593,138.32500305175782
-1.5750022888183595,138.32500305175782
-1.6250022888183593,138.2750030517578
-1.5750022888183595,138.2750030517578
-1.6000022888183594,138.3000030517578
-1.6750015258789062,105.1249984741211
-1.6250015258789063,105.1249984741211
-1.6750015258789062,105.07499847412109
-1.6250015258789063,105.07499847412109
-1.6500015258789062,105.0999984741211
-1.6750015258789062,105.17500152587891
-1.6250015258789063,105.17500152587891
-1.6750015258789062,105.1250015258789
-1.6250015258789063,105.1250015258789
-1.6500015258789062,105.1500015258789
-1.6750015258789062,105.32500305175782
-1.6250015258789063,105.32500305175782
-1.6750015258789062,105.2750030517578
-1.6250015258789063,105.2750030517578
-1.6500015258789062,105.30000305175781
-1.6750015258789062,108.7249969482422
-1.6250015258789063,108.7249969482422
-1.6750015258789062,108.67499694824218
-1.6250015258789063,108.67499694824218
-1.6500015258789062,108.69999694824219
-1.6750015258789062,109.275
-1.6250015258789063,109.275
-1.6750015258789062,109.225
-1.6250015258789063,109.225
-1.6500015258789062,109.25
-1.6750015258789062,109.42500152587891
-1.6250015258789063,109.42500152587891
-1.6750015258789062,109.3750015258789
-1.6250015258789063,109.3750015258789
-1.6500015258789062,109.4000015258789
-1.6750015258789062,109.4749969482422
-1.6250015258789063,109.4749969482422
-1.6750015258789062,109.42499694824218
-1.6250015258789063,109.42499694824218
-1.6500015258789062,109.44999694824219
-1.6750015258789062,109.525
-1.6250015258789063,109.525
-1.6750015258789062,109.475
-1.6250015258789063,109.475
-1.6500015258789062,109.5
-1.6750015258789062,109.57500305175782
-1.6250015258789063,109.57500305175782
-1.6750015258789062,109.5250030517578
-1.6250015258789063,109.5250030517578
-1.6500015258789062,109.55000305175781
-1.6750015258789062,110.025
-1.6250015258789063,110.025
-1.6750015258789062,109.975
-1.6250015258789063,109.975
-1.6500015258789062,110.0
-1.6750015258789062,123.42500152587891
-1.6250015258789063,123.42500152587891
-1.6750015258789062,123.3750015258789
-1.6250015258789063,123.3750015258789
-1.6500015258789062,123.4000015258789
-1.6750015258789062,125.62500610351563
-1.6250015258789063,125.62500610351563
-1.6750015258789062,125.57500610351562
-1.6250015258789063,125.57500610351562
-1.6500015258789062,125.60000610351562
-1.6750015258789062,130.12500610351563
-1.6250015258789063,130.12500610351563
-1.6750015258789062,130.07500610351562
-1.6250015258789063,130.07500610351562
-1.6500015258789062,130.10000610351562
-1.6750015258789062,130.2249969482422
-1.6250015258789063,130.2249969482422
-1.6750015258789062,130.17499694824218
-1.6250015258789063,130.17499694824218
-1.6500015258789062,130.1999969482422
-1.6750015258789062,130.37500610351563
-1.6250015258789063,130.37500610351563
-1.6750015258789062,130.32500610351562
-1.6250015258789063,130.32500610351562
-1.6500015258789062,130.35000610351562
-1.6750015258789062,130.92499389648438
-1.6250015258789063,130.92499389648438
-1.6750015258789062,130.87499389648437
-1.6250015258789063,130.87499389648437
-1.6500015258789062,130.89999389648438
-1.6750015258789062,130.9749969482422
-1.6250015258789063,130.9749969482422
-1.6750015258789062,130.92499694824218
-1.6250015258789063,130.92499694824218
-1.6500015258789062,130.9499969482422
-1.6750015258789062,131.07500305175782
-1.6250015258789063,131.07500305175782
-1.6750015258789062,131.0250030517578
-1.6250015258789063,131.0250030517578
-1.6500015258789062,131.0500030517578
-1.6750015258789062,131.12500610351563
-1.6250015258789063,131.12500610351563
-1.6750015258789062,131.07500610351562
-1.6250015258789063,131.07500610351562
-1.6500015258789062,131.10000610351562
-1.6750015258789062,131.17499389648438
-1.6250015258789063,131.17499389648438
-1.6750015258789062,131.12499389648437
-1.6250015258789063,131.12499389648437
-1.6500015258789062,131.14999389648438
-1.6750015258789062,137.275
-1.6250015258789063,137.275
-1.6750015258789062,137.225
-1.6250015258789063,137.225
-1.6500015258789062,137.25
-1.6750015258789062,137.32500305175782
-1.6250015258789063,137.32500305175782
-1.6750015258789062,137.2750030517578
-1.6250015258789063,137.2750030517578
-1.6500015258789062,137.3000030517578
-1.6750015258789062,138.42499389648438
-1.6250015258789063,138.42499389648438
-1.6750015258789062,138.37499389648437
-1.6250015258789063,138.37499389648437
-1.6500015258789062,138.39999389648438
-1.6750015258789062,138.57500305175782
-1.6250015258789063,138.57500305175782
-1.6750015258789062,138.5250030517578
-1.6250015258789063,138.5250030517578
-1.6500015258789062,138.5500030517578
-1.725000762939453,98.8749984741211
-1.6750007629394532,98.8749984741211
-1.725000762939453,98.82499847412109
-1.6750007629394532,98.82499847412109
-1.7000007629394531,98.8499984741211
-1.725000762939453,105.07500305175782
-1.6750007629394532,105.07500305175782
-1.725000762939453,105.0250030517578
-1.6750007629394532,105.0250030517578
-1.7000007629394531,105.05000305175781
-1.725000762939453,105.1249984741211
-1.6750007629394532,105.1249984741211
-1.725000762939453,105.07499847412109
-1.6750007629394532,105.07499847412109
-1.7000007629394531,105.0999984741211
-1.725000762939453,106.1249984741211
-1.6750007629394532,106.1249984741211
-1.725000762939453,106.07499847412109
-1.6750007629394532,106.07499847412109
-1.7000007629394531,106.0999984741211
-1.725000762939453,108.67500152587891
-1.6750007629394532,108.67500152587891
-1.725000762939453,108.6250015258789
-1.6750007629394532,108.6250015258789
-1.7000007629394531,108.6500015258789
-1.725000762939453,108.82500305175782
-1.6750007629394532,108.82500305175782
-1.725000762939453,108.7750030517578
-1.6750007629394532,108.7750030517578
-1.7000007629394531,108.80000305175781
-1.725000762939453,108.92500152587891
-1.6750007629394532,108.92500152587891
-1.725000762939453,108.8750015258789
-1.6750007629394532,108.8750015258789
-1.7000007629394531,108.9000015258789
-1.725000762939453,109.025
-1.6750007629394532,109.025
-1.725000762939453,108.975
-1.6750007629394532,108.975
-1.7000007629394531,109.0
-1.725000762939453,109.275
-1.6750007629394532,109.275
-1.725000762939453,109.225
-1.6750007629394532,109.225
-1.7000007629394531,109.25
-1.725000762939453,109.32500305175782
-1.6750007629394532,109.32500305175782
-1.725000762939453,109.2750030517578
-1.6750007629394532,109.2750030517578
-1.7000007629394531,109.30000305175781
-1.725000762939453,109.3749984741211
-1.6750007629394532,109.3749984741211
-1.725000762939453,109.32499847412109
-1.6750007629394532,109.32499847412109
-1.7000007629394531,109.3499984741211
-1.725000762939453,109.42500152587891
-1.6750007629394532,109.42500152587891
-1.725000762939453,109.3750015258789
-1.6750007629394532,109.3750015258789
-1.7000007629394531,109.4000015258789
-1.725000762939453,109.4749969482422
-1.6750007629394532,109.4749969482422
-1.725000762939453,109.42499694824218
-1.6750007629394532,109.42499694824218
-1.7000007629394531,109.44999694824219
-1.725000762939453,109.525
-1.6750007629394532,109.525
-1.725000762939453,109.475
-1.6750007629394532,109.475
-1.7000007629394531,109.5
-1.725000762939453,109.57500305175782
-1.6750007629394532,109.57500305175782
-1.725000762939453,109.5250030517578
-1.6750007629394532,109.5250030517578
-1.7000007629394531,109.55000305175781
-1.725000762939453,123.4749969482422
-1.6750007629394532,123.4749969482422
-1.725000762939453,123.42499694824218
-1.6750007629394532,123.42499694824218
-1.7000007629394531,123.44999694824219
-1.725000762939453,125.07500305175782
-1.6750007629394532,125.07500305175782
-1.725000762939453,125.0250030517578
-1.6750007629394532,125.0250030517578
-1.7000007629394531,125.05000305175781
-1.725000762939453,125.32500305175782
-1.6750007629394532,125.32500305175782
-1.725000762939453,125.2750030517578
-1.6750007629394532,125.2750030517578
-1.7000007629394531,125.30000305175781
-1.725000762939453,129.82500305175782
-1.6750007629394532,129.82500305175782
-1.725000762939453,129.7750030517578
-1.6750007629394532,129.7750030517578
-1.7000007629394531,129.8000030517578
-1.725000762939453,129.9749969482422
-1.6750007629394532,129.9749969482422
-1.725000762939453,129.92499694824218
-1.6750007629394532,129.92499694824218
-1.7000007629394531,129.9499969482422
-1.725000762939453,130.025
-1.6750007629394532,130.025
-1.725000762939453,129.975
-1.6750007629394532,129.975
-1.7000007629394531,130.0
-1.725000762939453,131.025
-1.6750007629394532,131.025
-1.725000762939453,130.975
-1.6750007629394532,130.975
-1.7000007629394531,131.0
-1.725000762939453,131.07500305175782
-1.6750007629394532,131.07500305175782
-1.725000762939453,131.0250030517578
-1.6750007629394532,131.0250030517578
-1.7000007629394531,131.0500030517578
-1.725000762939453,131.2249969482422
-1.6750007629394532,131.2249969482422
-1.725000762939453,131.17499694824218
-1.6750007629394532,131.17499694824218
-1.7000007629394531,131.1999969482422
-1.775,105.025
-1.725,105.025
-1.775,104.975
-1.725,104.975
-1.75,105.0
-1.775,105.07500305175782
-1.725,105.07500305175782
-1.775,105.0250030517578
-1.725,105.0250030517578
-1.75,105.05000305175781
-1.775,105.275
-1.725,105.275
-1.775,105.225
-1.725,105.225
-1.75,105.25
-1.775,108.2249969482422
-1.725,108.2249969482422
-1.775,108.17499694824218
-1.725,108.17499694824218
-1.75,108.19999694824219
-1.775,108.7249969482422
-1.725,108.7249969482422
-1.775,108.67499694824218
-1.725,108.67499694824218
-1.75,108.69999694824219
-1.775,108.82500305175782
-1.725,108.82500305175782
-1.775,108.7750030517578
-1.725,108.7750030517578
-1.75,108.80000305175781
-1.775,108.8749984741211
-1.725,108.8749984741211
-1.775,108.82499847412109
-1.725,108.82499847412109
-1.75,108.8499984741211
-1.775,108.92500152587891
-1.725,108.92500152587891
-1.775,108.8750015258789
-1.725,108.8750015258789
-1.75,108.9000015258789
-1.775,109.07500305175782
-1.725,109.07500305175782
-1.775,109.0250030517578
-1.725,109.0250030517578
-1.75,109.05000305175781
-1.775,109.1249984741211
-1.725,109.1249984741211
-1.775,109.07499847412109
-1.725,109.07499847412109
-1.75,109.0999984741211
-1.775,109.275
-1.725,109.275
-1.775,109.225
-1.725,109.225
-1.75,109.25
-1.775,109.32500305175782
-1.725,109.32500305175782
-1.775,109.2750030517578
-1.725,109.2750030517578
-1.75,109.30000305175781
-1.775,109.4749969482422
-1.725,109.4749969482422
-1.775,109.42499694824218
-1.725,109.42499694824218
-1.75,109.44999694824219
-1.775,109.525
-1.725,109.525
-1.775,109.475
-1.725,109.475
-1.75,109.5
-1.775,129.7249969482422
-1.725,129.7249969482422
-1.775,129.67499694824218
-1.725,129.67499694824218
-1.75,129.6999969482422
-1.775,129.87500610351563
-1.725,129.87500610351563
-1.775,129.82500610351562
-1.725,129.82500610351562
-1.75,129.85000610351562
-1.775,129.9749969482422
-1.725,129.9749969482422
-1.775,129.92499694824218
-1.725,129.92499694824218
-1.75,129.9499969482422
-1.775,131.37500610351563
-1.725,131.37500610351563
-1.775,131.32500610351562
-1.725,131.32500610351562
-1.75,131.35000610351562
-1.775,131.42499389648438
-1.725,131.42499389648438
-1.775,131.37499389648437
-1.725,131.37499389648437
-1.75,131.39999389648438
-1.775,131.4749969482422
-1.725,131.4749969482422
-1.775,131.42499694824218
-1.725,131.42499694824218
-1.75,131.4499969482422
-1.775,131.525
-1.725,131.525
-1.775,131.475
-1.725,131.475
-1.75,131.5
-1.775,138.67499389648438
-1.725,138.67499389648438
-1.775,138.62499389648437
-1.725,138.62499389648437
-1.75,138.64999389648438
-1.8249992370605468,99.07500305175782
-1.774999237060547,99.07500305175782
-1.8249992370605468,99.0250030517578
-1.774999237060547,99.0250030517578
-1.7999992370605469,99.05000305175781
-1.8249992370605468,105.025
-1.774999237060547,105.025
-1.8249992370605468,104.975
-1.774999237060547,104.975
-1.7999992370605469,105.0
-1.8249992370605468,105.07500305175782
-1.774999237060547,105.07500305175782
-1.8249992370605468,105.0250030517578
-1.774999237060547,105.0250030517578
-1.7999992370605469,105.05000305175781
-1.8249992370605468,105.1249984741211
-1.774999237060547,105.1249984741211
-1.8249992370605468,105.07499847412109
-1.774999237060547,105.07499847412109
-1.7999992370605469,105.0999984741211
-1.8249992370605468,106.17500152587891
-1.774999237060547,106.17500152587891
-1.8249992370605468,106.1250015258789
-1.774999237060547,106.1250015258789
-1.7999992370605469,106.1500015258789
-1.8249992370605468,108.8749984741211
-1.774999237060547,108.8749984741211
-1.8249992370605468,108.82499847412109
-1.774999237060547,108.82499847412109
-1.7999992370605469,108.8499984741211
-1.8249992370605468,109.025
-1.774999237060547,109.025
-1.8249992370605468,108.975
-1.774999237060547,108.975
-1.7999992370605469,109.0
-1.8249992370605468,109.32500305175782
-1.774999237060547,109.32500305175782
-1.8249992370605468,109.2750030517578
-1.774999237060547,109.2750030517578
-1.7999992370605469,109.30000305175781
-1.8249992370605468,109.3749984741211
-1.774999237060547,109.3749984741211
-1.8249992370605468,109.32499847412109
-1.774999237060547,109.32499847412109
-1.7999992370605469,109.3499984741211
-1.8249992370605468,109.4749969482422
-1.774999237060547,109.4749969482422
-1.8249992370605468,109.42499694824218
-1.774999237060547,109.42499694824218
-1.7999992370605469,109.44999694824219
-1.8249992370605468,121.37500610351563
-1.774999237060547,121.37500610351563
-1.8249992370605468,121.32500610351562
-1.774999237060547,121.32500610351562
-1.7999992370605469,121.35000610351562
-1.8249992370605468,123.32500305175782
-1.774999237060547,123.32500305175782
-1.8249992370605468,123.2750030517578
-1.774999237060547,123.2750030517578
-1.7999992370605469,123.30000305175781
-1.8249992370605468,123.67500152587891
-1.774999237060547,123.67500152587891
-1.8249992370605468,123.6250015258789
-1.774999237060547,123.6250015258789
-1.7999992370605469,123.6500015258789
-1.8249992370605468,125.525
-1.774999237060547,125.525
-1.8249992370605468,125.475
-1.774999237060547,125.475
-1.7999992370605469,125.5
-1.8249992370605468,125.62500610351563
-1.774999237060547,125.62500610351563
-1.8249992370605468,125.57500610351562
-1.774999237060547,125.57500610351562
-1.7999992370605469,125.60000610351562
-1.8249992370605468,129.87500610351563
-1.774999237060547,129.87500610351563
-1.8249992370605468,129.82500610351562
-1.774999237060547,129.82500610351562
-1.7999992370605469,129.85000610351562
-1.8249992370605468,130.4749969482422
-1.774999237060547,130.4749969482422
-1.8249992370605468,130.42499694824218
-1.774999237060547,130.42499694824218
-1.7999992370605469,130.4499969482422
-1.8249992370605468,131.32500305175782
-1.774999237060547,131.32500305175782
-1.8249992370605468,131.2750030517578
-1.774999237060547,131.2750030517578
-1.7999992370605469,131.3000030517578
-1.8249992370605468,131.42499389648438
-1.774999237060547,131.42499389648438
-1.8249992370605468,131.37499389648437
-1.774999237060547,131.37499389648437
-1.7999992370605469,131.39999389648438
-1.8249992370605468,135.92499389648438
-1.774999237060547,135.92499389648438
-1.8249992370605468,135.87499389648437
-1.774999237060547,135.87499389648437
-1.7999992370605469,135.89999389648438
-1.8249992370605468,137.07500305175782
-1.774999237060547,137.07500305175782
-1.8249992370605468,137.0250030517578
-1.774999237060547,137.0250030517578
-1.7999992370605469,137.0500030517578
-1.8249992370605468,140.12500610351563
-1.774999237060547,140.12500610351563
-1.8249992370605468,140.07500610351562
-1.774999237060547,140.07500610351562
-1.7999992370605469,140.10000610351562
-1.8750022888183593,105.1249984741211
-1.8250022888183595,105.1249984741211
-1.8750022888183593,105.07499847412109
-1.8250022888183595,105.07499847412109
-1.8500022888183594,105.0999984741211
-1.8750022888183593,105.17500152587891
-1.8250022888183595,105.17500152587891
-1.8750022888183593,105.1250015258789
-1.8250022888183595,105.1250015258789
-1.8500022888183594,105.1500015258789
-1.8750022888183593,109.42500152587891
-1.8250022888183595,109.42500152587891
-1.8750022888183593,109.3750015258789
-1.8250022888183595,109.3750015258789
-1.8500022888183594,109.4000015258789
-1.8750022888183593,109.4749969482422
-1.8250022888183595,109.4749969482422
-1.8750022888183593,109.42499694824218
-1.8250022888183595,109.42499694824218
-1.8500022888183594,109.44999694824219
-1.8750022888183593,130.525
-1.8250022888183595,130.525
-1.8750022888183593,130.475
-1.8250022888183595,130.475
-1.8500022888183594,130.5
-1.9250015258789062,100.82500305175782
-1.8750015258789063,100.82500305175782
-1.9250015258789062,100.7750030517578
-1.8750015258789063,100.7750030517578
-1.9000015258789062,100.80000305175781
-1.9250015258789062,109.2249969482422
-1.8750015258789063,109.2249969482422
-1.9250015258789062,109.17499694824218
-1.8750015258789063,109.17499694824218
-1.9000015258789062,109.19999694824219
-1.9250015258789062,109.32500305175782
-1.8750015258789063,109.32500305175782
-1.9250015258789062,109.2750030517578
-1.8750015258789063,109.2750030517578
-1.9000015258789062,109.30000305175781
-1.9250015258789062,109.3749984741211
-1.8750015258789063,109.3749984741211
-1.9250015258789062,109.32499847412109
-1.8750015258789063,109.32499847412109
-1.9000015258789062,109.3499984741211
-1.9250015258789062,109.42500152587891
-1.8750015258789063,109.42500152587891
-1.9250015258789062,109.3750015258789
-1.8750015258789063,109.3750015258789
-1.9000015258789062,109.4000015258789
-1.9250015258789062,116.62500610351563
-1.8750015258789063,116.62500610351563
-1.9250015258789062,116.57500610351562
-1.8750015258789063,116.57500610351562
-1.9000015258789062,116.60000610351562
-1.9250015258789062,126.2249969482422
-1.8750015258789063,126.2249969482422
-1.9250015258789062,126.17499694824218
-1.8750015258789063,126.17499694824218
-1.9000015258789062,126.19999694824219
-1.9250015258789062,130.4749969482422
-1.8750015258789063,130.4749969482422
-1.9250015258789062,130.42499694824218
-1.8750015258789063,130.42499694824218
-1.9000015258789062,130.4499969482422
-1.9250015258789062,131.4749969482422
-1.8750015258789063,131.4749969482422
-1.9250015258789062,131.42499694824218
-1.8750015258789063,131.42499694824218
-1.9000015258789062,131.4499969482422
-1.9250015258789062,131.57500305175782
-1.8750015258789063,131.57500305175782
-1.9250015258789062,131.5250030517578
-1.8750015258789063,131.5250030517578
-1.9000015258789062,131.5500030517578
-1.9250015258789062,131.62500610351563
-1.8750015258789063,131.62500610351563
-1.9250015258789062,131.57500610351562
-1.8750015258789063,131.57500610351562
-1.9000015258789062,131.60000610351562
-1.9250015258789062,136.2249969482422
-1.8750015258789063,136.2249969482422
-1.9250015258789062,136.17499694824218
-1.8750015258789063,136.17499694824218
-1.9000015258789062,136.1999969482422
-1.9250015258789062,139.7249969482422
-1.8750015258789063,139.7249969482422
-1.9250015258789062,139.67499694824218
-1.8750015258789063,139.67499694824218
-1.9000015258789062,139.6999969482422
-1.9250015258789062,139.87500610351563
-1.8750015258789063,139.87500610351563
-1.9250015258789062,139.82500610351562
-1.8750015258789063,139.82500610351562
-1.9000015258789062,139.85000610351562
-1.975000762939453,106.2249969482422
-1.9250007629394532,106.2249969482422
-1.975000762939453,106.17499694824218
-1.9250007629394532,106.17499694824218
-1.9500007629394531,106.19999694824219
-1.975000762939453,109.42500152587891
-1.9250007629394532,109.42500152587891
-1.975000762939453,109.3750015258789
-1.9250007629394532,109.3750015258789
-1.9500007629394531,109.4000015258789
-1.975000762939453,109.4749969482422
-1.9250007629394532,109.4749969482422
-1.975000762939453,109.42499694824218
-1.9250007629394532,109.42499694824218
-1.9500007629394531,109.44999694824219
-1.975000762939453,109.525
-1.9250007629394532,109.525
-1.975000762939453,109.475
-1.9250007629394532,109.475
-1.9500007629394531,109.5
-1.975000762939453,123.12500610351563
-1.9250007629394532,123.12500610351563
-1.975000762939453,123.07500610351562
-1.9250007629394532,123.07500610351562
-1.9500007629394531,123.10000610351562
-1.975000762939453,131.4749969482422
-1.9250007629394532,131.4749969482422
-1.975000762939453,131.42499694824218
-1.9250007629394532,131.42499694824218
-1.9500007629394531,131.4499969482422
-1.975000762939453,131.57500305175782
-1.9250007629394532,131.57500305175782
-1.975000762939453,131.5250030517578
-1.9250007629394532,131.5250030517578
-1.9500007629394531,131.5500030517578
-1.975000762939453,131.7249969482422
-1.9250007629394532,131.7249969482422
-1.975000762939453,131.67499694824218
-1.9250007629394532,131.67499694824218
-1.9500007629394531,131.6999969482422
-1.975000762939453,131.775
-1.9250007629394532,131.775
-1.975000762939453,131.725
-1.9250007629394532,131.725
-1.9500007629394531,131.75
-1.975000762939453,134.775
-1.9250007629394532,134.775
-1.975000762939453,134.725
-1.9250007629394532,134.725
-1.9500007629394531,134.75
-1.975000762939453,136.9749969482422
-1.9250007629394532,136.9749969482422
-1.975000762939453,136.92499694824218
-1.9250007629394532,136.92499694824218
-1.9500007629394531,136.9499969482422
-2.025,109.275
-1.975,109.275
-2.025,109.225
-1.975,109.225
-2.0,109.25
-2.025,109.42500152587891
-1.975,109.42500152587891
-2.025,109.3750015258789
-1.975,109.3750015258789
-2.0,109.4000015258789
-2.025,109.4749969482422
-1.975,109.4749969482422
-2.025,109.42499694824218
-1.975,109.42499694824218
-2.0,109.44999694824219
-2.025,109.525
-1.975,109.525
-2.025,109.475
-1.975,109.475
-2.0,109.5
-2.025,121.67500152587891
-1.975,121.67500152587891
-2.025,121.6250015258789
-1.975,121.6250015258789
-2.0,121.6500015258789
-2.025,125.37500610351563
-1.975,125.37500610351563
-2.025,125.32500610351562
-1.975,125.32500610351562
-2.0,125.35000610351562
-2.025,127.07500305175782
-1.975,127.07500305175782
-2.025,127.0250030517578
-1.975,127.0250030517578
-2.0,127.05000305175781
-2.025,130.7249969482422
-1.975,130.7249969482422
-2.025,130.67499694824218
-1.975,130.67499694824218
-2.0,130.6999969482422
-2.025,131.7249969482422
-1.975,131.7249969482422
-2.025,131.67499694824218
-1.975,131.67499694824218
-2.0,131.6999969482422
-2.025,140.2249969482422
-1.975,140.2249969482422
-2.025,140.17499694824218
-1.975,140.17499694824218
-2.0,140.1999969482422
-2.074999237060547,106.275
-2.024999237060547,106.275
-2.074999237060547,106.225
-2.024999237060547,106.225
-2.049999237060547,106.25
-2.074999237060547,109.3749984741211
-2.024999237060547,109.3749984741211
-2.074999237060547,109.32499847412109
-2.024999237060547,109.32499847412109
-2.049999237060547,109.3499984741211
-2.074999237060547,109.42500152587891
-2.024999237060547,109.42500152587891
-2.074999237060547,109.3750015258789
-2.024999237060547,109.3750015258789
-2.049999237060547,109.4000015258789
-2.074999237060547,109.4749969482422
-2.024999237060547,109.4749969482422
-2.074999237060547,109.42499694824218
-2.024999237060547,109.42499694824218
-2.049999237060547,109.44999694824219
-2.074999237060547,109.525
-2.024999237060547,109.525
-2.074999237060547,109.475
-2.024999237060547,109.475
-2.049999237060547,109.5
-2.074999237060547,121.67500152587891
-2.024999237060547,121.67500152587891
-2.074999237060547,121.6250015258789
-2.024999237060547,121.6250015258789
-2.049999237060547,121.6500015258789
-2.074999237060547,125.57500305175782
-2.024999237060547,125.57500305175782
-2.074999237060547,125.5250030517578
-2.024999237060547,125.5250030517578
-2.049999237060547,125.55000305175781
-2.074999237060547,130.32500305175782
-2.024999237060547,130.32500305175782
-2.074999237060547,130.2750030517578
-2.024999237060547,130.2750030517578
-2.049999237060547,130.3000030517578
-2.074999237060547,130.37500610351563
-2.024999237060547,130.37500610351563
-2.074999237060547,130.32500610351562
-2.024999237060547,130.32500610351562
-2.049999237060547,130.35000610351562
-2.074999237060547,131.525
-2.024999237060547,131.525
-2.074999237060547,131.475
-2.024999237060547,131.475
-2.049999237060547,131.5
-2.074999237060547,131.57500305175782
-2.024999237060547,131.57500305175782
-2.074999237060547,131.5250030517578
-2.024999237060547,131.5250030517578
-2.049999237060547,131.5500030517578
-2.074999237060547,131.62500610351563
-2.024999237060547,131.62500610351563
-2.074999237060547,131.57500610351562
-2.024999237060547,131.57500610351562
-2.049999237060547,131.60000610351562
-2.074999237060547,134.7249969482422
-2.024999237060547,134.7249969482422
-2.074999237060547,134.67499694824218
-2.024999237060547,134.67499694824218
-2.049999237060547,134.6999969482422
-2.074999237060547,136.32500305175782
-2.024999237060547,136.32500305175782
-2.074999237060547,136.2750030517578
-2.024999237060547,136.2750030517578
-2.049999237060547,136.3000030517578
-2.074999237060547,139.275
-2.024999237060547,139.275
-2.074999237060547,139.225
-2.024999237060547,139.225
-2.049999237060547,139.25
-2.074999237060547,139.37500610351563
-2.024999237060547,139.37500610351563
-2.074999237060547,139.32500610351562
-2.024999237060547,139.32500610351562
-2.049999237060547,139.35000610351562
-2.1250022888183593,100.775
-2.0750022888183595,100.775
-2.1250022888183593,100.725
-2.0750022888183595,100.725
-2.1000022888183594,100.75
-2.1250022888183593,106.275
-2.0750022888183595,106.275
-2.1250022888183593,106.225
-2.0750022888183595,106.225
-2.1000022888183594,106.25
-2.1250022888183593,106.32500305175782
-2.0750022888183595,106.32500305175782
-2.1250022888183593,106.2750030517578
-2.0750022888183595,106.2750030517578
-2.1000022888183594,106.30000305175781
-2.1250022888183593,109.525
-2.0750022888183595,109.525
-2.1250022888183593,109.475
-2.0750022888183595,109.475
-2.1000022888183594,109.5
-2.1250022888183593,116.7249969482422
-2.0750022888183595,116.7249969482422
-2.1250022888183593,116.67499694824218
-2.0750022888183595,116.67499694824218
-2.1000022888183594,116.69999694824219
-2.1250022888183593,125.62500610351563
-2.0750022888183595,125.62500610351563
-2.1250022888183593,125.57500610351562
-2.0750022888183595,125.57500610351562
-2.1000022888183594,125.60000610351562
-2.1250022888183593,130.82500305175782
-2.0750022888183595,130.82500305175782
-2.1250022888183593,130.7750030517578
-2.0750022888183595,130.7750030517578
-2.1000022888183594,130.8000030517578
-2.1250022888183593,131.025
-2.0750022888183595,131.025
-2.1250022888183593,130.975
-2.0750022888183595,130.975
-2.1000022888183594,131.0
-2.1250022888183593,131.67499389648438
-2.0750022888183595,131.67499389648438
-2.1250022888183593,131.62499389648437
-2.0750022888183595,131.62499389648437
-2.1000022888183594,131.64999389648438
-2.1250022888183593,131.92499389648438
-2.0750022888183595,131.92499389648438
-2.1250022888183593,131.87499389648437
-2.0750022888183595,131.87499389648437
-2.1000022888183594,131.89999389648438
-2.1250022888183593,136.67499389648438
-2.0750022888183595,136.67499389648438
-2.1250022888183593,136.62499389648437
-2.0750022888183595,136.62499389648437
-2.1000022888183594,136.64999389648438
-2.1250022888183593,140.4749969482422
-2.0750022888183595,140.4749969482422
-2.1250022888183593,140.42499694824218
-2.0750022888183595,140.42499694824218
-2.1000022888183594,140.4499969482422
-2.175001525878906,109.32500305175782
-2.1250015258789063,109.32500305175782
-2.175001525878906,109.2750030517578
-2.1250015258789063,109.2750030517578
-2.1500015258789062,109.30000305175781
-2.175001525878906,109.4749969482422
-2.1250015258789063,109.4749969482422
-2.175001525878906,109.42499694824218
-2.1250015258789063,109.42499694824218
-2.1500015258789062,109.44999694824219
-2.175001525878906,109.525
-2.1250015258789063,109.525
-2.175001525878906,109.475
-2.1250015258789063,109.475
-2.1500015258789062,109.5
-2.175001525878906,121.62500610351563
-2.1250015258789063,121.62500610351563
-2.175001525878906,121.57500610351562
-2.1250015258789063,121.57500610351562
-2.1500015258789062,121.60000610351562
-2.175001525878906,124.57500305175782
-2.1250015258789063,124.57500305175782
-2.175001525878906,124.5250030517578
-2.1250015258789063,124.5250030517578
-2.1500015258789062,124.55000305175781
-2.175001525878906,125.275
-2.1250015258789063,125.275
-2.175001525878906,125.225
-2.1250015258789063,125.225
-2.1500015258789062,125.25
-2.175001525878906,127.07500305175782
-2.1250015258789063,127.07500305175782
-2.175001525878906,127.0250030517578
-2.1250015258789063,127.0250030517578
-2.1500015258789062,127.05000305175781
-2.175001525878906,131.275
-2.1250015258789063,131.275
-2.175001525878906,131.225
-2.1250015258789063,131.225
-2.1500015258789062,131.25
-2.175001525878906,131.62500610351563
-2.1250015258789063,131.62500610351563
-2.175001525878906,131.57500610351562
-2.1250015258789063,131.57500610351562
-2.1500015258789062,131.60000610351562
-2.175001525878906,131.67499389648438
-2.1250015258789063,131.67499389648438
-2.175001525878906,131.62499389648437
-2.1250015258789063,131.62499389648437
-2.1500015258789062,131.64999389648438
-2.175001525878906,131.82500305175782
-2.1250015258789063,131.82500305175782
-2.175001525878906,131.7750030517578
-2.1250015258789063,131.7750030517578
-2.1500015258789062,131.8000030517578
-2.175001525878906,131.87500610351563
-2.1250015258789063,131.87500610351563
-2.175001525878906,131.82500610351562
-2.1250015258789063,131.82500610351562
-2.1500015258789062,131.85000610351562
-2.175001525878906,131.92499389648438
-2.1250015258789063,131.92499389648438
-2.175001525878906,131.87499389648437
-2.1250015258789063,131.87499389648437
-2.1500015258789062,131.89999389648438
-2.175001525878906,131.9749969482422
-2.1250015258789063,131.9749969482422
-2.175001525878906,131.92499694824218
-2.1250015258789063,131.92499694824218
-2.1500015258789062,131.9499969482422
-2.175001525878906,136.67499389648438
-2.1250015258789063,136.67499389648438
-2.175001525878906,136.62499389648437
-2.1250015258789063,136.62499389648437
-2.1500015258789062,136.64999389648438
-2.175001525878906,136.7249969482422
-2.1250015258789063,136.7249969482422
-2.175001525878906,136.67499694824218
-2.1250015258789063,136.67499694824218
-2.1500015258789062,136.6999969482422
-2.175001525878906,136.775
-2.1250015258789063,136.775
-2.175001525878906,136.725
-2.1250015258789063,136.725
-2.1500015258789062,136.75
-2.175001525878906,140.4749969482422
-2.1250015258789063,140.4749969482422
-2.175001525878906,140.42499694824218
-2.1250015258789063,140.42499694824218
-2.1500015258789062,140.4499969482422
-2.225000762939453,106.32500305175782
-2.175000762939453,106.32500305175782
-2.225000762939453,106.2750030517578
-2.175000762939453,106.2750030517578
-2.200000762939453,106.30000305175781
-2.225000762939453,106.3749984741211
-2.175000762939453,106.3749984741211
-2.225000762939453,106.32499847412109
-2.175000762939453,106.32499847412109
-2.200000762939453,106.3499984741211
-2.225000762939453,109.525
-2.175000762939453,109.525
-2.225000762939453,109.475
-2.175000762939453,109.475
-2.200000762939453,109.5
-2.225000762939453,109.57500305175782
-2.175000762939453,109.57500305175782
-2.225000762939453,109.5250030517578
-2.175000762939453,109.5250030517578
-2.200000762939453,109.55000305175781
-2.225000762939453,123.42500152587891
-2.175000762939453,123.42500152587891
-2.225000762939453,123.3750015258789
-2.175000762939453,123.3750015258789
-2.200000762939453,123.4000015258789
-2.225000762939453,124.62500610351563
-2.175000762939453,124.62500610351563
-2.225000762939453,124.57500610351562
-2.175000762939453,124.57500610351562
-2.200000762939453,124.60000610351562
-2.225000762939453,125.12500610351563
-2.175000762939453,125.12500610351563
-2.225000762939453,125.07500610351562
-2.175000762939453,125.07500610351562
-2.200000762939453,125.10000610351562
-2.225000762939453,125.87500610351563
-2.175000762939453,125.87500610351563
-2.225000762939453,125.82500610351562
-2.175000762939453,125.82500610351562
-2.200000762939453,125.85000610351562
-2.225000762939453,130.92499389648438
-2.175000762939453,130.92499389648438
-2.225000762939453,130.87499389648437
-2.175000762939453,130.87499389648437
-2.200000762939453,130.89999389648438
-2.225000762939453,131.4749969482422
-2.175000762939453,131.4749969482422
-2.225000762939453,131.42499694824218
-2.175000762939453,131.42499694824218
-2.200000762939453,131.4499969482422
-2.225000762939453,131.62500610351563
-2.175000762939453,131.62500610351563
-2.225000762939453,131.57500610351562
-2.175000762939453,131.57500610351562
-2.200000762939453,131.60000610351562
-2.225000762939453,131.87500610351563
-2.175000762939453,131.87500610351563
-2.225000762939453,131.82500610351562
-2.175000762939453,131.82500610351562
-2.200000762939453,131.85000610351562
-2.225000762939453,136.7249969482422
-2.175000762939453,136.7249969482422
-2.225000762939453,136.67499694824218
-2.175000762939453,136.67499694824218
-2.200000762939453,136.6999969482422
-2.225000762939453,139.525
-2.175000762939453,139.525
-2.225000762939453,139.475
-2.175000762939453,139.475
-2.200000762939453,139.5
-2.275,106.32500305175782
-2.225,106.32500305175782
-2.275,106.2750030517578
-2.225,106.2750030517578
-2.25,106.30000305175781
-2.275,106.4749969482422
-2.225,106.4749969482422
-2.275,106.42499694824218
-2.225,106.42499694824218
-2.25,106.44999694824219
-2.275,109.4749969482422
-2.225,109.4749969482422
-2.275,109.42499694824218
-2.225,109.42499694824218
-2.25,109.44999694824219
-2.275,109.525
-2.225,109.525
-2.275,109.475
-2.225,109.475
-2.25,109.5
-2.275,117.07500305175782
-2.225,117.07500305175782
-2.275,117.0250030517578
-2.225,117.0250030517578
-2.25,117.05000305175781
-2.275,131.67499389648438
-2.225,131.67499389648438
-2.275,131.62499389648437
-2.225,131.62499389648437
-2.25,131.64999389648438
-2.275,131.82500305175782
-2.225,131.82500305175782
-2.275,131.7750030517578
-2.225,131.7750030517578
-2.25,131.8000030517578
-2.275,131.87500610351563
-2.225,131.87500610351563
-2.275,131.82500610351562
-2.225,131.82500610351562
-2.25,131.85000610351562
-2.324999237060547,106.32500305175782
-2.274999237060547,106.32500305175782
-2.324999237060547,106.2750030517578
-2.274999237060547,106.2750030517578
-2.299999237060547,106.30000305175781
-2.324999237060547,106.3749984741211
-2.274999237060547,106.3749984741211
-2.324999237060547,106.32499847412109
-2.274999237060547,106.32499847412109
-2.299999237060547,106.3499984741211
-2.324999237060547,109.4749969482422
-2.274999237060547,109.4749969482422
-2.324999237060547,109.42499694824218
-2.274999237060547,109.42499694824218
-2.299999237060547,109.44999694824219
-2.324999237060547,109.525
-2.274999237060547,109.525
-2.324999237060547,109.475
-2.274999237060547,109.475
-2.299999237060547,109.5
-2.324999237060547,123.775
-2.274999237060547,123.775
-2.324999237060547,123.725
-2.274999237060547,123.725
-2.299999237060547,123.75
-2.324999237060547,124.775
-2.274999237060547,124.775
-2.324999237060547,124.725
-2.274999237060547,124.725
-2.299999237060547,124.75
-2.324999237060547,125.62500610351563
-2.274999237060547,125.62500610351563
-2.324999237060547,125.57500610351562
-2.274999237060547,125.57500610351562
-2.299999237060547,125.60000610351562
-2.324999237060547,130.62500610351563
-2.274999237060547,130.62500610351563
-2.324999237060547,130.57500610351562
-2.274999237060547,130.57500610351562
-2.299999237060547,130.60000610351562
-2.324999237060547,130.87500610351563
-2.274999237060547,130.87500610351563
-2.324999237060547,130.82500610351562
-2.274999237060547,130.82500610351562
-2.299999237060547,130.85000610351562
-2.324999237060547,131.12500610351563
-2.274999237060547,131.12500610351563
-2.324999237060547,131.07500610351562
-2.274999237060547,131.07500610351562
-2.299999237060547,131.10000610351562
-2.324999237060547,131.67499389648438
-2.274999237060547,131.67499389648438
-2.324999237060547,131.62499389648437
-2.274999237060547,131.62499389648437
-2.299999237060547,131.64999389648438
-2.324999237060547,131.7249969482422
-2.274999237060547,131.7249969482422
-2.324999237060547,131.67499694824218
-2.274999237060547,131.67499694824218
-2.299999237060547,131.6999969482422
-2.324999237060547,131.87500610351563
-2.274999237060547,131.87500610351563
-2.324999237060547,131.82500610351562
-2.274999237060547,131.82500610351562
-2.299999237060547,131.85000610351562
-2.324999237060547,132.87500610351563
-2.274999237060547,132.87500610351563
-2.324999237060547,132.82500610351562
-2.274999237060547,132.82500610351562
-2.299999237060547,132.85000610351562
-2.3750022888183593,109.42500152587891
-2.3250022888183595,109.42500152587891
-2.3750022888183593,109.3750015258789
-2.3250022888183595,109.3750015258789
-2.3500022888183594,109.4000015258789
-2.3750022888183593,109.4749969482422
-2.3250022888183595,109.4749969482422
-2.3750022888183593,109.42499694824218
-2.3250022888183595,109.42499694824218
-2.3500022888183594,109.44999694824219
-2.3750022888183593,109.525
-2.3250022888183595,109.525
-2.3750022888183593,109.475
-2.3250022888183595,109.475
-2.3500022888183594,109.5
-2.3750022888183593,116.7249969482422
-2.3250022888183595,116.7249969482422
-2.3750022888183593,116.67499694824218
-2.3250022888183595,116.67499694824218
-2.3500022888183594,116.69999694824219
-2.3750022888183593,125.2249969482422
-2.3250022888183595,125.2249969482422
-2.3750022888183593,125.17499694824218
-2.3250022888183595,125.17499694824218
-2.3500022888183594,125.19999694824219
-2.3750022888183593,131.62500610351563
-2.3250022888183595,131.62500610351563
-2.3750022888183593,131.57500610351562
-2.3250022888183595,131.57500610351562
-2.3500022888183594,131.60000610351562
-2.3750022888183593,131.775
-2.3250022888183595,131.775
-2.3750022888183593,131.725
-2.3250022888183595,131.725
-2.3500022888183594,131.75
-2.3750022888183593,131.92499389648438
-2.3250022888183595,131.92499389648438
-2.3750022888183593,131.87499389648437
-2.3250022888183595,131.87499389648437
-2.3500022888183594,131.89999389648438
-2.3750022888183593,136.32500305175782
-2.3250022888183595,136.32500305175782
-2.3750022888183593,136.2750030517578
-2.3250022888183595,136.2750030517578
-2.3500022888183594,136.3000030517578
-2.425001525878906,95.8749984741211
-2.3750015258789063,95.8749984741211
-2.425001525878906,95.82499847412109
-2.3750015258789063,95.82499847412109
-2.4000015258789062,95.8499984741211
-2.425001525878906,109.42500152587891
-2.3750015258789063,109.42500152587891
-2.425001525878906,109.3750015258789
-2.3750015258789063,109.3750015258789
-2.4000015258789062,109.4000015258789
-2.425001525878906,109.4749969482422
-2.3750015258789063,109.4749969482422
-2.425001525878906,109.42499694824218
-2.3750015258789063,109.42499694824218
-2.4000015258789062,109.44999694824219
-2.425001525878906,109.525
-2.3750015258789063,109.525
-2.425001525878906,109.475
-2.3750015258789063,109.475
-2.4000015258789062,109.5
-2.425001525878906,123.62500610351563
-2.3750015258789063,123.62500610351563
-2.425001525878906,123.57500610351562
-2.3750015258789063,123.57500610351562
-2.4000015258789062,123.60000610351562
-2.425001525878906,123.82500305175782
-2.3750015258789063,123.82500305175782
-2.425001525878906,123.7750030517578
-2.3750015258789063,123.7750030517578
-2.4000015258789062,123.80000305175781
-2.425001525878906,125.07500305175782
-2.3750015258789063,125.07500305175782
-2.425001525878906,125.0250030517578
-2.3750015258789063,125.0250030517578
-2.4000015258789062,125.05000305175781
-2.425001525878906,125.92500152587891
-2.3750015258789063,125.92500152587891
-2.425001525878906,125.8750015258789
-2.3750015258789063,125.8750015258789
-2.4000015258789062,125.9000015258789
-2.425001525878906,131.12500610351563
-2.3750015258789063,131.12500610351563
-2.425001525878906,131.07500610351562
-2.3750015258789063,131.07500610351562
-2.4000015258789062,131.10000610351562
-2.425001525878906,131.775
-2.3750015258789063,131.775
-2.425001525878906,131.725
-2.3750015258789063,131.725
-2.4000015258789062,131.75
-2.425001525878906,131.92499389648438
-2.3750015258789063,131.92499389648438
-2.425001525878906,131.87499389648437
-2.3750015258789063,131.87499389648437
-2.4000015258789062,131.89999389648438
-2.425001525878906,133.2249969482422
-2.3750015258789063,133.2249969482422
-2.425001525878906,133.17499694824218
-2.3750015258789063,133.17499694824218
-2.4000015258789062,133.1999969482422
-2.425001525878906,135.67499389648438
-2.3750015258789063,135.67499389648438
-2.425001525878906,135.62499389648437
-2.3750015258789063,135.62499389648437
-2.4000015258789062,135.64999389648438
-2.475000762939453,109.42500152587891
-2.425000762939453,109.42500152587891
-2.475000762939453,109.3750015258789
-2.425000762939453,109.3750015258789
-2.450000762939453,109.4000015258789
-2.475000762939453,109.4749969482422
-2.425000762939453,109.4749969482422
-2.475000762939453,109.42499694824218
-2.425000762939453,109.42499694824218
-2.450000762939453,109.44999694824219
-2.475000762939453,109.57500305175782
-2.425000762939453,109.57500305175782
-2.475000762939453,109.5250030517578
-2.425000762939453,109.5250030517578
-2.450000762939453,109.55000305175781
-2.475000762939453,117.525
-2.425000762939453,117.525
-2.475000762939453,117.475
-2.425000762939453,117.475
-2.450000762939453,117.5
-2.475000762939453,130.87500610351563
-2.425000762939453,130.87500610351563
-2.475000762939453,130.82500610351562
-2.425000762939453,130.82500610351562
-2.450000762939453,130.85000610351562
-2.475000762939453,131.2249969482422
-2.425000762939453,131.2249969482422
-2.475000762939453,131.17499694824218
-2.425000762939453,131.17499694824218
-2.450000762939453,131.1999969482422
-2.475000762939453,131.67499389648438
-2.425000762939453,131.67499389648438
-2.475000762939453,131.62499389648437
-2.425000762939453,131.62499389648437
-2.450000762939453,131.64999389648438
-2.475000762939453,131.87500610351563
-2.425000762939453,131.87500610351563
-2.475000762939453,131.82500610351562
-2.425000762939453,131.82500610351562
-2.450000762939453,131.85000610351562
-2.475000762939453,132.4749969482422
-2.425000762939453,132.4749969482422
-2.475000762939453,132.42499694824218
-2.425000762939453,132.42499694824218
-2.450000762939453,132.4499969482422
-2.475000762939453,132.7249969482422
-2.425000762939453,132.7249969482422
-2.475000762939453,132.67499694824218
-2.425000762939453,132.67499694824218
-2.450000762939453,132.6999969482422
-2.475000762939453,135.82500305175782
-2.425000762939453,135.82500305175782
-2.475000762939453,135.7750030517578
-2.425000762939453,135.7750030517578
-2.450000762939453,135.8000030517578
-2.525,106.6249984741211
-2.475,106.6249984741211
-2.525,106.57499847412109
-2.475,106.57499847412109
-2.5,106.5999984741211
-2.525,109.3749984741211
-2.475,109.3749984741211
-2.525,109.32499847412109
-2.475,109.32499847412109
-2.5,109.3499984741211
-2.525,109.42500152587891
-2.475,109.42500152587891
-2.525,109.3750015258789
-2.475,109.3750015258789
-2.5,109.4000015258789
-2.525,109.4749969482422
-2.475,109.4749969482422
-2.525,109.42499694824218
-2.475,109.42499694824218
-2.5,109.44999694824219
-2.525,109.525
-2.475,109.525
-2.525,109.475
-2.475,109.475
-2.5,109.5
-2.525,125.17500152587891
-2.475,125.17500152587891
-2.525,125.1250015258789
-2.475,125.1250015258789
-2.5,125.1500015258789
-2.525,131.62500610351563
-2.475,131.62500610351563
-2.525,131.57500610351562
-2.475,131.57500610351562
-2.5,131.60000610351562
-2.525,131.67499389648438
-2.475,131.67499389648438
-2.525,131.62499389648437
-2.475,131.62499389648437
-2.5,131.64999389648438
-2.525,131.87500610351563
-2.475,131.87500610351563
-2.525,131.82500610351562
-2.475,131.82500610351562
-2.5,131.85000610351562
-2.525,132.42499389648438
-2.475,132.42499389648438
-2.525,132.37499389648437
-2.475,132.37499389648437
-2.5,132.39999389648438
-2.525,132.525
-2.475,132.525
-2.525,132.475
-2.475,132.475
-2.5,132.5
-2.525,132.62500610351563
-2.475,132.62500610351563
-2.525,132.57500610351562
-2.475,132.57500610351562
-2.5,132.60000610351562
-2.525,132.775
-2.475,132.775
-2.525,132.725
-2.475,132.725
-2.5,132.75
-2.525,134.37500610351563
-2.475,134.37500610351563
-2.525,134.32500610351562
-2.475,134.32500610351562
-2.5,134.35000610351562
-2.574999237060547,107.67500152587891
-2.524999237060547,107.67500152587891
-2.574999237060547,107.6250015258789
-2.524999237060547,107.6250015258789
-2.549999237060547,107.6500015258789
-2.574999237060547,109.3749984741211
-2.524999237060547,109.3749984741211
-2.574999237060547,109.32499847412109
-2.524999237060547,109.32499847412109
-2.549999237060547,109.3499984741211
-2.574999237060547,109.42500152587891
-2.524999237060547,109.42500152587891
-2.574999237060547,109.3750015258789
-2.524999237060547,109.3750015258789
-2.549999237060547,109.4000015258789
-2.574999237060547,109.4749969482422
-2.524999237060547,109.4749969482422
-2.574999237060547,109.42499694824218
-2.524999237060547,109.42499694824218
-2.549999237060547,109.44999694824219
-2.574999237060547,109.525
-2.524999237060547,109.525
-2.574999237060547,109.475
-2.524999237060547,109.475
-2.549999237060547,109.5
-2.574999237060547,124.9749969482422
-2.524999237060547,124.9749969482422
-2.574999237060547,124.92499694824218
-2.524999237060547,124.92499694824218
-2.549999237060547,124.94999694824219
-2.574999237060547,131.37500610351563
-2.524999237060547,131.37500610351563
-2.574999237060547,131.32500610351562
-2.524999237060547,131.32500610351562
-2.549999237060547,131.35000610351562
-2.574999237060547,131.87500610351563
-2.524999237060547,131.87500610351563
-2.574999237060547,131.82500610351562
-2.524999237060547,131.82500610351562
-2.549999237060547,131.85000610351562
-2.574999237060547,131.92499389648438
-2.524999237060547,131.92499389648438
-2.574999237060547,131.87499389648437
-2.524999237060547,131.87499389648437
-2.549999237060547,131.89999389648438
-2.574999237060547,131.9749969482422
-2.524999237060547,131.9749969482422
-2.574999237060547,131.92499694824218
-2.524999237060547,131.92499694824218
-2.549999237060547,131.9499969482422
-2.574999237060547,132.37500610351563
-2.524999237060547,132.37500610351563
-2.574999237060547,132.32500610351562
-2.524999237060547,132.32500610351562
-2.549999237060547,132.35000610351562
-2.6250022888183593,107.6249984741211
-2.5750022888183595,107.6249984741211
-2.6250022888183593,107.57499847412109
-2.5750022888183595,107.57499847412109
-2.6000022888183594,107.5999984741211
-2.6250022888183593,109.3749984741211
-2.5750022888183595,109.3749984741211
-2.6250022888183593,109.32499847412109
-2.5750022888183595,109.32499847412109
-2.6000022888183594,109.3499984741211
-2.6250022888183593,109.525
-2.5750022888183595,109.525
-2.6250022888183593,109.475
-2.5750022888183595,109.475
-2.6000022888183594,109.5
-2.6250022888183593,109.57500305175782
-2.5750022888183595,109.57500305175782
-2.6250022888183593,109.5250030517578
-2.5750022888183595,109.5250030517578
-2.6000022888183594,109.55000305175781
-2.6250022888183593,125.2249969482422
-2.5750022888183595,125.2249969482422
-2.6250022888183593,125.17499694824218
-2.5750022888183595,125.17499694824218
-2.6000022888183594,125.19999694824219
-2.6250022888183593,131.92499389648438
-2.5750022888183595,131.92499389648438
-2.6250022888183593,131.87499389648437
-2.5750022888183595,131.87499389648437
-2.6000022888183594,131.89999389648438
-2.6250022888183593,132.32500305175782
-2.5750022888183595,132.32500305175782
-2.6250022888183593,132.2750030517578
-2.5750022888183595,132.2750030517578
-2.6000022888183594,132.3000030517578
-2.6250022888183593,132.4749969482422
-2.5750022888183595,132.4749969482422
-2.6250022888183593,132.42499694824218
-2.5750022888183595,132.42499694824218
-2.6000022888183594,132.4499969482422
-2.6250022888183593,132.525
-2.5750022888183595,132.525
-2.6250022888183593,132.475
-2.5750022888183595,132.475
-2.6000022888183594,132.5
-2.6250022888183593,135.92499389648438
-2.5750022888183595,135.92499389648438
-2.6250022888183593,135.87499389648437
-2.5750022888183595,135.87499389648437
-2.6000022888183594,135.89999389648438
-2.6250022888183593,136.17499389648438
-2.5750022888183595,136.17499389648438
-2.6250022888183593,136.12499389648437
-2.5750022888183595,136.12499389648437
-2.6000022888183594,136.14999389648438
-2.675001525878906,101.1249984741211
-2.6250015258789063,101.1249984741211
-2.675001525878906,101.07499847412109
-2.6250015258789063,101.07499847412109
-2.6500015258789062,101.0999984741211
-2.675001525878906,106.8749984741211
-2.6250015258789063,106.8749984741211
-2.675001525878906,106.82499847412109
-2.6250015258789063,106.82499847412109
-2.6500015258789062,106.8499984741211
-2.675001525878906,107.6249984741211
-2.6250015258789063,107.6249984741211
-2.675001525878906,107.57499847412109
-2.6250015258789063,107.57499847412109
-2.6500015258789062,107.5999984741211
-2.675001525878906,109.42500152587891
-2.6250015258789063,109.42500152587891
-2.675001525878906,109.3750015258789
-2.6250015258789063,109.3750015258789
-2.6500015258789062,109.4000015258789
-2.675001525878906,109.4749969482422
-2.6250015258789063,109.4749969482422
-2.675001525878906,109.42499694824218
-2.6250015258789063,109.42499694824218
-2.6500015258789062,109.44999694824219
-2.675001525878906,116.67500152587891
-2.6250015258789063,116.67500152587891
-2.675001525878906,116.6250015258789
-2.6250015258789063,116.6250015258789
-2.6500015258789062,116.6500015258789
-2.675001525878906,125.275
-2.6250015258789063,125.275
-2.675001525878906,125.225
-2.6250015258789063,125.225
-2.6500015258789062,125.25
-2.675001525878906,130.525
-2.6250015258789063,130.525
-2.675001525878906,130.475
-2.6250015258789063,130.475
-2.6500015258789062,130.5
-2.675001525878906,132.025
-2.6250015258789063,132.025
-2.675001525878906,131.975
-2.6250015258789063,131.975
-2.6500015258789062,132.0
-2.675001525878906,132.07500305175782
-2.6250015258789063,132.07500305175782
-2.675001525878906,132.0250030517578
-2.6250015258789063,132.0250030517578
-2.6500015258789062,132.0500030517578
-2.725000762939453,106.82500305175782
-2.675000762939453,106.82500305175782
-2.725000762939453,106.7750030517578
-2.675000762939453,106.7750030517578
-2.700000762939453,106.80000305175781
-2.725000762939453,106.8749984741211
-2.675000762939453,106.8749984741211
-2.725000762939453,106.82499847412109
-2.675000762939453,106.82499847412109
-2.700000762939453,106.8499984741211
-2.725000762939453,109.3749984741211
-2.675000762939453,109.3749984741211
-2.725000762939453,109.32499847412109
-2.675000762939453,109.32499847412109
-2.700000762939453,109.3499984741211
-2.725000762939453,109.42500152587891
-2.675000762939453,109.42500152587891
-2.725000762939453,109.3750015258789
-2.675000762939453,109.3750015258789
-2.700000762939453,109.4000015258789
-2.725000762939453,109.4749969482422
-2.675000762939453,109.4749969482422
-2.725000762939453,109.42499694824218
-2.675000762939453,109.42499694824218
-2.700000762939453,109.44999694824219
-2.725000762939453,109.57500305175782
-2.675000762939453,109.57500305175782
-2.725000762939453,109.5250030517578
-2.675000762939453,109.5250030517578
-2.700000762939453,109.55000305175781
-2.725000762939453,122.82500305175782
-2.675000762939453,122.82500305175782
-2.725000762939453,122.7750030517578
-2.675000762939453,122.7750030517578
-2.700000762939453,122.80000305175781
-2.725000762939453,124.42500152587891
-2.675000762939453,124.42500152587891
-2.725000762939453,124.3750015258789
-2.675000762939453,124.3750015258789
-2.700000762939453,124.4000015258789
-2.725000762939453,131.2249969482422
-2.675000762939453,131.2249969482422
-2.725000762939453,131.17499694824218
-2.675000762939453,131.17499694824218
-2.700000762939453,131.1999969482422
-2.725000762939453,132.07500305175782
-2.675000762939453,132.07500305175782
-2.725000762939453,132.0250030517578
-2.675000762939453,132.0250030517578
-2.700000762939453,132.0500030517578
-2.725000762939453,135.87500610351563
-2.675000762939453,135.87500610351563
-2.725000762939453,135.82500610351562
-2.675000762939453,135.82500610351562
-2.700000762939453,135.85000610351562
-2.775,101.2249969482422
-2.725,101.2249969482422
-2.775,101.17499694824218
-2.725,101.17499694824218
-2.75,101.19999694824219
-2.775,106.82500305175782
-2.725,106.82500305175782
-2.775,106.7750030517578
-2.725,106.7750030517578
-2.75,106.80000305175781
-2.775,106.8749984741211
-2.725,106.8749984741211
-2.775,106.82499847412109
-2.725,106.82499847412109
-2.75,106.8499984741211
-2.775,108.32500305175782
-2.725,108.32500305175782
-2.775,108.2750030517578
-2.725,108.2750030517578
-2.75,108.30000305175781
-2.775,109.3749984741211
-2.725,109.3749984741211
-2.775,109.32499847412109
-2.725,109.32499847412109
-2.75,109.3499984741211
-2.775,109.42500152587891
-2.725,109.42500152587891
-2.775,109.3750015258789
-2.725,109.3750015258789
-2.75,109.4000015258789
-2.775,109.4749969482422
-2.725,109.4749969482422
-2.775,109.42499694824218
-2.725,109.42499694824218
-2.75,109.44999694824219
-2.775,109.57500305175782
-2.725,109.57500305175782
-2.775,109.5250030517578
-2.725,109.5250030517578
-2.75,109.55000305175781
-2.775,109.6249984741211
-2.725,109.6249984741211
-2.775,109.57499847412109
-2.725,109.57499847412109
-2.75,109.5999984741211
-2.775,109.67500152587891
-2.725,109.67500152587891
-2.775,109.6250015258789
-2.725,109.6250015258789
-2.75,109.6500015258789
-2.775,116.57500305175782
-2.725,116.57500305175782
-2.775,116.5250030517578
-2.725,116.5250030517578
-2.75,116.55000305175781
-2.775,124.37500610351563
-2.725,124.37500610351563
-2.775,124.32500610351562
-2.725,124.32500610351562
-2.75,124.35000610351562
-2.775,125.17500152587891
-2.725,125.17500152587891
-2.775,125.1250015258789
-2.725,125.1250015258789
-2.75,125.1500015258789
-2.775,135.9749969482422
-2.725,135.9749969482422
-2.775,135.92499694824218
-2.725,135.92499694824218
-2.75,135.9499969482422
-2.824999237060547,96.1249984741211
-2.774999237060547,96.1249984741211
-2.824999237060547,96.07499847412109
-2.774999237060547,96.07499847412109
-2.799999237060547,96.0999984741211
-2.824999237060547,106.82500305175782
-2.774999237060547,106.82500305175782
-2.824999237060547,106.7750030517578
-2.774999237060547,106.7750030517578
-2.799999237060547,106.80000305175781
-2.824999237060547,106.8749984741211
-2.774999237060547,106.8749984741211
-2.824999237060547,106.82499847412109
-2.774999237060547,106.82499847412109
-2.799999237060547,106.8499984741211
-2.824999237060547,107.57500305175782
-2.774999237060547,107.57500305175782
-2.824999237060547,107.5250030517578
-2.774999237060547,107.5250030517578
-2.799999237060547,107.55000305175781
-2.824999237060547,109.275
-2.774999237060547,109.275
-2.824999237060547,109.225
-2.774999237060547,109.225
-2.799999237060547,109.25
-2.824999237060547,109.32500305175782
-2.774999237060547,109.32500305175782
-2.824999237060547,109.2750030517578
-2.774999237060547,109.2750030517578
-2.799999237060547,109.30000305175781
-2.824999237060547,109.3749984741211
-2.774999237060547,109.3749984741211
-2.824999237060547,109.32499847412109
-2.774999237060547,109.32499847412109
-2.799999237060547,109.3499984741211
-2.824999237060547,109.4749969482422
-2.774999237060547,109.4749969482422
-2.824999237060547,109.42499694824218
-2.774999237060547,109.42499694824218
-2.799999237060547,109.44999694824219
-2.824999237060547,109.57500305175782
-2.774999237060547,109.57500305175782
-2.824999237060547,109.5250030517578
-2.774999237060547,109.5250030517578
-2.799999237060547,109.55000305175781
-2.824999237060547,109.6249984741211
-2.774999237060547,109.6249984741211
-2.824999237060547,109.57499847412109
-2.774999237060547,109.57499847412109
-2.799999237060547,109.5999984741211
-2.824999237060547,109.67500152587891
-2.774999237060547,109.67500152587891
-2.824999237060547,109.6250015258789
-2.774999237060547,109.6250015258789
-2.799999237060547,109.6500015258789
-2.824999237060547,116.57500305175782
-2.774999237060547,116.57500305175782
-2.824999237060547,116.5250030517578
-2.774999237060547,116.5250030517578
-2.799999237060547,116.55000305175781
-2.824999237060547,123.025
-2.774999237060547,123.025
-2.824999237060547,122.975
-2.774999237060547,122.975
-2.799999237060547,123.0
-2.824999237060547,135.7249969482422
-2.774999237060547,135.7249969482422
-2.824999237060547,135.67499694824218
-2.774999237060547,135.67499694824218
-2.799999237060547,135.6999969482422
-2.8750022888183593,94.32500305175782
-2.8250022888183595,94.32500305175782
-2.8750022888183593,94.2750030517578
-2.8250022888183595,94.2750030517578
-2.8500022888183594,94.30000305175781
-2.8750022888183593,101.275
-2.8250022888183595,101.275
-2.8750022888183593,101.225
-2.8250022888183595,101.225
-2.8500022888183594,101.25
-2.8750022888183593,101.32500305175782
-2.8250022888183595,101.32500305175782
-2.8750022888183593,101.2750030517578
-2.8250022888183595,101.2750030517578
-2.8500022888183594,101.30000305175781
-2.8750022888183593,107.3749984741211
-2.8250022888183595,107.3749984741211
-2.8750022888183593,107.32499847412109
-2.8250022888183595,107.32499847412109
-2.8500022888183594,107.3499984741211
-2.8750022888183593,108.3749984741211
-2.8250022888183595,108.3749984741211
-2.8750022888183593,108.32499847412109
-2.8250022888183595,108.32499847412109
-2.8500022888183594,108.3499984741211
-2.8750022888183593,109.3749984741211
-2.8250022888183595,109.3749984741211
-2.8750022888183593,109.32499847412109
-2.8250022888183595,109.32499847412109
-2.8500022888183594,109.3499984741211
-2.8750022888183593,109.42500152587891
-2.8250022888183595,109.42500152587891
-2.8750022888183593,109.3750015258789
-2.8250022888183595,109.3750015258789
-2.8500022888183594,109.4000015258789
-2.8750022888183593,109.4749969482422
-2.8250022888183595,109.4749969482422
-2.8750022888183593,109.42499694824218
-2.8250022888183595,109.42499694824218
-2.8500022888183594,109.44999694824219
-2.8750022888183593,109.525
-2.8250022888183595,109.525
-2.8750022888183593,109.475
-2.8250022888183595,109.475
-2.8500022888183594,109.5
-2.8750022888183593,109.57500305175782
-2.8250022888183595,109.57500305175782
-2.8750022888183593,109.5250030517578
-2.8250022888183595,109.5250030517578
-2.8500022888183594,109.55000305175781
-2.8750022888183593,109.67500152587891
-2.8250022888183595,109.67500152587891
-2.8750022888183593,109.6250015258789
-2.8250022888183595,109.6250015258789
-2.8500022888183594,109.6500015258789
-2.8750022888183593,123.82500305175782
-2.8250022888183595,123.82500305175782
-2.8750022888183593,123.7750030517578
-2.8250022888183595,123.7750030517578
-2.8500022888183594,123.80000305175781
-2.8750022888183593,135.62500610351563
-2.8250022888183595,135.62500610351563
-2.8750022888183593,135.57500610351562
-2.8250022888183595,135.57500610351562
-2.8500022888183594,135.60000610351562
-2.925001525878906,101.275
-2.8750015258789063,101.275
-2.925001525878906,101.225
-2.8750015258789063,101.225
-2.9000015258789062,101.25
-2.925001525878906,101.32500305175782
-2.8750015258789063,101.32500305175782
-2.925001525878906,101.2750030517578
-2.8750015258789063,101.2750030517578
-2.9000015258789062,101.30000305175781
-2.925001525878906,108.3749984741211
-2.8750015258789063,108.3749984741211
-2.925001525878906,108.32499847412109
-2.8750015258789063,108.32499847412109
-2.9000015258789062,108.3499984741211
-2.925001525878906,109.4749969482422
-2.8750015258789063,109.4749969482422
-2.925001525878906,109.42499694824218
-2.8750015258789063,109.42499694824218
-2.9000015258789062,109.44999694824219
-2.925001525878906,109.525
-2.8750015258789063,109.525
-2.925001525878906,109.475
-2.8750015258789063,109.475
-2.9000015258789062,109.5
-2.925001525878906,109.57500305175782
-2.8750015258789063,109.57500305175782
-2.925001525878906,109.5250030517578
-2.8750015258789063,109.5250030517578
-2.9000015258789062,109.55000305175781
-2.925001525878906,109.67500152587891
-2.8750015258789063,109.67500152587891
-2.925001525878906,109.6250015258789
-2.8750015258789063,109.6250015258789
-2.9000015258789062,109.6500015258789
-2.925001525878906,116.525
-2.8750015258789063,116.525
-2.925001525878906,116.475
-2.8750015258789063,116.475
-2.9000015258789062,116.5
-2.925001525878906,116.57500305175782
-2.8750015258789063,116.57500305175782
-2.925001525878906,116.5250030517578
-2.8750015258789063,116.5250030517578
-2.9000015258789062,116.55000305175781
-2.925001525878906,123.7249969482422
-2.8750015258789063,123.7249969482422
-2.925001525878906,123.67499694824218
-2.8750015258789063,123.67499694824218
-2.9000015258789062,123.69999694824219
-2.925001525878906,125.025
-2.8750015258789063,125.025
-2.925001525878906,124.975
-2.8750015258789063,124.975
-2.9000015258789062,125.0
-2.925001525878906,129.92499389648438
-2.8750015258789063,129.92499389648438
-2.925001525878906,129.87499389648437
-2.8750015258789063,129.87499389648437
-2.9000015258789062,129.89999389648438
-2.925001525878906,131.87500610351563
-2.8750015258789063,131.87500610351563
-2.925001525878906,131.82500610351562
-2.8750015258789063,131.82500610351562
-2.9000015258789062,131.85000610351562
-2.975000762939453,101.275
-2.925000762939453,101.275
-2.975000762939453,101.225
-2.925000762939453,101.225
-2.950000762939453,101.25
-2.975000762939453,107.525
-2.925000762939453,107.525
-2.975000762939453,107.475
-2.925000762939453,107.475
-2.950000762939453,107.5
-2.975000762939453,108.3749984741211
-2.925000762939453,108.3749984741211
-2.975000762939453,108.32499847412109
-2.925000762939453,108.32499847412109
-2.950000762939453,108.3499984741211
-2.975000762939453,109.275
-2.925000762939453,109.275
-2.975000762939453,109.225
-2.925000762939453,109.225
-2.950000762939453,109.25
-2.975000762939453,109.525
-2.925000762939453,109.525
-2.975000762939453,109.475
-2.925000762939453,109.475
-2.950000762939453,109.5
-2.975000762939453,109.57500305175782
-2.925000762939453,109.57500305175782
-2.975000762939453,109.5250030517578
-2.925000762939453,109.5250030517578
-2.950000762939453,109.55000305175781
-2.975000762939453,109.6249984741211
-2.925000762939453,109.6249984741211
-2.975000762939453,109.57499847412109
-2.925000762939453,109.57499847412109
-2.950000762939453,109.5999984741211
-2.975000762939453,109.67500152587891
-2.925000762939453,109.67500152587891
-2.975000762939453,109.6250015258789
-2.925000762939453,109.6250015258789
-2.950000762939453,109.6500015258789
-2.975000762939453,116.525
-2.925000762939453,116.525
-2.975000762939453,116.475
-2.925000762939453,116.475
-2.950000762939453,116.5
-2.975000762939453,116.57500305175782
-2.925000762939453,116.57500305175782
-2.975000762939453,116.5250030517578
-2.925000762939453,116.5250030517578
-2.950000762939453,116.55000305175781
-2.975000762939453,117.57500305175782
-2.925000762939453,117.57500305175782
-2.975000762939453,117.5250030517578
-2.925000762939453,117.5250030517578
-2.950000762939453,117.55000305175781
-2.975000762939453,123.67500152587891
-2.925000762939453,123.67500152587891
-2.975000762939453,123.6250015258789
-2.925000762939453,123.6250015258789
-2.950000762939453,123.6500015258789
-2.975000762939453,135.62500610351563
-2.925000762939453,135.62500610351563
-2.975000762939453,135.57500610351562
-2.925000762939453,135.57500610351562
-2.950000762939453,135.60000610351562
-3.025,107.4749969482422
-2.975,107.4749969482422
-3.025,107.42499694824218
-2.975,107.42499694824218
-3.0,107.44999694824219
-3.025,108.32500305175782
-2.975,108.32500305175782
-3.025,108.2750030517578
-2.975,108.2750030517578
-3.0,108.30000305175781
-3.025,109.57500305175782
-2.975,109.57500305175782
-3.025,109.5250030517578
-2.975,109.5250030517578
-3.0,109.55000305175781
-3.025,109.6249984741211
-2.975,109.6249984741211
-3.025,109.57499847412109
-2.975,109.57499847412109
-3.0,109.5999984741211
-3.025,116.525
-2.975,116.525
-3.025,116.475
-2.975,116.475
-3.0,116.5
-3.025,135.62500610351563
-2.975,135.62500610351563
-3.025,135.57500610351562
-2.975,135.57500610351562
-3.0,135.60000610351562
-3.074999237060547,101.4749969482422
-3.024999237060547,101.4749969482422
-3.074999237060547,101.42499694824218
-3.024999237060547,101.42499694824218
-3.049999237060547,101.44999694824219
-3.074999237060547,106.92500152587891
-3.024999237060547,106.92500152587891
-3.074999237060547,106.8750015258789
-3.024999237060547,106.8750015258789
-3.049999237060547,106.9000015258789
-3.074999237060547,108.32500305175782
-3.024999237060547,108.32500305175782
-3.074999237060547,108.2750030517578
-3.024999237060547,108.2750030517578
-3.049999237060547,108.30000305175781
-3.074999237060547,109.57500305175782
-3.024999237060547,109.57500305175782
-3.074999237060547,109.5250030517578
-3.024999237060547,109.5250030517578
-3.049999237060547,109.55000305175781
-3.074999237060547,109.6249984741211
-3.024999237060547,109.6249984741211
-3.074999237060547,109.57499847412109
-3.024999237060547,109.57499847412109
-3.049999237060547,109.5999984741211
-3.074999237060547,109.67500152587891
-3.024999237060547,109.67500152587891
-3.074999237060547,109.6250015258789
-3.024999237060547,109.6250015258789
-3.049999237060547,109.6500015258789
-3.074999237060547,116.4749969482422
-3.024999237060547,116.4749969482422
-3.074999237060547,116.42499694824218
-3.024999237060547,116.42499694824218
-3.049999237060547,116.44999694824219
-3.074999237060547,135.67499389648438
-3.024999237060547,135.67499389648438
-3.074999237060547,135.62499389648437
-3.024999237060547,135.62499389648437
-3.049999237060547,135.64999389648438
-3.1250022888183593,101.4749969482422
-3.0750022888183595,101.4749969482422
-3.1250022888183593,101.42499694824218
-3.0750022888183595,101.42499694824218
-3.1000022888183594,101.44999694824219
-3.1250022888183593,109.4749969482422
-3.0750022888183595,109.4749969482422
-3.1250022888183593,109.42499694824218
-3.0750022888183595,109.42499694824218
-3.1000022888183594,109.44999694824219
-3.1250022888183593,109.525
-3.0750022888183595,109.525
-3.1250022888183593,109.475
-3.0750022888183595,109.475
-3.1000022888183594,109.5
-3.1250022888183593,109.57500305175782
-3.0750022888183595,109.57500305175782
-3.1250022888183593,109.5250030517578
-3.0750022888183595,109.5250030517578
-3.1000022888183594,109.55000305175781
-3.1250022888183593,109.6249984741211
-3.0750022888183595,109.6249984741211
-3.1250022888183593,109.57499847412109
-3.0750022888183595,109.57499847412109
-3.1000022888183594,109.5999984741211
-3.1250022888183593,122.57500305175782
-3.0750022888183595,122.57500305175782
-3.1250022888183593,122.5250030517578
-3.0750022888183595,122.5250030517578
-3.1000022888183594,122.55000305175781
-3.1250022888183593,122.62500610351563
-3.0750022888183595,122.62500610351563
-3.1250022888183593,122.57500610351562
-3.0750022888183595,122.57500610351562
-3.1000022888183594,122.60000610351562
-3.1250022888183593,134.87500610351563
-3.0750022888183595,134.87500610351563
-3.1250022888183593,134.82500610351562
-3.0750022888183595,134.82500610351562
-3.1000022888183594,134.85000610351562
-3.175001525878906,100.32500305175782
-3.1250015258789063,100.32500305175782
-3.175001525878906,100.2750030517578
-3.1250015258789063,100.2750030517578
-3.1500015258789062,100.30000305175781
-3.175001525878906,106.7249969482422
-3.1250015258789063,106.7249969482422
-3.175001525878906,106.67499694824218
-3.1250015258789063,106.67499694824218
-3.1500015258789062,106.69999694824219
-3.175001525878906,107.4749969482422
-3.1250015258789063,107.4749969482422
-3.175001525878906,107.42499694824218
-3.1250015258789063,107.42499694824218
-3.1500015258789062,107.44999694824219
-3.175001525878906,108.275
-3.1250015258789063,108.275
-3.175001525878906,108.225
-3.1250015258789063,108.225
-3.1500015258789062,108.25
-3.175001525878906,108.42500152587891
-3.1250015258789063,108.42500152587891
-3.175001525878906,108.3750015258789
-3.1250015258789063,108.3750015258789
-3.1500015258789062,108.4000015258789
-3.175001525878906,109.525
-3.1250015258789063,109.525
-3.175001525878906,109.475
-3.1250015258789063,109.475
-3.1500015258789062,109.5
-3.175001525878906,109.57500305175782
-3.1250015258789063,109.57500305175782
-3.175001525878906,109.5250030517578
-3.1250015258789063,109.5250030517578
-3.1500015258789062,109.55000305175781
-3.175001525878906,109.6249984741211
-3.1250015258789063,109.6249984741211
-3.175001525878906,109.57499847412109
-3.1250015258789063,109.57499847412109
-3.1500015258789062,109.5999984741211
-3.175001525878906,122.62500610351563
-3.1250015258789063,122.62500610351563
-3.175001525878906,122.57500610351562
-3.1250015258789063,122.57500610351562
-3.1500015258789062,122.60000610351562
-3.175001525878906,123.37500610351563
-3.1250015258789063,123.37500610351563
-3.175001525878906,123.32500610351562
-3.1250015258789063,123.32500610351562
-3.1500015258789062,123.35000610351562
-3.175001525878906,131.9749969482422
-3.1250015258789063,131.9749969482422
-3.175001525878906,131.92499694824218
-3.1250015258789063,131.92499694824218
-3.1500015258789062,131.9499969482422
-3.225000762939453,94.2249969482422
-3.175000762939453,94.2249969482422
-3.225000762939453,94.17499694824218
-3.175000762939453,94.17499694824218
-3.200000762939453,94.19999694824219
-3.225000762939453,100.4749969482422
-3.175000762939453,100.4749969482422
-3.225000762939453,100.42499694824218
-3.175000762939453,100.42499694824218
-3.200000762939453,100.44999694824219
-3.225000762939453,101.57500305175782
-3.175000762939453,101.57500305175782
-3.225000762939453,101.5250030517578
-3.175000762939453,101.5250030517578
-3.200000762939453,101.55000305175781
-3.225000762939453,106.67500152587891
-3.175000762939453,106.67500152587891
-3.225000762939453,106.6250015258789
-3.175000762939453,106.6250015258789
-3.200000762939453,106.6500015258789
-3.225000762939453,106.7249969482422
-3.175000762939453,106.7249969482422
-3.225000762939453,106.67499694824218
-3.175000762939453,106.67499694824218
-3.200000762939453,106.69999694824219
-3.225000762939453,107.4749969482422
-3.175000762939453,107.4749969482422
-3.225000762939453,107.42499694824218
-3.175000762939453,107.42499694824218
-3.200000762939453,107.44999694824219
-3.225000762939453,107.525
-3.175000762939453,107.525
-3.225000762939453,107.475
-3.175000762939453,107.475
-3.200000762939453,107.5
-3.225000762939453,108.32500305175782
-3.175000762939453,108.32500305175782
-3.225000762939453,108.2750030517578
-3.175000762939453,108.2750030517578
-3.200000762939453,108.30000305175781
-3.225000762939453,109.525
-3.175000762939453,109.525
-3.225000762939453,109.475
-3.175000762939453,109.475
-3.200000762939453,109.5
-3.225000762939453,109.6249984741211
-3.175000762939453,109.6249984741211
-3.225000762939453,109.57499847412109
-3.175000762939453,109.57499847412109
-3.200000762939453,109.5999984741211
-3.275,100.57500305175782
-3.225,100.57500305175782
-3.275,100.5250030517578
-3.225,100.5250030517578
-3.25,100.55000305175781
-3.275,101.525
-3.225,101.525
-3.275,101.475
-3.225,101.475
-3.25,101.5
-3.275,106.4749969482422
-3.225,106.4749969482422
-3.275,106.42499694824218
-3.225,106.42499694824218
-3.25,106.44999694824219
-3.275,106.525
-3.225,106.525
-3.275,106.475
-3.225,106.475
-3.25,106.5
-3.275,106.57500305175782
-3.225,106.57500305175782
-3.275,106.5250030517578
-3.225,106.5250030517578
-3.25,106.55000305175781
-3.275,107.4749969482422
-3.225,107.4749969482422
-3.275,107.42499694824218
-3.225,107.42499694824218
-3.25,107.44999694824219
-3.275,107.6249984741211
-3.225,107.6249984741211
-3.275,107.57499847412109
-3.225,107.57499847412109
-3.25,107.5999984741211
-3.275,107.67500152587891
-3.225,107.67500152587891
-3.275,107.6250015258789
-3.225,107.6250015258789
-3.25,107.6500015258789
-3.275,107.82500305175782
-3.225,107.82500305175782
-3.275,107.7750030517578
-3.225,107.7750030517578
-3.25,107.80000305175781
-3.275,107.8749984741211
-3.225,107.8749984741211
-3.275,107.82499847412109
-3.225,107.82499847412109
-3.25,107.8499984741211
-3.275,108.1249984741211
-3.225,108.1249984741211
-3.275,108.07499847412109
-3.225,108.07499847412109
-3.25,108.0999984741211
-3.275,108.275
-3.225,108.275
-3.275,108.225
-3.225,108.225
-3.25,108.25
-3.275,108.3749984741211
-3.225,108.3749984741211
-3.275,108.32499847412109
-3.225,108.32499847412109
-3.25,108.3499984741211
-3.275,109.57500305175782
-3.225,109.57500305175782
-3.275,109.5250030517578
-3.225,109.5250030517578
-3.25,109.55000305175781
-3.275,109.6249984741211
-3.225,109.6249984741211
-3.275,109.57499847412109
-3.225,109.57499847412109
-3.25,109.5999984741211
-3.275,112.9749969482422
-3.225,112.9749969482422
-3.275,112.92499694824218
-3.225,112.92499694824218
-3.25,112.94999694824219
-3.275,116.37500610351563
-3.225,116.37500610351563
-3.275,116.32500610351562
-3.225,116.32500610351562
-3.25,116.35000610351562
-3.275,116.42500152587891
-3.225,116.42500152587891
-3.275,116.3750015258789
-3.225,116.3750015258789
-3.25,116.4000015258789
-3.275,127.525
-3.225,127.525
-3.275,127.475
-3.225,127.475
-3.25,127.5
-3.324999237060547,101.6249984741211
-3.274999237060547,101.6249984741211
-3.324999237060547,101.57499847412109
-3.274999237060547,101.57499847412109
-3.299999237060547,101.5999984741211
-3.324999237060547,106.525
-3.274999237060547,106.525
-3.324999237060547,106.475
-3.274999237060547,106.475
-3.299999237060547,106.5
-3.324999237060547,106.57500305175782
-3.274999237060547,106.57500305175782
-3.324999237060547,106.5250030517578
-3.274999237060547,106.5250030517578
-3.299999237060547,106.55000305175781
-3.324999237060547,107.525
-3.274999237060547,107.525
-3.324999237060547,107.475
-3.274999237060547,107.475
-3.299999237060547,107.5
-3.324999237060547,107.57500305175782
-3.274999237060547,107.57500305175782
-3.324999237060547,107.5250030517578
-3.274999237060547,107.5250030517578
-3.299999237060547,107.55000305175781
-3.324999237060547,107.6249984741211
-3.274999237060547,107.6249984741211
-3.324999237060547,107.57499847412109
-3.274999237060547,107.57499847412109
-3.299999237060547,107.5999984741211
-3.324999237060547,107.67500152587891
-3.274999237060547,107.67500152587891
-3.324999237060547,107.6250015258789
-3.274999237060547,107.6250015258789
-3.299999237060547,107.6500015258789
-3.324999237060547,107.7249969482422
-3.274999237060547,107.7249969482422
-3.324999237060547,107.67499694824218
-3.274999237060547,107.67499694824218
-3.299999237060547,107.69999694824219
-3.324999237060547,107.775
-3.274999237060547,107.775
-3.324999237060547,107.725
-3.274999237060547,107.725
-3.299999237060547,107.75
-3.324999237060547,109.57500305175782
-3.274999237060547,109.57500305175782
-3.324999237060547,109.5250030517578
-3.274999237060547,109.5250030517578
-3.299999237060547,109.55000305175781
-3.324999237060547,109.6249984741211
-3.274999237060547,109.6249984741211
-3.324999237060547,109.57499847412109
-3.274999237060547,109.57499847412109
-3.299999237060547,109.5999984741211
-3.324999237060547,128.92499389648438
-3.274999237060547,128.92499389648438
-3.324999237060547,128.87499389648437
-3.274999237060547,128.87499389648437
-3.299999237060547,128.89999389648438
-3.3750022888183593,106.525
-3.3250022888183595,106.525
-3.3750022888183593,106.475
-3.3250022888183595,106.475
-3.3500022888183594,106.5
-3.3750022888183593,108.275
-3.3250022888183595,108.275
-3.3750022888183593,108.225
-3.3250022888183595,108.225
-3.3500022888183594,108.25
-3.3750022888183593,109.57500305175782
-3.3250022888183595,109.57500305175782
-3.3750022888183593,109.5250030517578
-3.3250022888183595,109.5250030517578
-3.3500022888183594,109.55000305175781
-3.3750022888183593,109.6249984741211
-3.3250022888183595,109.6249984741211
-3.3750022888183593,109.57499847412109
-3.3250022888183595,109.57499847412109
-3.3500022888183594,109.5999984741211
-3.3750022888183593,113.025
-3.3250022888183595,113.025
-3.3750022888183593,112.975
-3.3250022888183595,112.975
-3.3500022888183594,113.0
-3.3750022888183593,113.07500305175782
-3.3250022888183595,113.07500305175782
-3.3750022888183593,113.0250030517578
-3.3250022888183595,113.0250030517578
-3.3500022888183594,113.05000305175781
-3.3750022888183593,135.12500610351563
-3.3250022888183595,135.12500610351563
-3.3750022888183593,135.07500610351562
-3.3250022888183595,135.07500610351562
-3.3500022888183594,135.10000610351562
-3.425001525878906,101.67500152587891
-3.3750015258789063,101.67500152587891
-3.425001525878906,101.6250015258789
-3.3750015258789063,101.6250015258789
-3.4000015258789062,101.6500015258789
-3.425001525878906,101.7249969482422
-3.3750015258789063,101.7249969482422
-3.425001525878906,101.67499694824218
-3.3750015258789063,101.67499694824218
-3.4000015258789062,101.69999694824219
-3.425001525878906,107.9749969482422
-3.3750015258789063,107.9749969482422
-3.425001525878906,107.92499694824218
-3.3750015258789063,107.92499694824218
-3.4000015258789062,107.94999694824219
-3.425001525878906,109.57500305175782
-3.3750015258789063,109.57500305175782
-3.425001525878906,109.5250030517578
-3.3750015258789063,109.5250030517578
-3.4000015258789062,109.55000305175781
-3.425001525878906,113.07500305175782
-3.3750015258789063,113.07500305175782
-3.425001525878906,113.0250030517578
-3.3750015258789063,113.0250030517578
-3.4000015258789062,113.05000305175781
-3.425001525878906,113.9749969482422
-3.3750015258789063,113.9749969482422
-3.425001525878906,113.92499694824218
-3.3750015258789063,113.92499694824218
-3.4000015258789062,113.94999694824219
-3.425001525878906,131.525
-3.3750015258789063,131.525
-3.425001525878906,131.475
-3.3750015258789063,131.475
-3.4000015258789062,131.5
-3.475000762939453,101.7249969482422
-3.425000762939453,101.7249969482422
-3.475000762939453,101.67499694824218
-3.425000762939453,101.67499694824218
-3.450000762939453,101.69999694824219
-3.475000762939453,106.4749969482422
-3.425000762939453,106.4749969482422
-3.475000762939453,106.42499694824218
-3.425000762939453,106.42499694824218
-3.450000762939453,106.44999694824219
-3.475000762939453,106.525
-3.425000762939453,106.525
-3.475000762939453,106.475
-3.425000762939453,106.475
-3.450000762939453,106.5
-3.475000762939453,108.025
-3.425000762939453,108.025
-3.475000762939453,107.975
-3.425000762939453,107.975
-3.450000762939453,108.0
-3.475000762939453,109.57500305175782
-3.425000762939453,109.57500305175782
-3.475000762939453,109.5250030517578
-3.425000762939453,109.5250030517578
-3.450000762939453,109.55000305175781
-3.475000762939453,109.6249984741211
-3.425000762939453,109.6249984741211
-3.475000762939453,109.57499847412109
-3.425000762939453,109.57499847412109
-3.450000762939453,109.5999984741211
-3.475000762939453,109.67500152587891
-3.425000762939453,109.67500152587891
-3.475000762939453,109.6250015258789
-3.425000762939453,109.6250015258789
-3.450000762939453,109.6500015258789
-3.475000762939453,116.525
-3.425000762939453,116.525
-3.475000762939453,116.475
-3.425000762939453,116.475
-3.450000762939453,116.5
-3.475000762939453,132.82500305175782
-3.425000762939453,132.82500305175782
-3.475000762939453,132.7750030517578
-3.425000762939453,132.7750030517578
-3.450000762939453,132.8000030517578
-3.525,101.82500305175782
-3.475,101.82500305175782
-3.525,101.7750030517578
-3.475,101.7750030517578
-3.5,101.80000305175781
-3.525,106.42500152587891
-3.475,106.42500152587891
-3.525,106.3750015258789
-3.475,106.3750015258789
-3.5,106.4000015258789
-3.525,106.4749969482422
-3.475,106.4749969482422
-3.525,106.42499694824218
-3.475,106.42499694824218
-3.5,106.44999694824219
-3.525,109.57500305175782
-3.475,109.57500305175782
-3.525,109.5250030517578
-3.475,109.5250030517578
-3.5,109.55000305175781
-3.525,109.6249984741211
-3.475,109.6249984741211
-3.525,109.57499847412109
-3.475,109.57499847412109
-3.5,109.5999984741211
-3.525,109.67500152587891
-3.475,109.67500152587891
-3.525,109.6250015258789
-3.475,109.6250015258789
-3.5,109.6500015258789
-3.525,111.2249969482422
-3.475,111.2249969482422
-3.525,111.17499694824218
-3.475,111.17499694824218
-3.5,111.19999694824219
-3.525,111.32500305175782
-3.475,111.32500305175782
-3.525,111.2750030517578
-3.475,111.2750030517578
-3.5,111.30000305175781
-3.525,112.67500152587891
-3.475,112.67500152587891
-3.525,112.6250015258789
-3.475,112.6250015258789
-3.5,112.6500015258789
-3.525,113.2249969482422
-3.475,113.2249969482422
-3.525,113.17499694824218
-3.475,113.17499694824218
-3.5,113.19999694824219
-3.525,116.4749969482422
-3.475,116.4749969482422
-3.525,116.42499694824218
-3.475,116.42499694824218
-3.5,116.44999694824219
-3.525,116.525
-3.475,116.525
-3.525,116.475
-3.475,116.475
-3.5,116.5
-3.525,129.775
-3.475,129.775
-3.525,129.725
-3.475,129.725
-3.5,129.75
-3.574999237060547,101.9749969482422
-3.524999237060547,101.9749969482422
-3.574999237060547,101.92499694824218
-3.524999237060547,101.92499694824218
-3.549999237060547,101.94999694824219
-3.574999237060547,102.025
-3.524999237060547,102.025
-3.574999237060547,101.975
-3.524999237060547,101.975
-3.549999237060547,102.0
-3.574999237060547,106.3749984741211
-3.524999237060547,106.3749984741211
-3.574999237060547,106.32499847412109
-3.524999237060547,106.32499847412109
-3.549999237060547,106.3499984741211
-3.574999237060547,106.42500152587891
-3.524999237060547,106.42500152587891
-3.574999237060547,106.3750015258789
-3.524999237060547,106.3750015258789
-3.549999237060547,106.4000015258789
-3.574999237060547,109.57500305175782
-3.524999237060547,109.57500305175782
-3.574999237060547,109.5250030517578
-3.524999237060547,109.5250030517578
-3.549999237060547,109.55000305175781
-3.574999237060547,109.6249984741211
-3.524999237060547,109.6249984741211
-3.574999237060547,109.57499847412109
-3.524999237060547,109.57499847412109
-3.549999237060547,109.5999984741211
-3.574999237060547,109.67500152587891
-3.524999237060547,109.67500152587891
-3.574999237060547,109.6250015258789
-3.524999237060547,109.6250015258789
-3.549999237060547,109.6500015258789
-3.574999237060547,111.17500152587891
-3.524999237060547,111.17500152587891
-3.574999237060547,111.1250015258789
-3.524999237060547,111.1250015258789
-3.549999237060547,111.1500015258789
-3.574999237060547,111.2249969482422
-3.524999237060547,111.2249969482422
-3.574999237060547,111.17499694824218
-3.524999237060547,111.17499694824218
-3.549999237060547,111.19999694824219
-3.574999237060547,111.275
-3.524999237060547,111.275
-3.574999237060547,111.225
-3.524999237060547,111.225
-3.549999237060547,111.25
-3.574999237060547,111.32500305175782
-3.524999237060547,111.32500305175782
-3.574999237060547,111.2750030517578
-3.524999237060547,111.2750030517578
-3.549999237060547,111.30000305175781
-3.574999237060547,112.57500305175782
-3.524999237060547,112.57500305175782
-3.574999237060547,112.5250030517578
-3.524999237060547,112.5250030517578
-3.549999237060547,112.55000305175781
-3.574999237060547,112.775
-3.524999237060547,112.775
-3.574999237060547,112.725
-3.524999237060547,112.725
-3.549999237060547,112.75
-3.574999237060547,113.025
-3.524999237060547,113.025
-3.574999237060547,112.975
-3.524999237060547,112.975
-3.549999237060547,113.0
-3.574999237060547,113.07500305175782
-3.524999237060547,113.07500305175782
-3.574999237060547,113.0250030517578
-3.524999237060547,113.0250030517578
-3.549999237060547,113.05000305175781
-3.574999237060547,113.275
-3.524999237060547,113.275
-3.574999237060547,113.225
-3.524999237060547,113.225
-3.549999237060547,113.25
-3.574999237060547,113.32500305175782
-3.524999237060547,113.32500305175782
-3.574999237060547,113.2750030517578
-3.524999237060547,113.2750030517578
-3.549999237060547,113.30000305175781
-3.574999237060547,113.37500610351563
-3.524999237060547,113.37500610351563
-3.574999237060547,113.32500610351562
-3.524999237060547,113.32500610351562
-3.549999237060547,113.35000610351562
-3.574999237060547,116.4749969482422
-3.524999237060547,116.4749969482422
-3.574999237060547,116.42499694824218
-3.524999237060547,116.42499694824218
-3.549999237060547,116.44999694824219
-3.574999237060547,116.525
-3.524999237060547,116.525
-3.574999237060547,116.475
-3.524999237060547,116.475
-3.549999237060547,116.5
-3.574999237060547,116.57500305175782
-3.524999237060547,116.57500305175782
-3.574999237060547,116.5250030517578
-3.524999237060547,116.5250030517578
-3.549999237060547,116.55000305175781
-3.574999237060547,116.62500610351563
-3.524999237060547,116.62500610351563
-3.574999237060547,116.57500610351562
-3.524999237060547,116.57500610351562
-3.549999237060547,116.60000610351562
-3.574999237060547,122.7249969482422
-3.524999237060547,122.7249969482422
-3.574999237060547,122.67499694824218
-3.524999237060547,122.67499694824218
-3.549999237060547,122.69999694824219
-3.574999237060547,123.2249969482422
-3.524999237060547,123.2249969482422
-3.574999237060547,123.17499694824218
-3.524999237060547,123.17499694824218
-3.549999237060547,123.19999694824219
-3.6250022888183593,106.3749984741211
-3.5750022888183595,106.3749984741211
-3.6250022888183593,106.32499847412109
-3.5750022888183595,106.32499847412109
-3.6000022888183594,106.3499984741211
-3.6250022888183593,109.57500305175782
-3.5750022888183595,109.57500305175782
-3.6250022888183593,109.5250030517578
-3.5750022888183595,109.5250030517578
-3.6000022888183594,109.55000305175781
-3.6250022888183593,109.6249984741211
-3.5750022888183595,109.6249984741211
-3.6250022888183593,109.57499847412109
-3.5750022888183595,109.57499847412109
-3.6000022888183594,109.5999984741211
-3.6250022888183593,109.67500152587891
-3.5750022888183595,109.67500152587891
-3.6250022888183593,109.6250015258789
-3.5750022888183595,109.6250015258789
-3.6000022888183594,109.6500015258789
-3.6250022888183593,110.9749969482422
-3.5750022888183595,110.9749969482422
-3.6250022888183593,110.92499694824218
-3.5750022888183595,110.92499694824218
-3.6000022888183594,110.94999694824219
-3.6250022888183593,111.07500305175782
-3.5750022888183595,111.07500305175782
-3.6250022888183593,111.0250030517578
-3.5750022888183595,111.0250030517578
-3.6000022888183594,111.05000305175781
-3.6250022888183593,111.1249984741211
-3.5750022888183595,111.1249984741211
-3.6250022888183593,111.07499847412109
-3.5750022888183595,111.07499847412109
-3.6000022888183594,111.0999984741211
-3.6250022888183593,111.17500152587891
-3.5750022888183595,111.17500152587891
-3.6250022888183593,111.1250015258789
-3.5750022888183595,111.1250015258789
-3.6000022888183594,111.1500015258789
-3.6250022888183593,111.2249969482422
-3.5750022888183595,111.2249969482422
-3.6250022888183593,111.17499694824218
-3.5750022888183595,111.17499694824218
-3.6000022888183594,111.19999694824219
-3.6250022888183593,111.275
-3.5750022888183595,111.275
-3.6250022888183593,111.225
-3.5750022888183595,111.225
-3.6000022888183594,111.25
-3.6250022888183593,111.32500305175782
-3.5750022888183595,111.32500305175782
-3.6250022888183593,111.2750030517578
-3.5750022888183595,111.2750030517578
-3.6000022888183594,111.30000305175781
-3.6250022888183593,111.3749984741211
-3.5750022888183595,111.3749984741211
-3.6250022888183593,111.32499847412109
-3.5750022888183595,111.32499847412109
-3.6000022888183594,111.3499984741211
-3.6250022888183593,112.775
-3.5750022888183595,112.775
-3.6250022888183593,112.725
-3.5750022888183595,112.725
-3.6000022888183594,112.75
-3.6250022888183593,113.025
-3.5750022888183595,113.025
-3.6250022888183593,112.975
-3.5750022888183595,112.975
-3.6000022888183594,113.0
-3.6250022888183593,113.07500305175782
-3.5750022888183595,113.07500305175782
-3.6250022888183593,113.0250030517578
-3.5750022888183595,113.0250030517578
-3.6000022888183594,113.05000305175781
-3.6250022888183593,113.17500152587891
-3.5750022888183595,113.17500152587891
-3.6250022888183593,113.1250015258789
-3.5750022888183595,113.1250015258789
-3.6000022888183594,113.1500015258789
-3.6250022888183593,113.2249969482422
-3.5750022888183595,113.2249969482422
-3.6250022888183593,113.17499694824218
-3.5750022888183595,113.17499694824218
-3.6000022888183594,113.19999694824219
-3.6250022888183593,113.275
-3.5750022888183595,113.275
-3.6250022888183593,113.225
-3.5750022888183595,113.225
-3.6000022888183594,113.25
-3.6250022888183593,113.32500305175782
-3.5750022888183595,113.32500305175782
-3.6250022888183593,113.2750030517578
-3.5750022888183595,113.2750030517578
-3.6000022888183594,113.30000305175781
-3.6250022888183593,116.525
-3.5750022888183595,116.525
-3.6250022888183593,116.475
-3.5750022888183595,116.475
-3.6000022888183594,116.5
-3.6250022888183593,116.62500610351563
-3.5750022888183595,116.62500610351563
-3.6250022888183593,116.57500610351562
-3.5750022888183595,116.57500610351562
-3.6000022888183594,116.60000610351562
-3.6250022888183593,124.32500305175782
-3.5750022888183595,124.32500305175782
-3.6250022888183593,124.2750030517578
-3.5750022888183595,124.2750030517578
-3.6000022888183594,124.30000305175781
-3.6250022888183593,132.87500610351563
-3.5750022888183595,132.87500610351563
-3.6250022888183593,132.82500610351562
-3.5750022888183595,132.82500610351562
-3.6000022888183594,132.85000610351562
-3.675001525878906,102.1249984741211
-3.6250015258789063,102.1249984741211
-3.675001525878906,102.07499847412109
-3.6250015258789063,102.07499847412109
-3.6500015258789062,102.0999984741211
-3.675001525878906,106.3749984741211
-3.6250015258789063,106.3749984741211
-3.675001525878906,106.32499847412109
-3.6250015258789063,106.32499847412109
-3.6500015258789062,106.3499984741211
-3.675001525878906,106.42500152587891
-3.6250015258789063,106.42500152587891
-3.675001525878906,106.3750015258789
-3.6250015258789063,106.3750015258789
-3.6500015258789062,106.4000015258789
-3.675001525878906,109.57500305175782
-3.6250015258789063,109.57500305175782
-3.675001525878906,109.5250030517578
-3.6250015258789063,109.5250030517578
-3.6500015258789062,109.55000305175781
-3.675001525878906,109.6249984741211
-3.6250015258789063,109.6249984741211
-3.675001525878906,109.57499847412109
-3.6250015258789063,109.57499847412109
-3.6500015258789062,109.5999984741211
-3.675001525878906,109.67500152587891
-3.6250015258789063,109.67500152587891
-3.675001525878906,109.6250015258789
-3.6250015258789063,109.6250015258789
-3.6500015258789062,109.6500015258789
-3.675001525878906,109.7249969482422
-3.6250015258789063,109.7249969482422
-3.675001525878906,109.67499694824218
-3.6250015258789063,109.67499694824218
-3.6500015258789062,109.69999694824219
-3.675001525878906,110.8749984741211
-3.6250015258789063,110.8749984741211
-3.675001525878906,110.82499847412109
-3.6250015258789063,110.82499847412109
-3.6500015258789062,110.8499984741211
-3.675001525878906,110.92500152587891
-3.6250015258789063,110.92500152587891
-3.675001525878906,110.8750015258789
-3.6250015258789063,110.8750015258789
-3.6500015258789062,110.9000015258789
-3.675001525878906,111.275
-3.6250015258789063,111.275
-3.675001525878906,111.225
-3.6250015258789063,111.225
-3.6500015258789062,111.25
-3.675001525878906,111.3749984741211
-3.6250015258789063,111.3749984741211
-3.675001525878906,111.32499847412109
-3.6250015258789063,111.32499847412109
-3.6500015258789062,111.3499984741211
-3.675001525878906,111.42500152587891
-3.6250015258789063,111.42500152587891
-3.675001525878906,111.3750015258789
-3.6250015258789063,111.3750015258789
-3.6500015258789062,111.4000015258789
-3.675001525878906,112.57500305175782
-3.6250015258789063,112.57500305175782
-3.675001525878906,112.5250030517578
-3.6250015258789063,112.5250030517578
-3.6500015258789062,112.55000305175781
-3.675001525878906,112.62500610351563
-3.6250015258789063,112.62500610351563
-3.675001525878906,112.57500610351562
-3.6250015258789063,112.57500610351562
-3.6500015258789062,112.60000610351562
-3.675001525878906,112.67500152587891
-3.6250015258789063,112.67500152587891
-3.675001525878906,112.6250015258789
-3.6250015258789063,112.6250015258789
-3.6500015258789062,112.6500015258789
-3.675001525878906,112.7249969482422
-3.6250015258789063,112.7249969482422
-3.675001525878906,112.67499694824218
-3.6250015258789063,112.67499694824218
-3.6500015258789062,112.69999694824219
-3.675001525878906,112.775
-3.6250015258789063,112.775
-3.675001525878906,112.725
-3.6250015258789063,112.725
-3.6500015258789062,112.75
-3.675001525878906,112.92500152587891
-3.6250015258789063,112.92500152587891
-3.675001525878906,112.8750015258789
-3.6250015258789063,112.8750015258789
-3.6500015258789062,112.9000015258789
-3.675001525878906,113.025
-3.6250015258789063,113.025
-3.675001525878906,112.975
-3.6250015258789063,112.975
-3.6500015258789062,113.0
-3.675001525878906,113.12500610351563
-3.6250015258789063,113.12500610351563
-3.675001525878906,113.07500610351562
-3.6250015258789063,113.07500610351562
-3.6500015258789062,113.10000610351562
-3.675001525878906,113.275
-3.6250015258789063,113.275
-3.675001525878906,113.225
-3.6250015258789063,113.225
-3.6500015258789062,113.25
-3.675001525878906,113.37500610351563
-3.6250015258789063,113.37500610351563
-3.675001525878906,113.32500610351562
-3.6250015258789063,113.32500610351562
-3.6500015258789062,113.35000610351562
-3.675001525878906,116.525
-3.6250015258789063,116.525
-3.675001525878906,116.475
-3.6250015258789063,116.475
-3.6500015258789062,116.5
-3.675001525878906,124.17500152587891
-3.6250015258789063,124.17500152587891
-3.675001525878906,124.1250015258789
-3.6250015258789063,124.1250015258789
-3.6500015258789062,124.1500015258789
-3.675001525878906,127.67500152587891
-3.6250015258789063,127.67500152587891
-3.675001525878906,127.6250015258789
-3.6250015258789063,127.6250015258789
-3.6500015258789062,127.6500015258789
-3.725000762939453,106.3749984741211
-3.675000762939453,106.3749984741211
-3.725000762939453,106.32499847412109
-3.675000762939453,106.32499847412109
-3.700000762939453,106.3499984741211
-3.725000762939453,109.67500152587891
-3.675000762939453,109.67500152587891
-3.725000762939453,109.6250015258789
-3.675000762939453,109.6250015258789
-3.700000762939453,109.6500015258789
-3.725000762939453,109.7249969482422
-3.675000762939453,109.7249969482422
-3.725000762939453,109.67499694824218
-3.675000762939453,109.67499694824218
-3.700000762939453,109.69999694824219
-3.725000762939453,109.775
-3.675000762939453,109.775
-3.725000762939453,109.725
-3.675000762939453,109.725
-3.700000762939453,109.75
-3.725000762939453,111.42500152587891
-3.675000762939453,111.42500152587891
-3.725000762939453,111.3750015258789
-3.675000762939453,111.3750015258789
-3.700000762939453,111.4000015258789
-3.725000762939453,111.4749969482422
-3.675000762939453,111.4749969482422
-3.725000762939453,111.42499694824218
-3.675000762939453,111.42499694824218
-3.700000762939453,111.44999694824219
-3.725000762939453,111.525
-3.675000762939453,111.525
-3.725000762939453,111.475
-3.675000762939453,111.475
-3.700000762939453,111.5
-3.725000762939453,111.7249969482422
-3.675000762939453,111.7249969482422
-3.725000762939453,111.67499694824218
-3.675000762939453,111.67499694824218
-3.700000762939453,111.69999694824219
-3.725000762939453,111.8749984741211
-3.675000762939453,111.8749984741211
-3.725000762939453,111.82499847412109
-3.675000762939453,111.82499847412109
-3.700000762939453,111.8499984741211
-3.725000762939453,111.9749969482422
-3.675000762939453,111.9749969482422
-3.725000762939453,111.92499694824218
-3.675000762939453,111.92499694824218
-3.700000762939453,111.94999694824219
-3.725000762939453,112.025
-3.675000762939453,112.025
-3.725000762939453,111.975
-3.675000762939453,111.975
-3.700000762939453,112.0
-3.725000762939453,112.12500610351563
-3.675000762939453,112.12500610351563
-3.725000762939453,112.07500610351562
-3.675000762939453,112.07500610351562
-3.700000762939453,112.10000610351562
-3.725000762939453,112.32500305175782
-3.675000762939453,112.32500305175782
-3.725000762939453,112.2750030517578
-3.675000762939453,112.2750030517578
-3.700000762939453,112.30000305175781
-3.725000762939453,112.525
-3.675000762939453,112.525
-3.725000762939453,112.475
-3.675000762939453,112.475
-3.700000762939453,112.5
-3.725000762939453,112.57500305175782
-3.675000762939453,112.57500305175782
-3.725000762939453,112.5250030517578
-3.675000762939453,112.5250030517578
-3.700000762939453,112.55000305175781
-3.725000762939453,112.67500152587891
-3.675000762939453,112.67500152587891
-3.725000762939453,112.6250015258789
-3.675000762939453,112.6250015258789
-3.700000762939453,112.6500015258789
-3.725000762939453,112.7249969482422
-3.675000762939453,112.7249969482422
-3.725000762939453,112.67499694824218
-3.675000762939453,112.67499694824218
-3.700000762939453,112.69999694824219
-3.725000762939453,112.82500305175782
-3.675000762939453,112.82500305175782
-3.725000762939453,112.7750030517578
-3.675000762939453,112.7750030517578
-3.700000762939453,112.80000305175781
-3.725000762939453,113.17500152587891
-3.675000762939453,113.17500152587891
-3.725000762939453,113.1250015258789
-3.675000762939453,113.1250015258789
-3.700000762939453,113.1500015258789
-3.725000762939453,113.42500152587891
-3.675000762939453,113.42500152587891
-3.725000762939453,113.3750015258789
-3.675000762939453,113.3750015258789
-3.700000762939453,113.4000015258789
-3.725000762939453,114.12500610351563
-3.675000762939453,114.12500610351563
-3.725000762939453,114.07500610351562
-3.675000762939453,114.07500610351562
-3.700000762939453,114.10000610351562
-3.725000762939453,116.57500305175782
-3.675000762939453,116.57500305175782
-3.725000762939453,116.5250030517578
-3.675000762939453,116.5250030517578
-3.700000762939453,116.55000305175781
-3.725000762939453,116.62500610351563
-3.675000762939453,116.62500610351563
-3.725000762939453,116.57500610351562
-3.675000762939453,116.57500610351562
-3.700000762939453,116.60000610351562
-3.725000762939453,119.42500152587891
-3.675000762939453,119.42500152587891
-3.725000762939453,119.3750015258789
-3.675000762939453,119.3750015258789
-3.700000762939453,119.4000015258789
-3.725000762939453,130.4749969482422
-3.675000762939453,130.4749969482422
-3.725000762939453,130.42499694824218
-3.675000762939453,130.42499694824218
-3.700000762939453,130.4499969482422
-3.725000762939453,133.775
-3.675000762939453,133.775
-3.725000762939453,133.725
-3.675000762939453,133.725
-3.700000762939453,133.75
-3.775,102.2249969482422
-3.725,102.2249969482422
-3.775,102.17499694824218
-3.725,102.17499694824218
-3.75,102.19999694824219
-3.775,106.3749984741211
-3.725,106.3749984741211
-3.775,106.32499847412109
-3.725,106.32499847412109
-3.75,106.3499984741211
-3.775,109.7249969482422
-3.725,109.7249969482422
-3.775,109.67499694824218
-3.725,109.67499694824218
-3.75,109.69999694824219
-3.775,109.775
-3.725,109.775
-3.775,109.725
-3.725,109.725
-3.75,109.75
-3.775,109.82500305175782
-3.725,109.82500305175782
-3.775,109.7750030517578
-3.725,109.7750030517578
-3.75,109.80000305175781
-3.775,109.8749984741211
-3.725,109.8749984741211
-3.775,109.82499847412109
-3.725,109.82499847412109
-3.75,109.8499984741211
-3.775,110.82500305175782
-3.725,110.82500305175782
-3.775,110.7750030517578
-3.725,110.7750030517578
-3.75,110.80000305175781
-3.775,111.4749969482422
-3.725,111.4749969482422
-3.775,111.42499694824218
-3.725,111.42499694824218
-3.75,111.44999694824219
-3.775,111.525
-3.725,111.525
-3.775,111.475
-3.725,111.475
-3.75,111.5
-3.775,111.57500305175782
-3.725,111.57500305175782
-3.775,111.5250030517578
-3.725,111.5250030517578
-3.75,111.55000305175781
-3.775,111.6249984741211
-3.725,111.6249984741211
-3.775,111.57499847412109
-3.725,111.57499847412109
-3.75,111.5999984741211
-3.775,111.67500152587891
-3.725,111.67500152587891
-3.775,111.6250015258789
-3.725,111.6250015258789
-3.75,111.6500015258789
-3.775,111.8749984741211
-3.725,111.8749984741211
-3.775,111.82499847412109
-3.725,111.82499847412109
-3.75,111.8499984741211
-3.775,111.92500152587891
-3.725,111.92500152587891
-3.775,111.8750015258789
-3.725,111.8750015258789
-3.75,111.9000015258789
-3.775,112.025
-3.725,112.025
-3.775,111.975
-3.725,111.975
-3.75,112.0
-3.775,112.07500305175782
-3.725,112.07500305175782
-3.775,112.0250030517578
-3.725,112.0250030517578
-3.75,112.05000305175781
-3.775,112.2249969482422
-3.725,112.2249969482422
-3.775,112.17499694824218
-3.725,112.17499694824218
-3.75,112.19999694824219
-3.775,112.275
-3.725,112.275
-3.775,112.225
-3.725,112.225
-3.75,112.25
-3.775,112.32500305175782
-3.725,112.32500305175782
-3.775,112.2750030517578
-3.725,112.2750030517578
-3.75,112.30000305175781
-3.775,112.37500610351563
-3.725,112.37500610351563
-3.775,112.32500610351562
-3.725,112.32500610351562
-3.75,112.35000610351562
-3.775,113.525
-3.725,113.525
-3.775,113.475
-3.725,113.475
-3.75,113.5
-3.775,113.57500305175782
-3.725,113.57500305175782
-3.775,113.5250030517578
-3.725,113.5250030517578
-3.75,113.55000305175781
-3.775,114.07500305175782
-3.725,114.07500305175782
-3.775,114.0250030517578
-3.725,114.0250030517578
-3.75,114.05000305175781
-3.775,114.12500610351563
-3.725,114.12500610351563
-3.775,114.07500610351562
-3.725,114.07500610351562
-3.75,114.10000610351562
-3.775,114.17500152587891
-3.725,114.17500152587891
-3.775,114.1250015258789
-3.725,114.1250015258789
-3.75,114.1500015258789
-3.775,114.2249969482422
-3.725,114.2249969482422
-3.775,114.17499694824218
-3.725,114.17499694824218
-3.75,114.19999694824219
-3.775,114.275
-3.725,114.275
-3.775,114.225
-3.725,114.225
-3.75,114.25
-3.775,115.92500152587891
-3.725,115.92500152587891
-3.775,115.8750015258789
-3.725,115.8750015258789
-3.75,115.9000015258789
-3.775,115.9749969482422
-3.725,115.9749969482422
-3.775,115.92499694824218
-3.725,115.92499694824218
-3.75,115.94999694824219
-3.775,116.37500610351563
-3.725,116.37500610351563
-3.775,116.32500610351562
-3.725,116.32500610351562
-3.75,116.35000610351562
-3.775,116.42500152587891
-3.725,116.42500152587891
-3.775,116.3750015258789
-3.725,116.3750015258789
-3.75,116.4000015258789
-3.775,116.57500305175782
-3.725,116.57500305175782
-3.775,116.5250030517578
-3.725,116.5250030517578
-3.75,116.55000305175781
-3.775,123.025
-3.725,123.025
-3.775,122.975
-3.725,122.975
-3.75,123.0
-3.775,123.4749969482422
-3.725,123.4749969482422
-3.775,123.42499694824218
-3.725,123.42499694824218
-3.75,123.44999694824219
-3.824999237060547,106.3749984741211
-3.774999237060547,106.3749984741211
-3.824999237060547,106.32499847412109
-3.774999237060547,106.32499847412109
-3.799999237060547,106.3499984741211
-3.824999237060547,109.775
-3.774999237060547,109.775
-3.824999237060547,109.725
-3.774999237060547,109.725
-3.799999237060547,109.75
-3.824999237060547,109.82500305175782
-3.774999237060547,109.82500305175782
-3.824999237060547,109.7750030517578
-3.774999237060547,109.7750030517578
-3.799999237060547,109.80000305175781
-3.824999237060547,109.9749969482422
-3.774999237060547,109.9749969482422
-3.824999237060547,109.92499694824218
-3.774999237060547,109.92499694824218
-3.799999237060547,109.94999694824219
-3.824999237060547,110.025
-3.774999237060547,110.025
-3.824999237060547,109.975
-3.774999237060547,109.975
-3.799999237060547,110.0
-3.824999237060547,110.82500305175782
-3.774999237060547,110.82500305175782
-3.824999237060547,110.7750030517578
-3.774999237060547,110.7750030517578
-3.799999237060547,110.80000305175781
-3.824999237060547,111.6249984741211
-3.774999237060547,111.6249984741211
-3.824999237060547,111.57499847412109
-3.774999237060547,111.57499847412109
-3.799999237060547,111.5999984741211
-3.824999237060547,111.67500152587891
-3.774999237060547,111.67500152587891
-3.824999237060547,111.6250015258789
-3.774999237060547,111.6250015258789
-3.799999237060547,111.6500015258789
-3.824999237060547,111.775
-3.774999237060547,111.775
-3.824999237060547,111.725
-3.774999237060547,111.725
-3.799999237060547,111.75
-3.824999237060547,111.82500305175782
-3.774999237060547,111.82500305175782
-3.824999237060547,111.7750030517578
-3.774999237060547,111.7750030517578
-3.799999237060547,111.80000305175781
-3.824999237060547,111.8749984741211
-3.774999237060547,111.8749984741211
-3.824999237060547,111.82499847412109
-3.774999237060547,111.82499847412109
-3.799999237060547,111.8499984741211
-3.824999237060547,112.025
-3.774999237060547,112.025
-3.824999237060547,111.975
-3.774999237060547,111.975
-3.799999237060547,112.0
-3.824999237060547,112.07500305175782
-3.774999237060547,112.07500305175782
-3.824999237060547,112.0250030517578
-3.774999237060547,112.0250030517578
-3.799999237060547,112.05000305175781
-3.824999237060547,112.12500610351563
-3.774999237060547,112.12500610351563
-3.824999237060547,112.07500610351562
-3.774999237060547,112.07500610351562
-3.799999237060547,112.10000610351562
-3.824999237060547,113.62500610351563
-3.774999237060547,113.62500610351563
-3.824999237060547,113.57500610351562
-3.774999237060547,113.57500610351562
-3.799999237060547,113.60000610351562
-3.824999237060547,113.67500152587891
-3.774999237060547,113.67500152587891
-3.824999237060547,113.6250015258789
-3.774999237060547,113.6250015258789
-3.799999237060547,113.6500015258789
-3.824999237060547,113.775
-3.774999237060547,113.775
-3.824999237060547,113.725
-3.774999237060547,113.725
-3.799999237060547,113.75
-3.824999237060547,114.12500610351563
-3.774999237060547,114.12500610351563
-3.824999237060547,114.07500610351562
-3.774999237060547,114.07500610351562
-3.799999237060547,114.10000610351562
-3.824999237060547,114.275
-3.774999237060547,114.275
-3.824999237060547,114.225
-3.774999237060547,114.225
-3.799999237060547,114.25
-3.824999237060547,114.37500610351563
-3.774999237060547,114.37500610351563
-3.824999237060547,114.32500610351562
-3.774999237060547,114.32500610351562
-3.799999237060547,114.35000610351562
-3.824999237060547,114.42500152587891
-3.774999237060547,114.42500152587891
-3.824999237060547,114.3750015258789
-3.774999237060547,114.3750015258789
-3.799999237060547,114.4000015258789
-3.824999237060547,114.4749969482422
-3.774999237060547,114.4749969482422
-3.824999237060547,114.42499694824218
-3.774999237060547,114.42499694824218
-3.799999237060547,114.44999694824219
-3.824999237060547,115.87500610351563
-3.774999237060547,115.87500610351563
-3.824999237060547,115.82500610351562
-3.774999237060547,115.82500610351562
-3.799999237060547,115.85000610351562
-3.824999237060547,115.92500152587891
-3.774999237060547,115.92500152587891
-3.824999237060547,115.8750015258789
-3.774999237060547,115.8750015258789
-3.799999237060547,115.9000015258789
-3.824999237060547,115.9749969482422
-3.774999237060547,115.9749969482422
-3.824999237060547,115.92499694824218
-3.774999237060547,115.92499694824218
-3.799999237060547,115.94999694824219
-3.824999237060547,116.025
-3.774999237060547,116.025
-3.824999237060547,115.975
-3.774999237060547,115.975
-3.799999237060547,116.0
-3.8750022888183593,106.3749984741211
-3.8250022888183595,106.3749984741211
-3.8750022888183593,106.32499847412109
-3.8250022888183595,106.32499847412109
-3.8500022888183594,106.3499984741211
-3.8750022888183593,109.775
-3.8250022888183595,109.775
-3.8750022888183593,109.725
-3.8250022888183595,109.725
-3.8500022888183594,109.75
-3.8750022888183593,109.82500305175782
-3.8250022888183595,109.82500305175782
-3.8750022888183593,109.7750030517578
-3.8250022888183595,109.7750030517578
-3.8500022888183594,109.80000305175781
-3.8750022888183593,109.8749984741211
-3.8250022888183595,109.8749984741211
-3.8750022888183593,109.82499847412109
-3.8250022888183595,109.82499847412109
-3.8500022888183594,109.8499984741211
-3.8750022888183593,109.92500152587891
-3.8250022888183595,109.92500152587891
-3.8750022888183593,109.8750015258789
-3.8250022888183595,109.8750015258789
-3.8500022888183594,109.9000015258789
-3.8750022888183593,109.9749969482422
-3.8250022888183595,109.9749969482422
-3.8750022888183593,109.92499694824218
-3.8250022888183595,109.92499694824218
-3.8500022888183594,109.94999694824219
-3.8750022888183593,110.025
-3.8250022888183595,110.025
-3.8750022888183593,109.975
-3.8250022888183595,109.975
-3.8500022888183594,110.0
-3.8750022888183593,110.07500305175782
-3.8250022888183595,110.07500305175782
-3.8750022888183593,110.0250030517578
-3.8250022888183595,110.0250030517578
-3.8500022888183594,110.05000305175781
-3.8750022888183593,110.1249984741211
-3.8250022888183595,110.1249984741211
-3.8750022888183593,110.07499847412109
-3.8250022888183595,110.07499847412109
-3.8500022888183594,110.0999984741211
-3.8750022888183593,110.17500152587891
-3.8250022888183595,110.17500152587891
-3.8750022888183593,110.1250015258789
-3.8250022888183595,110.1250015258789
-3.8500022888183594,110.1500015258789
-3.8750022888183593,110.2249969482422
-3.8250022888183595,110.2249969482422
-3.8750022888183593,110.17499694824218
-3.8250022888183595,110.17499694824218
-3.8500022888183594,110.19999694824219
-3.8750022888183593,110.275
-3.8250022888183595,110.275
-3.8750022888183593,110.225
-3.8250022888183595,110.225
-3.8500022888183594,110.25
-3.8750022888183593,110.32500305175782
-3.8250022888183595,110.32500305175782
-3.8750022888183593,110.2750030517578
-3.8250022888183595,110.2750030517578
-3.8500022888183594,110.30000305175781
-3.8750022888183593,110.3749984741211
-3.8250022888183595,110.3749984741211
-3.8750022888183593,110.32499847412109
-3.8250022888183595,110.32499847412109
-3.8500022888183594,110.3499984741211
-3.8750022888183593,110.82500305175782
-3.8250022888183595,110.82500305175782
-3.8750022888183593,110.7750030517578
-3.8250022888183595,110.7750030517578
-3.8500022888183594,110.80000305175781
-3.8750022888183593,111.525
-3.8250022888183595,111.525
-3.8750022888183593,111.475
-3.8250022888183595,111.475
-3.8500022888183594,111.5
-3.8750022888183593,111.6249984741211
-3.8250022888183595,111.6249984741211
-3.8750022888183593,111.57499847412109
-3.8250022888183595,111.57499847412109
-3.8500022888183594,111.5999984741211
-3.8750022888183593,111.67500152587891
-3.8250022888183595,111.67500152587891
-3.8750022888183593,111.6250015258789
-3.8250022888183595,111.6250015258789
-3.8500022888183594,111.6500015258789
-3.8750022888183593,111.7249969482422
-3.8250022888183595,111.7249969482422
-3.8750022888183593,111.67499694824218
-3.8250022888183595,111.67499694824218
-3.8500022888183594,111.69999694824219
-3.8750022888183593,111.775
-3.8250022888183595,111.775
-3.8750022888183593,111.725
-3.8250022888183595,111.725
-3.8500022888183594,111.75
-3.8750022888183593,111.82500305175782
-3.8250022888183595,111.82500305175782
-3.8750022888183593,111.7750030517578
-3.8250022888183595,111.7750030517578
-3.8500022888183594,111.80000305175781
-3.8750022888183593,111.8749984741211
-3.8250022888183595,111.8749984741211
-3.8750022888183593,111.82499847412109
-3.8250022888183595,111.82499847412109
-3.8500022888183594,111.8499984741211
-3.8750022888183593,111.92500152587891
-3.8250022888183595,111.92500152587891
-3.8750022888183593,111.8750015258789
-3.8250022888183595,111.8750015258789
-3.8500022888183594,111.9000015258789
-3.8750022888183593,111.9749969482422
-3.8250022888183595,111.9749969482422
-3.8750022888183593,111.92499694824218
-3.8250022888183595,111.92499694824218
-3.8500022888183594,111.94999694824219
-3.8750022888183593,112.025
-3.8250022888183595,112.025
-3.8750022888183593,111.975
-3.8250022888183595,111.975
-3.8500022888183594,112.0
-3.8750022888183593,112.07500305175782
-3.8250022888183595,112.07500305175782
-3.8750022888183593,112.0250030517578
-3.8250022888183595,112.0250030517578
-3.8500022888183594,112.05000305175781
-3.8750022888183593,112.2249969482422
-3.8250022888183595,112.2249969482422
-3.8750022888183593,112.17499694824218
-3.8250022888183595,112.17499694824218
-3.8500022888183594,112.19999694824219
-3.8750022888183593,112.275
-3.8250022888183595,112.275
-3.8750022888183593,112.225
-3.8250022888183595,112.225
-3.8500022888183594,112.25
-3.8750022888183593,113.62500610351563
-3.8250022888183595,113.62500610351563
-3.8750022888183593,113.57500610351562
-3.8250022888183595,113.57500610351562
-3.8500022888183594,113.60000610351562
-3.8750022888183593,113.67500152587891
-3.8250022888183595,113.67500152587891
-3.8750022888183593,113.6250015258789
-3.8250022888183595,113.6250015258789
-3.8500022888183594,113.6500015258789
-3.8750022888183593,113.7249969482422
-3.8250022888183595,113.7249969482422
-3.8750022888183593,113.67499694824218
-3.8250022888183595,113.67499694824218
-3.8500022888183594,113.69999694824219
-3.8750022888183593,113.775
-3.8250022888183595,113.775
-3.8750022888183593,113.725
-3.8250022888183595,113.725
-3.8500022888183594,113.75
-3.8750022888183593,113.82500305175782
-3.8250022888183595,113.82500305175782
-3.8750022888183593,113.7750030517578
-3.8250022888183595,113.7750030517578
-3.8500022888183594,113.80000305175781
-3.8750022888183593,113.87500610351563
-3.8250022888183595,113.87500610351563
-3.8750022888183593,113.82500610351562
-3.8250022888183595,113.82500610351562
-3.8500022888183594,113.85000610351562
-3.8750022888183593,113.92500152587891
-3.8250022888183595,113.92500152587891
-3.8750022888183593,113.8750015258789
-3.8250022888183595,113.8750015258789
-3.8500022888183594,113.9000015258789
-3.8750022888183593,113.9749969482422
-3.8250022888183595,113.9749969482422
-3.8750022888183593,113.92499694824218
-3.8250022888183595,113.92499694824218
-3.8500022888183594,113.94999694824219
-3.8750022888183593,114.025
-3.8250022888183595,114.025
-3.8750022888183593,113.975
-3.8250022888183595,113.975
-3.8500022888183594,114.0
-3.8750022888183593,114.07500305175782
-3.8250022888183595,114.07500305175782
-3.8750022888183593,114.0250030517578
-3.8250022888183595,114.0250030517578
-3.8500022888183594,114.05000305175781
-3.8750022888183593,114.12500610351563
-3.8250022888183595,114.12500610351563
-3.8750022888183593,114.07500610351562
-3.8250022888183595,114.07500610351562
-3.8500022888183594,114.10000610351562
-3.8750022888183593,114.32500305175782
-3.8250022888183595,114.32500305175782
-3.8750022888183593,114.2750030517578
-3.8250022888183595,114.2750030517578
-3.8500022888183594,114.30000305175781
-3.8750022888183593,114.42500152587891
-3.8250022888183595,114.42500152587891
-3.8750022888183593,114.3750015258789
-3.8250022888183595,114.3750015258789
-3.8500022888183594,114.4000015258789
-3.8750022888183593,114.4749969482422
-3.8250022888183595,114.4749969482422
-3.8750022888183593,114.42499694824218
-3.8250022888183595,114.42499694824218
-3.8500022888183594,114.44999694824219
-3.8750022888183593,115.67500152587891
-3.8250022888183595,115.67500152587891
-3.8750022888183593,115.6250015258789
-3.8250022888183595,115.6250015258789
-3.8500022888183594,115.6500015258789
-3.8750022888183593,115.7249969482422
-3.8250022888183595,115.7249969482422
-3.8750022888183593,115.67499694824218
-3.8250022888183595,115.67499694824218
-3.8500022888183594,115.69999694824219
-3.8750022888183593,115.775
-3.8250022888183595,115.775
-3.8750022888183593,115.725
-3.8250022888183595,115.725
-3.8500022888183594,115.75
-3.8750022888183593,115.82500305175782
-3.8250022888183595,115.82500305175782
-3.8750022888183593,115.7750030517578
-3.8250022888183595,115.7750030517578
-3.8500022888183594,115.80000305175781
-3.8750022888183593,115.9749969482422
-3.8250022888183595,115.9749969482422
-3.8750022888183593,115.92499694824218
-3.8250022888183595,115.92499694824218
-3.8500022888183594,115.94999694824219
-3.8750022888183593,116.025
-3.8250022888183595,116.025
-3.8750022888183593,115.975
-3.8250022888183595,115.975
-3.8500022888183594,116.0
-3.8750022888183593,116.37500610351563
-3.8250022888183595,116.37500610351563
-3.8750022888183593,116.32500610351562
-3.8250022888183595,116.32500610351562
-3.8500022888183594,116.35000610351562
-3.8750022888183593,119.525
-3.8250022888183595,119.525
-3.8750022888183593,119.475
-3.8250022888183595,119.475
-3.8500022888183594,119.5
-3.8750022888183593,127.525
-3.8250022888183595,127.525
-3.8750022888183593,127.475
-3.8250022888183595,127.475
-3.8500022888183594,127.5
-3.925001525878906,94.025
-3.8750015258789063,94.025
-3.925001525878906,93.975
-3.8750015258789063,93.975
-3.9000015258789062,94.0
-3.925001525878906,106.42500152587891
-3.8750015258789063,106.42500152587891
-3.925001525878906,106.3750015258789
-3.8750015258789063,106.3750015258789
-3.9000015258789062,106.4000015258789
-3.925001525878906,109.82500305175782
-3.8750015258789063,109.82500305175782
-3.925001525878906,109.7750030517578
-3.8750015258789063,109.7750030517578
-3.9000015258789062,109.80000305175781
-3.925001525878906,109.8749984741211
-3.8750015258789063,109.8749984741211
-3.925001525878906,109.82499847412109
-3.8750015258789063,109.82499847412109
-3.9000015258789062,109.8499984741211
-3.925001525878906,109.92500152587891
-3.8750015258789063,109.92500152587891
-3.925001525878906,109.8750015258789
-3.8750015258789063,109.8750015258789
-3.9000015258789062,109.9000015258789
-3.925001525878906,109.9749969482422
-3.8750015258789063,109.9749969482422
-3.925001525878906,109.92499694824218
-3.8750015258789063,109.92499694824218
-3.9000015258789062,109.94999694824219
-3.925001525878906,110.025
-3.8750015258789063,110.025
-3.925001525878906,109.975
-3.8750015258789063,109.975
-3.9000015258789062,110.0
-3.925001525878906,110.07500305175782
-3.8750015258789063,110.07500305175782
-3.925001525878906,110.0250030517578
-3.8750015258789063,110.0250030517578
-3.9000015258789062,110.05000305175781
-3.925001525878906,110.1249984741211
-3.8750015258789063,110.1249984741211
-3.925001525878906,110.07499847412109
-3.8750015258789063,110.07499847412109
-3.9000015258789062,110.0999984741211
-3.925001525878906,110.525
-3.8750015258789063,110.525
-3.925001525878906,110.475
-3.8750015258789063,110.475
-3.9000015258789062,110.5
-3.925001525878906,110.57500305175782
-3.8750015258789063,110.57500305175782
-3.925001525878906,110.5250030517578
-3.8750015258789063,110.5250030517578
-3.9000015258789062,110.55000305175781
-3.925001525878906,110.6249984741211
-3.8750015258789063,110.6249984741211
-3.925001525878906,110.57499847412109
-3.8750015258789063,110.57499847412109
-3.9000015258789062,110.5999984741211
-3.925001525878906,110.67500152587891
-3.8750015258789063,110.67500152587891
-3.925001525878906,110.6250015258789
-3.8750015258789063,110.6250015258789
-3.9000015258789062,110.6500015258789
-3.925001525878906,111.6249984741211
-3.8750015258789063,111.6249984741211
-3.925001525878906,111.57499847412109
-3.8750015258789063,111.57499847412109
-3.9000015258789062,111.5999984741211
-3.925001525878906,111.67500152587891
-3.8750015258789063,111.67500152587891
-3.925001525878906,111.6250015258789
-3.8750015258789063,111.6250015258789
-3.9000015258789062,111.6500015258789
-3.925001525878906,111.7249969482422
-3.8750015258789063,111.7249969482422
-3.925001525878906,111.67499694824218
-3.8750015258789063,111.67499694824218
-3.9000015258789062,111.69999694824219
-3.925001525878906,111.775
-3.8750015258789063,111.775
-3.925001525878906,111.725
-3.8750015258789063,111.725
-3.9000015258789062,111.75
-3.925001525878906,111.82500305175782
-3.8750015258789063,111.82500305175782
-3.925001525878906,111.7750030517578
-3.8750015258789063,111.7750030517578
-3.9000015258789062,111.80000305175781
-3.925001525878906,111.92500152587891
-3.8750015258789063,111.92500152587891
-3.925001525878906,111.8750015258789
-3.8750015258789063,111.8750015258789
-3.9000015258789062,111.9000015258789
-3.925001525878906,112.12500610351563
-3.8750015258789063,112.12500610351563
-3.925001525878906,112.07500610351562
-3.8750015258789063,112.07500610351562
-3.9000015258789062,112.10000610351562
-3.925001525878906,112.17500152587891
-3.8750015258789063,112.17500152587891
-3.925001525878906,112.1250015258789
-3.8750015258789063,112.1250015258789
-3.9000015258789062,112.1500015258789
-3.925001525878906,112.2249969482422
-3.8750015258789063,112.2249969482422
-3.925001525878906,112.17499694824218
-3.8750015258789063,112.17499694824218
-3.9000015258789062,112.19999694824219
-3.925001525878906,113.42500152587891
-3.8750015258789063,113.42500152587891
-3.925001525878906,113.3750015258789
-3.8750015258789063,113.3750015258789
-3.9000015258789062,113.4000015258789
-3.925001525878906,113.67500152587891
-3.8750015258789063,113.67500152587891
-3.925001525878906,113.6250015258789
-3.8750015258789063,113.6250015258789
-3.9000015258789062,113.6500015258789
-3.925001525878906,113.7249969482422
-3.8750015258789063,113.7249969482422
-3.925001525878906,113.67499694824218
-3.8750015258789063,113.67499694824218
-3.9000015258789062,113.69999694824219
-3.925001525878906,113.775
-3.8750015258789063,113.775
-3.925001525878906,113.725
-3.8750015258789063,113.725
-3.9000015258789062,113.75
-3.925001525878906,113.87500610351563
-3.8750015258789063,113.87500610351563
-3.925001525878906,113.82500610351562
-3.8750015258789063,113.82500610351562
-3.9000015258789062,113.85000610351562
-3.925001525878906,114.025
-3.8750015258789063,114.025
-3.925001525878906,113.975
-3.8750015258789063,113.975
-3.9000015258789062,114.0
-3.925001525878906,114.07500305175782
-3.8750015258789063,114.07500305175782
-3.925001525878906,114.0250030517578
-3.8750015258789063,114.0250030517578
-3.9000015258789062,114.05000305175781
-3.925001525878906,114.37500610351563
-3.8750015258789063,114.37500610351563
-3.925001525878906,114.32500610351562
-3.8750015258789063,114.32500610351562
-3.9000015258789062,114.35000610351562
-3.925001525878906,115.57500305175782
-3.8750015258789063,115.57500305175782
-3.925001525878906,115.5250030517578
-3.8750015258789063,115.5250030517578
-3.9000015258789062,115.55000305175781
-3.925001525878906,115.62500610351563
-3.8750015258789063,115.62500610351563
-3.925001525878906,115.57500610351562
-3.8750015258789063,115.57500610351562
-3.9000015258789062,115.60000610351562
-3.925001525878906,115.67500152587891
-3.8750015258789063,115.67500152587891
-3.925001525878906,115.6250015258789
-3.8750015258789063,115.6250015258789
-3.9000015258789062,115.6500015258789
-3.925001525878906,115.9749969482422
-3.8750015258789063,115.9749969482422
-3.925001525878906,115.92499694824218
-3.8750015258789063,115.92499694824218
-3.9000015258789062,115.94999694824219
-3.925001525878906,116.025
-3.8750015258789063,116.025
-3.925001525878906,115.975
-3.8750015258789063,115.975
-3.9000015258789062,116.0
-3.925001525878906,116.37500610351563
-3.8750015258789063,116.37500610351563
-3.925001525878906,116.32500610351562
-3.8750015258789063,116.32500610351562
-3.9000015258789062,116.35000610351562
-3.925001525878906,123.17500152587891
-3.8750015258789063,123.17500152587891
-3.925001525878906,123.1250015258789
-3.8750015258789063,123.1250015258789
-3.9000015258789062,123.1500015258789
-3.925001525878906,131.07500305175782
-3.8750015258789063,131.07500305175782
-3.925001525878906,131.0250030517578
-3.8750015258789063,131.0250030517578
-3.9000015258789062,131.0500030517578
-3.925001525878906,134.025
-3.8750015258789063,134.025
-3.925001525878906,133.975
-3.8750015258789063,133.975
-3.9000015258789062,134.0
-3.975000762939453,93.67500152587891
-3.925000762939453,93.67500152587891
-3.975000762939453,93.6250015258789
-3.925000762939453,93.6250015258789
-3.950000762939453,93.6500015258789
-3.975000762939453,106.42500152587891
-3.925000762939453,106.42500152587891
-3.975000762939453,106.3750015258789
-3.925000762939453,106.3750015258789
-3.950000762939453,106.4000015258789
-3.975000762939453,109.8749984741211
-3.925000762939453,109.8749984741211
-3.975000762939453,109.82499847412109
-3.925000762939453,109.82499847412109
-3.950000762939453,109.8499984741211
-3.975000762939453,109.92500152587891
-3.925000762939453,109.92500152587891
-3.975000762939453,109.8750015258789
-3.925000762939453,109.8750015258789
-3.950000762939453,109.9000015258789
-3.975000762939453,110.025
-3.925000762939453,110.025
-3.975000762939453,109.975
-3.925000762939453,109.975
-3.950000762939453,110.0
-3.975000762939453,111.57500305175782
-3.925000762939453,111.57500305175782
-3.975000762939453,111.5250030517578
-3.925000762939453,111.5250030517578
-3.950000762939453,111.55000305175781
-3.975000762939453,111.6249984741211
-3.925000762939453,111.6249984741211
-3.975000762939453,111.57499847412109
-3.925000762939453,111.57499847412109
-3.950000762939453,111.5999984741211
-3.975000762939453,111.67500152587891
-3.925000762939453,111.67500152587891
-3.975000762939453,111.6250015258789
-3.925000762939453,111.6250015258789
-3.950000762939453,111.6500015258789
-3.975000762939453,112.17500152587891
-3.925000762939453,112.17500152587891
-3.975000762939453,112.1250015258789
-3.925000762939453,112.1250015258789
-3.950000762939453,112.1500015258789
-3.975000762939453,113.57500305175782
-3.925000762939453,113.57500305175782
-3.975000762939453,113.5250030517578
-3.925000762939453,113.5250030517578
-3.950000762939453,113.55000305175781
-3.975000762939453,113.62500610351563
-3.925000762939453,113.62500610351563
-3.975000762939453,113.57500610351562
-3.925000762939453,113.57500610351562
-3.950000762939453,113.60000610351562
-3.975000762939453,113.67500152587891
-3.925000762939453,113.67500152587891
-3.975000762939453,113.6250015258789
-3.925000762939453,113.6250015258789
-3.950000762939453,113.6500015258789
-3.975000762939453,113.7249969482422
-3.925000762939453,113.7249969482422
-3.975000762939453,113.67499694824218
-3.925000762939453,113.67499694824218
-3.950000762939453,113.69999694824219
-3.975000762939453,113.775
-3.925000762939453,113.775
-3.975000762939453,113.725
-3.925000762939453,113.725
-3.950000762939453,113.75
-3.975000762939453,113.87500610351563
-3.925000762939453,113.87500610351563
-3.975000762939453,113.82500610351562
-3.925000762939453,113.82500610351562
-3.950000762939453,113.85000610351562
-3.975000762939453,113.92500152587891
-3.925000762939453,113.92500152587891
-3.975000762939453,113.8750015258789
-3.925000762939453,113.8750015258789
-3.950000762939453,113.9000015258789
-3.975000762939453,114.025
-3.925000762939453,114.025
-3.975000762939453,113.975
-3.925000762939453,113.975
-3.950000762939453,114.0
-3.975000762939453,115.4749969482422
-3.925000762939453,115.4749969482422
-3.975000762939453,115.42499694824218
-3.925000762939453,115.42499694824218
-3.950000762939453,115.44999694824219
-3.975000762939453,115.525
-3.925000762939453,115.525
-3.975000762939453,115.475
-3.925000762939453,115.475
-3.950000762939453,115.5
-3.975000762939453,116.025
-3.925000762939453,116.025
-3.975000762939453,115.975
-3.925000762939453,115.975
-3.950000762939453,116.0
-3.975000762939453,116.32500305175782
-3.925000762939453,116.32500305175782
-3.975000762939453,116.2750030517578
-3.925000762939453,116.2750030517578
-3.950000762939453,116.30000305175781
-3.975000762939453,120.42500152587891
-3.925000762939453,120.42500152587891
-3.975000762939453,120.3750015258789
-3.925000762939453,120.3750015258789
-3.950000762939453,120.4000015258789
-3.975000762939453,123.17500152587891
-3.925000762939453,123.17500152587891
-3.975000762939453,123.1250015258789
-3.925000762939453,123.1250015258789
-3.950000762939453,123.1500015258789
-3.975000762939453,133.57500305175782
-3.925000762939453,133.57500305175782
-3.975000762939453,133.5250030517578
-3.925000762939453,133.5250030517578
-3.950000762939453,133.5500030517578
-3.975000762939453,134.42499389648438
-3.925000762939453,134.42499389648438
-3.975000762939453,134.37499389648437
-3.925000762939453,134.37499389648437
-3.950000762939453,134.39999389648438
-4.025,92.7249969482422
-3.975,92.7249969482422
-4.025,92.67499694824218
-3.975,92.67499694824218
-4.0,92.69999694824219
-4.025,106.3749984741211
-3.975,106.3749984741211
-4.025,106.32499847412109
-3.975,106.32499847412109
-4.0,106.3499984741211
-4.025,109.9749969482422
-3.975,109.9749969482422
-4.025,109.92499694824218
-3.975,109.92499694824218
-4.0,109.94999694824219
-4.025,113.67500152587891
-3.975,113.67500152587891
-4.025,113.6250015258789
-3.975,113.6250015258789
-4.0,113.6500015258789
-4.025,114.12500610351563
-3.975,114.12500610351563
-4.025,114.07500610351562
-3.975,114.07500610351562
-4.0,114.10000610351562
-4.025,114.17500152587891
-3.975,114.17500152587891
-4.025,114.1250015258789
-3.975,114.1250015258789
-4.0,114.1500015258789
-4.025,114.4749969482422
-3.975,114.4749969482422
-4.025,114.42499694824218
-3.975,114.42499694824218
-4.0,114.44999694824219
-4.025,115.275
-3.975,115.275
-4.025,115.225
-3.975,115.225
-4.0,115.25
-4.025,115.32500305175782
-3.975,115.32500305175782
-4.025,115.2750030517578
-3.975,115.2750030517578
-4.0,115.30000305175781
-4.025,115.37500610351563
-3.975,115.37500610351563
-4.025,115.32500610351562
-3.975,115.32500610351562
-4.0,115.35000610351562
-4.025,116.025
-3.975,116.025
-4.025,115.975
-3.975,115.975
-4.0,116.0
-4.025,116.32500305175782
-3.975,116.32500305175782
-4.025,116.2750030517578
-3.975,116.2750030517578
-4.0,116.30000305175781
-4.025,124.025
-3.975,124.025
-4.025,123.975
-3.975,123.975
-4.0,124.0
-4.025,133.4749969482422
-3.975,133.4749969482422
-4.025,133.42499694824218
-3.975,133.42499694824218
-4.0,133.4499969482422
-4.075003051757813,106.17500152587891
-4.025003051757812,106.17500152587891
-4.075003051757813,106.1250015258789
-4.025003051757812,106.1250015258789
-4.0500030517578125,106.1500015258789
-4.075003051757813,106.3749984741211
-4.025003051757812,106.3749984741211
-4.075003051757813,106.32499847412109
-4.025003051757812,106.32499847412109
-4.0500030517578125,106.3499984741211
-4.075003051757813,114.17500152587891
-4.025003051757812,114.17500152587891
-4.075003051757813,114.1250015258789
-4.025003051757812,114.1250015258789
-4.0500030517578125,114.1500015258789
-4.075003051757813,115.12500610351563
-4.025003051757812,115.12500610351563
-4.075003051757813,115.07500610351562
-4.025003051757812,115.07500610351562
-4.0500030517578125,115.10000610351562
-4.075003051757813,115.525
-4.025003051757812,115.525
-4.075003051757813,115.475
-4.025003051757812,115.475
-4.0500030517578125,115.5
-4.075003051757813,115.57500305175782
-4.025003051757812,115.57500305175782
-4.075003051757813,115.5250030517578
-4.025003051757812,115.5250030517578
-4.0500030517578125,115.55000305175781
-4.075003051757813,115.62500610351563
-4.025003051757812,115.62500610351563
-4.075003051757813,115.57500610351562
-4.025003051757812,115.57500610351562
-4.0500030517578125,115.60000610351562
-4.075003051757813,115.67500152587891
-4.025003051757812,115.67500152587891
-4.075003051757813,115.6250015258789
-4.025003051757812,115.6250015258789
-4.0500030517578125,115.6500015258789
-4.075003051757813,115.7249969482422
-4.025003051757812,115.7249969482422
-4.075003051757813,115.67499694824218
-4.025003051757812,115.67499694824218
-4.0500030517578125,115.69999694824219
-4.075003051757813,115.775
-4.025003051757812,115.775
-4.075003051757813,115.725
-4.025003051757812,115.725
-4.0500030517578125,115.75
-4.075003051757813,116.2249969482422
-4.025003051757812,116.2249969482422
-4.075003051757813,116.17499694824218
-4.025003051757812,116.17499694824218
-4.0500030517578125,116.19999694824219
-4.075003051757813,116.275
-4.025003051757812,116.275
-4.075003051757813,116.225
-4.025003051757812,116.225
-4.0500030517578125,116.25
-4.075003051757813,120.42500152587891
-4.025003051757812,120.42500152587891
-4.075003051757813,120.3750015258789
-4.025003051757812,120.3750015258789
-4.0500030517578125,120.4000015258789
-4.124998474121094,102.42500152587891
-4.074998474121093,102.42500152587891
-4.124998474121094,102.3750015258789
-4.074998474121093,102.3750015258789
-4.099998474121094,102.4000015258789
-4.124998474121094,106.32500305175782
-4.074998474121093,106.32500305175782
-4.124998474121094,106.2750030517578
-4.074998474121093,106.2750030517578
-4.099998474121094,106.30000305175781
-4.124998474121094,106.3749984741211
-4.074998474121093,106.3749984741211
-4.124998474121094,106.32499847412109
-4.074998474121093,106.32499847412109
-4.099998474121094,106.3499984741211
-4.124998474121094,112.17500152587891
-4.074998474121093,112.17500152587891
-4.124998474121094,112.1250015258789
-4.074998474121093,112.1250015258789
-4.099998474121094,112.1500015258789
-4.124998474121094,115.07500305175782
-4.074998474121093,115.07500305175782
-4.124998474121094,115.0250030517578
-4.074998474121093,115.0250030517578
-4.099998474121094,115.05000305175781
-4.124998474121094,115.57500305175782
-4.074998474121093,115.57500305175782
-4.124998474121094,115.5250030517578
-4.074998474121093,115.5250030517578
-4.099998474121094,115.55000305175781
-4.124998474121094,116.12500610351563
-4.074998474121093,116.12500610351563
-4.124998474121094,116.07500610351562
-4.074998474121093,116.07500610351562
-4.099998474121094,116.10000610351562
-4.124998474121094,130.775
-4.074998474121093,130.775
-4.124998474121094,130.725
-4.074998474121093,130.725
-4.099998474121094,130.75
-4.124998474121094,130.82500305175782
-4.074998474121093,130.82500305175782
-4.124998474121094,130.7750030517578
-4.074998474121093,130.7750030517578
-4.099998474121094,130.8000030517578
-4.175001525878907,102.525
-4.125001525878906,102.525
-4.175001525878907,102.475
-4.125001525878906,102.475
-4.150001525878906,102.5
-4.175001525878907,106.2249969482422
-4.125001525878906,106.2249969482422
-4.175001525878907,106.17499694824218
-4.125001525878906,106.17499694824218
-4.150001525878906,106.19999694824219
-4.175001525878907,106.32500305175782
-4.125001525878906,106.32500305175782
-4.175001525878907,106.2750030517578
-4.125001525878906,106.2750030517578
-4.150001525878906,106.30000305175781
-4.175001525878907,114.525
-4.125001525878906,114.525
-4.175001525878907,114.475
-4.125001525878906,114.475
-4.150001525878906,114.5
-4.175001525878907,114.9749969482422
-4.125001525878906,114.9749969482422
-4.175001525878907,114.92499694824218
-4.125001525878906,114.92499694824218
-4.150001525878906,114.94999694824219
-4.175001525878907,115.025
-4.125001525878906,115.025
-4.175001525878907,114.975
-4.125001525878906,114.975
-4.150001525878906,115.0
-4.175001525878907,116.07500305175782
-4.125001525878906,116.07500305175782
-4.175001525878907,116.0250030517578
-4.125001525878906,116.0250030517578
-4.150001525878906,116.05000305175781
-4.175001525878907,119.62500610351563
-4.125001525878906,119.62500610351563
-4.175001525878907,119.57500610351562
-4.125001525878906,119.57500610351562
-4.150001525878906,119.60000610351562
-4.175001525878907,121.62500610351563
-4.125001525878906,121.62500610351563
-4.175001525878907,121.57500610351562
-4.125001525878906,121.57500610351562
-4.150001525878906,121.60000610351562
-4.175001525878907,123.87500610351563
-4.125001525878906,123.87500610351563
-4.175001525878907,123.82500610351562
-4.125001525878906,123.82500610351562
-4.150001525878906,123.85000610351562
-4.175001525878907,130.9749969482422
-4.125001525878906,130.9749969482422
-4.175001525878907,130.92499694824218
-4.125001525878906,130.92499694824218
-4.150001525878906,130.9499969482422
-4.175001525878907,134.57500305175782
-4.125001525878906,134.57500305175782
-4.175001525878907,134.5250030517578
-4.125001525878906,134.5250030517578
-4.150001525878906,134.5500030517578
-4.225004577636719,102.57500305175782
-4.175004577636718,102.57500305175782
-4.225004577636719,102.5250030517578
-4.175004577636718,102.5250030517578
-4.200004577636719,102.55000305175781
-4.225004577636719,106.2249969482422
-4.175004577636718,106.2249969482422
-4.225004577636719,106.17499694824218
-4.175004577636718,106.17499694824218
-4.200004577636719,106.19999694824219
-4.225004577636719,133.37500610351563
-4.175004577636718,133.37500610351563
-4.225004577636719,133.32500610351562
-4.175004577636718,133.32500610351562
-4.200004577636719,133.35000610351562
-4.225004577636719,134.42499389648438
-4.175004577636718,134.42499389648438
-4.225004577636719,134.37499389648437
-4.175004577636718,134.37499389648437
-4.200004577636719,134.39999389648438
-4.225004577636719,134.57500305175782
-4.175004577636718,134.57500305175782
-4.225004577636719,134.5250030517578
-4.175004577636718,134.5250030517578
-4.200004577636719,134.5500030517578
-4.225004577636719,134.62500610351563
-4.175004577636718,134.62500610351563
-4.225004577636719,134.57500610351562
-4.175004577636718,134.57500610351562
-4.200004577636719,134.60000610351562
-4.275,106.32500305175782
-4.225,106.32500305175782
-4.275,106.2750030517578
-4.225,106.2750030517578
-4.25,106.30000305175781
-4.275,114.57500305175782
-4.225,114.57500305175782
-4.275,114.5250030517578
-4.225,114.5250030517578
-4.25,114.55000305175781
-4.275,114.67500152587891
-4.225,114.67500152587891
-4.275,114.6250015258789
-4.225,114.6250015258789
-4.25,114.6500015258789
-4.275,114.82500305175782
-4.225,114.82500305175782
-4.275,114.7750030517578
-4.225,114.7750030517578
-4.25,114.80000305175781
-4.275,130.92499389648438
-4.225,130.92499389648438
-4.275,130.87499389648437
-4.225,130.87499389648437
-4.25,130.89999389648438
-4.275,131.025
-4.225,131.025
-4.275,130.975
-4.225,130.975
-4.25,131.0
-4.275,134.525
-4.225,134.525
-4.275,134.475
-4.225,134.475
-4.25,134.5
-4.325003051757813,106.32500305175782
-4.275003051757812,106.32500305175782
-4.325003051757813,106.2750030517578
-4.275003051757812,106.2750030517578
-4.3000030517578125,106.30000305175781
-4.374998474121094,106.32500305175782
-4.324998474121093,106.32500305175782
-4.374998474121094,106.2750030517578
-4.324998474121093,106.2750030517578
-4.349998474121094,106.30000305175781
-4.425001525878907,102.775
-4.375001525878906,102.775
-4.425001525878907,102.725
-4.375001525878906,102.725
-4.400001525878906,102.75
-4.425001525878907,113.42500152587891
-4.375001525878906,113.42500152587891
-4.425001525878907,113.3750015258789
-4.375001525878906,113.3750015258789
-4.400001525878906,113.4000015258789
-4.425001525878907,123.12500610351563
-4.375001525878906,123.12500610351563
-4.425001525878907,123.07500610351562
-4.375001525878906,123.07500610351562
-4.400001525878906,123.10000610351562
-4.425001525878907,123.275
-4.375001525878906,123.275
-4.425001525878907,123.225
-4.375001525878906,123.225
-4.400001525878906,123.25
-4.425001525878907,131.025
-4.375001525878906,131.025
-4.425001525878907,130.975
-4.375001525878906,130.975
-4.400001525878906,131.0
-4.425001525878907,131.07500305175782
-4.375001525878906,131.07500305175782
-4.425001525878907,131.0250030517578
-4.375001525878906,131.0250030517578
-4.400001525878906,131.0500030517578
-4.425001525878907,131.12500610351563
-4.375001525878906,131.12500610351563
-4.425001525878907,131.07500610351562
-4.375001525878906,131.07500610351562
-4.400001525878906,131.10000610351562
-4.425001525878907,131.17499389648438
-4.375001525878906,131.17499389648438
-4.425001525878907,131.12499389648437
-4.375001525878906,131.12499389648437
-4.400001525878906,131.14999389648438
-4.425001525878907,132.9749969482422
-4.375001525878906,132.9749969482422
-4.425001525878907,132.92499694824218
-4.375001525878906,132.92499694824218
-4.400001525878906,132.9499969482422
-4.425001525878907,133.275
-4.375001525878906,133.275
-4.425001525878907,133.225
-4.375001525878906,133.225
-4.400001525878906,133.25
-4.425001525878907,134.775
-4.375001525878906,134.775
-4.425001525878907,134.725
-4.375001525878906,134.725
-4.400001525878906,134.75
-4.425001525878907,135.025
-4.375001525878906,135.025
-4.425001525878907,134.975
-4.375001525878906,134.975
-4.400001525878906,135.0
-4.475004577636719,102.82500305175782
-4.425004577636718,102.82500305175782
-4.475004577636719,102.7750030517578
-4.425004577636718,102.7750030517578
-4.450004577636719,102.80000305175781
-4.475004577636719,106.275
-4.425004577636718,106.275
-4.475004577636719,106.225
-4.425004577636718,106.225
-4.450004577636719,106.25
-4.475004577636719,130.9749969482422
-4.425004577636718,130.9749969482422
-4.475004577636719,130.92499694824218
-4.425004577636718,130.92499694824218
-4.450004577636719,130.9499969482422
-4.475004577636719,131.07500305175782
-4.425004577636718,131.07500305175782
-4.475004577636719,131.0250030517578
-4.425004577636718,131.0250030517578
-4.450004577636719,131.0500030517578
-4.475004577636719,134.17499389648438
-4.425004577636718,134.17499389648438
-4.475004577636719,134.12499389648437
-4.425004577636718,134.12499389648437
-4.450004577636719,134.14999389648438
-4.475004577636719,134.7249969482422
-4.425004577636718,134.7249969482422
-4.475004577636719,134.67499694824218
-4.425004577636718,134.67499694824218
-4.450004577636719,134.6999969482422
-4.475004577636719,134.92499389648438
-4.425004577636718,134.92499389648438
-4.475004577636719,134.87499389648437
-4.425004577636718,134.87499389648437
-4.450004577636719,134.89999389648438
-4.475004577636719,135.025
-4.425004577636718,135.025
-4.475004577636719,134.975
-4.425004577636718,134.975
-4.450004577636719,135.0
-4.475004577636719,135.12500610351563
-4.425004577636718,135.12500610351563
-4.475004577636719,135.07500610351562
-4.425004577636718,135.07500610351562
-4.450004577636719,135.10000610351562
-4.525,102.8749984741211
-4.475,102.8749984741211
-4.525,102.82499847412109
-4.475,102.82499847412109
-4.5,102.8499984741211
-4.525,106.275
-4.475,106.275
-4.525,106.225
-4.475,106.225
-4.5,106.25
-4.525,121.4749969482422
-4.475,121.4749969482422
-4.525,121.42499694824218
-4.475,121.42499694824218
-4.5,121.44999694824219
-4.525,122.32500305175782
-4.475,122.32500305175782
-4.525,122.2750030517578
-4.475,122.2750030517578
-4.5,122.30000305175781
-4.525,130.92499389648438
-4.475,130.92499389648438
-4.525,130.87499389648437
-4.475,130.87499389648437
-4.5,130.89999389648438
-4.525,131.025
-4.475,131.025
-4.525,130.975
-4.475,130.975
-4.5,131.0
-4.525,131.07500305175782
-4.475,131.07500305175782
-4.525,131.0250030517578
-4.475,131.0250030517578
-4.5,131.0500030517578
-4.525,133.775
-4.475,133.775
-4.525,133.725
-4.475,133.725
-4.5,133.75
-4.525,135.2249969482422
-4.475,135.2249969482422
-4.525,135.17499694824218
-4.475,135.17499694824218
-4.5,135.1999969482422
-4.525,135.82500305175782
-4.475,135.82500305175782
-4.525,135.7750030517578
-4.475,135.7750030517578
-4.5,135.8000030517578
-4.575003051757813,103.025
-4.525003051757812,103.025
-4.575003051757813,102.975
-4.525003051757812,102.975
-4.5500030517578125,103.0
-4.575003051757813,106.275
-4.525003051757812,106.275
-4.575003051757813,106.225
-4.525003051757812,106.225
-4.5500030517578125,106.25
-4.575003051757813,122.2249969482422
-4.525003051757812,122.2249969482422
-4.575003051757813,122.17499694824218
-4.525003051757812,122.17499694824218
-4.5500030517578125,122.19999694824219
-4.575003051757813,135.42499389648438
-4.525003051757812,135.42499389648438
-4.575003051757813,135.37499389648437
-4.525003051757812,135.37499389648437
-4.5500030517578125,135.39999389648438
-4.575003051757813,135.4749969482422
-4.525003051757812,135.4749969482422
-4.575003051757813,135.42499694824218
-4.525003051757812,135.42499694824218
-4.5500030517578125,135.4499969482422
-4.575003051757813,135.7249969482422
-4.525003051757812,135.7249969482422
-4.575003051757813,135.67499694824218
-4.525003051757812,135.67499694824218
-4.5500030517578125,135.6999969482422
-4.575003051757813,135.82500305175782
-4.525003051757812,135.82500305175782
-4.575003051757813,135.7750030517578
-4.525003051757812,135.7750030517578
-4.5500030517578125,135.8000030517578
-4.624998474121094,92.67500152587891
-4.574998474121093,92.67500152587891
-4.624998474121094,92.6250015258789
-4.574998474121093,92.6250015258789
-4.599998474121094,92.6500015258789
-4.624998474121094,106.275
-4.574998474121093,106.275
-4.624998474121094,106.225
-4.574998474121093,106.225
-4.599998474121094,106.25
-4.624998474121094,119.4749969482422
-4.574998474121093,119.4749969482422
-4.624998474121094,119.42499694824218
-4.574998474121093,119.42499694824218
-4.599998474121094,119.44999694824219
-4.624998474121094,130.82500305175782
-4.574998474121093,130.82500305175782
-4.624998474121094,130.7750030517578
-4.574998474121093,130.7750030517578
-4.599998474121094,130.8000030517578
-4.624998474121094,133.17499389648438
-4.574998474121093,133.17499389648438
-4.624998474121094,133.12499389648437
-4.574998474121093,133.12499389648437
-4.599998474121094,133.14999389648438
-4.624998474121094,133.82500305175782
-4.574998474121093,133.82500305175782
-4.624998474121094,133.7750030517578
-4.574998474121093,133.7750030517578
-4.599998474121094,133.8000030517578
-4.624998474121094,134.025
-4.574998474121093,134.025
-4.624998474121094,133.975
-4.574998474121093,133.975
-4.599998474121094,134.0
-4.624998474121094,134.87500610351563
-4.574998474121093,134.87500610351563
-4.624998474121094,134.82500610351562
-4.574998474121093,134.82500610351562
-4.599998474121094,134.85000610351562
-4.624998474121094,135.17499389648438
-4.574998474121093,135.17499389648438
-4.624998474121094,135.12499389648437
-4.574998474121093,135.12499389648437
-4.599998474121094,135.14999389648438
-4.624998474121094,135.2249969482422
-4.574998474121093,135.2249969482422
-4.624998474121094,135.17499694824218
-4.574998474121093,135.17499694824218
-4.599998474121094,135.1999969482422
-4.624998474121094,135.57500305175782
-4.574998474121093,135.57500305175782
-4.624998474121094,135.5250030517578
-4.574998474121093,135.5250030517578
-4.599998474121094,135.5500030517578
-4.624998474121094,135.62500610351563
-4.574998474121093,135.62500610351563
-4.624998474121094,135.57500610351562
-4.574998474121093,135.57500610351562
-4.599998474121094,135.60000610351562
-4.624998474121094,135.775
-4.574998474121093,135.775
-4.624998474121094,135.725
-4.574998474121093,135.725
-4.599998474121094,135.75
-4.624998474121094,135.82500305175782
-4.574998474121093,135.82500305175782
-4.624998474121094,135.7750030517578
-4.574998474121093,135.7750030517578
-4.599998474121094,135.8000030517578
-4.675001525878907,106.275
-4.625001525878906,106.275
-4.675001525878907,106.225
-4.625001525878906,106.225
-4.650001525878906,106.25
-4.675001525878907,122.12500610351563
-4.625001525878906,122.12500610351563
-4.675001525878907,122.07500610351562
-4.625001525878906,122.07500610351562
-4.650001525878906,122.10000610351562
-4.675001525878907,135.67499389648438
-4.625001525878906,135.67499389648438
-4.675001525878907,135.62499389648437
-4.625001525878906,135.62499389648437
-4.650001525878906,135.64999389648438
-4.675001525878907,135.82500305175782
-4.625001525878906,135.82500305175782
-4.675001525878907,135.7750030517578
-4.625001525878906,135.7750030517578
-4.650001525878906,135.8000030517578
-4.675001525878907,135.92499389648438
-4.625001525878906,135.92499389648438
-4.675001525878907,135.87499389648437
-4.625001525878906,135.87499389648437
-4.650001525878906,135.89999389648438
-4.725004577636719,106.275
-4.675004577636718,106.275
-4.725004577636719,106.225
-4.675004577636718,106.225
-4.700004577636719,106.25
-4.725004577636719,119.12500610351563
-4.675004577636718,119.12500610351563
-4.725004577636719,119.07500610351562
-4.675004577636718,119.07500610351562
-4.700004577636719,119.10000610351562
-4.725004577636719,119.42500152587891
-4.675004577636718,119.42500152587891
-4.725004577636719,119.3750015258789
-4.675004577636718,119.3750015258789
-4.700004577636719,119.4000015258789
-4.725004577636719,120.57500305175782
-4.675004577636718,120.57500305175782
-4.725004577636719,120.5250030517578
-4.675004577636718,120.5250030517578
-4.700004577636719,120.55000305175781
-4.725004577636719,122.42500152587891
-4.675004577636718,122.42500152587891
-4.725004577636719,122.3750015258789
-4.675004577636718,122.3750015258789
-4.700004577636719,122.4000015258789
-4.725004577636719,130.525
-4.675004577636718,130.525
-4.725004577636719,130.475
-4.675004577636718,130.475
-4.700004577636719,130.5
-4.725004577636719,133.37500610351563
-4.675004577636718,133.37500610351563
-4.725004577636719,133.32500610351562
-4.675004577636718,133.32500610351562
-4.700004577636719,133.35000610351562
-4.725004577636719,133.525
-4.675004577636718,133.525
-4.725004577636719,133.475
-4.675004577636718,133.475
-4.700004577636719,133.5
-4.725004577636719,135.775
-4.675004577636718,135.775
-4.725004577636719,135.725
-4.675004577636718,135.725
-4.700004577636719,135.75
-4.775,106.2249969482422
-4.725,106.2249969482422
-4.775,106.17499694824218
-4.725,106.17499694824218
-4.75,106.19999694824219
-4.775,120.4749969482422
-4.725,120.4749969482422
-4.775,120.42499694824218
-4.725,120.42499694824218
-4.75,120.44999694824219
-4.775,122.32500305175782
-4.725,122.32500305175782
-4.775,122.2750030517578
-4.725,122.2750030517578
-4.75,122.30000305175781
-4.775,130.82500305175782
-4.725,130.82500305175782
-4.775,130.7750030517578
-4.725,130.7750030517578
-4.75,130.8000030517578
-4.775,130.92499389648438
-4.725,130.92499389648438
-4.775,130.87499389648437
-4.725,130.87499389648437
-4.75,130.89999389648438
-4.775,131.17499389648438
-4.725,131.17499389648438
-4.775,131.12499389648437
-4.725,131.12499389648437
-4.75,131.14999389648438
-4.775,131.42499389648438
-4.725,131.42499389648438
-4.775,131.37499389648437
-4.725,131.37499389648437
-4.75,131.39999389648438
-4.775,131.57500305175782
-4.725,131.57500305175782
-4.775,131.5250030517578
-4.725,131.5250030517578
-4.75,131.5500030517578
-4.775,135.7249969482422
-4.725,135.7249969482422
-4.775,135.67499694824218
-4.725,135.67499694824218
-4.75,135.6999969482422
-4.825003051757813,106.17500152587891
-4.775003051757812,106.17500152587891
-4.825003051757813,106.1250015258789
-4.775003051757812,106.1250015258789
-4.8000030517578125,106.1500015258789
-4.825003051757813,106.2249969482422
-4.775003051757812,106.2249969482422
-4.825003051757813,106.17499694824218
-4.775003051757812,106.17499694824218
-4.8000030517578125,106.19999694824219
-4.825003051757813,120.525
-4.775003051757812,120.525
-4.825003051757813,120.475
-4.775003051757812,120.475
-4.8000030517578125,120.5
-4.825003051757813,131.2249969482422
-4.775003051757812,131.2249969482422
-4.825003051757813,131.17499694824218
-4.775003051757812,131.17499694824218
-4.8000030517578125,131.1999969482422
-4.825003051757813,133.2249969482422
-4.775003051757812,133.2249969482422
-4.825003051757813,133.17499694824218
-4.775003051757812,133.17499694824218
-4.8000030517578125,133.1999969482422
-4.825003051757813,134.775
-4.775003051757812,134.775
-4.825003051757813,134.725
-4.775003051757812,134.725
-4.8000030517578125,134.75
-4.825003051757813,135.17499389648438
-4.775003051757812,135.17499389648438
-4.825003051757813,135.12499389648437
-4.775003051757812,135.12499389648437
-4.8000030517578125,135.14999389648438
-4.825003051757813,135.67499389648438
-4.775003051757812,135.67499389648438
-4.825003051757813,135.62499389648437
-4.775003051757812,135.62499389648437
-4.8000030517578125,135.64999389648438
-4.825003051757813,135.775
-4.775003051757812,135.775
-4.825003051757813,135.725
-4.775003051757812,135.725
-4.8000030517578125,135.75
-4.825003051757813,135.82500305175782
-4.775003051757812,135.82500305175782
-4.825003051757813,135.7750030517578
-4.775003051757812,135.7750030517578
-4.8000030517578125,135.8000030517578
-4.874998474121094,106.17500152587891
-4.824998474121093,106.17500152587891
-4.874998474121094,106.1250015258789
-4.824998474121093,106.1250015258789
-4.849998474121094,106.1500015258789
-4.874998474121094,120.42500152587891
-4.824998474121093,120.42500152587891
-4.874998474121094,120.3750015258789
-4.824998474121093,120.3750015258789
-4.849998474121094,120.4000015258789
-4.874998474121094,122.2249969482422
-4.824998474121093,122.2249969482422
-4.874998474121094,122.17499694824218
-4.824998474121093,122.17499694824218
-4.849998474121094,122.19999694824219
-4.874998474121094,130.87500610351563
-4.824998474121093,130.87500610351563
-4.874998474121094,130.82500610351562
-4.824998474121093,130.82500610351562
-4.849998474121094,130.85000610351562
-4.874998474121094,131.07500305175782
-4.824998474121093,131.07500305175782
-4.874998474121094,131.0250030517578
-4.824998474121093,131.0250030517578
-4.849998474121094,131.0500030517578
-4.874998474121094,131.42499389648438
-4.824998474121093,131.42499389648438
-4.874998474121094,131.37499389648437
-4.824998474121093,131.37499389648437
-4.849998474121094,131.39999389648438
-4.874998474121094,133.67499389648438
-4.824998474121093,133.67499389648438
-4.874998474121094,133.62499389648437
-4.824998474121093,133.62499389648437
-4.849998474121094,133.64999389648438
-4.874998474121094,134.525
-4.824998474121093,134.525
-4.874998474121094,134.475
-4.824998474121093,134.475
-4.849998474121094,134.5
-4.874998474121094,134.82500305175782
-4.824998474121093,134.82500305175782
-4.874998474121094,134.7750030517578
-4.824998474121093,134.7750030517578
-4.849998474121094,134.8000030517578
-4.874998474121094,135.17499389648438
-4.824998474121093,135.17499389648438
-4.874998474121094,135.12499389648437
-4.824998474121093,135.12499389648437
-4.849998474121094,135.14999389648438
-4.925001525878907,106.17500152587891
-4.875001525878906,106.17500152587891
-4.925001525878907,106.1250015258789
-4.875001525878906,106.1250015258789
-4.900001525878906,106.1500015258789
-4.925001525878907,119.4749969482422
-4.875001525878906,119.4749969482422
-4.925001525878907,119.42499694824218
-4.875001525878906,119.42499694824218
-4.900001525878906,119.44999694824219
-4.925001525878907,121.9749969482422
-4.875001525878906,121.9749969482422
-4.925001525878907,121.92499694824218
-4.875001525878906,121.92499694824218
-4.900001525878906,121.94999694824219
-4.925001525878907,132.12500610351563
-4.875001525878906,132.12500610351563
-4.925001525878907,132.07500610351562
-4.875001525878906,132.07500610351562
-4.900001525878906,132.10000610351562
-4.925001525878907,134.9749969482422
-4.875001525878906,134.9749969482422
-4.925001525878907,134.92499694824218
-4.875001525878906,134.92499694824218
-4.900001525878906,134.9499969482422
-4.925001525878907,135.025
-4.875001525878906,135.025
-4.925001525878907,134.975
-4.875001525878906,134.975
-4.900001525878906,135.0
-4.925001525878907,135.62500610351563
-4.875001525878906,135.62500610351563
-4.925001525878907,135.57500610351562
-4.875001525878906,135.57500610351562
-4.900001525878906,135.60000610351562
-4.925001525878907,136.275
-4.875001525878906,136.275
-4.925001525878907,136.225
-4.875001525878906,136.225
-4.900001525878906,136.25
-4.975004577636719,106.1249984741211
-4.925004577636718,106.1249984741211
-4.975004577636719,106.07499847412109
-4.925004577636718,106.07499847412109
-4.950004577636719,106.0999984741211
-4.975004577636719,119.4749969482422
-4.925004577636718,119.4749969482422
-4.975004577636719,119.42499694824218
-4.925004577636718,119.42499694824218
-4.950004577636719,119.44999694824219
-4.975004577636719,120.42500152587891
-4.925004577636718,120.42500152587891
-4.975004577636719,120.3750015258789
-4.925004577636718,120.3750015258789
-4.950004577636719,120.4000015258789
-4.975004577636719,120.775
-4.925004577636718,120.775
-4.975004577636719,120.725
-4.925004577636718,120.725
-4.950004577636719,120.75
-4.975004577636719,122.32500305175782
-4.925004577636718,122.32500305175782
-4.975004577636719,122.2750030517578
-4.925004577636718,122.2750030517578
-4.950004577636719,122.30000305175781
-4.975004577636719,131.32500305175782
-4.925004577636718,131.32500305175782
-4.975004577636719,131.2750030517578
-4.925004577636718,131.2750030517578
-4.950004577636719,131.3000030517578
-4.975004577636719,131.37500610351563
-4.925004577636718,131.37500610351563
-4.975004577636719,131.32500610351562
-4.925004577636718,131.32500610351562
-4.950004577636719,131.35000610351562
-4.975004577636719,131.7249969482422
-4.925004577636718,131.7249969482422
-4.975004577636719,131.67499694824218
-4.925004577636718,131.67499694824218
-4.950004577636719,131.6999969482422
-4.975004577636719,134.12500610351563
-4.925004577636718,134.12500610351563
-4.975004577636719,134.07500610351562
-4.925004577636718,134.07500610351562
-4.950004577636719,134.10000610351562
-4.975004577636719,134.57500305175782
-4.925004577636718,134.57500305175782
-4.975004577636719,134.5250030517578
-4.925004577636718,134.5250030517578
-4.950004577636719,134.5500030517578
-4.975004577636719,135.775
-4.925004577636718,135.775
-4.975004577636719,135.725
-4.925004577636718,135.725
-4.950004577636719,135.75
-4.975004577636719,136.37500610351563
-4.925004577636718,136.37500610351563
-4.975004577636719,136.32500610351562
-4.925004577636718,136.32500610351562
-4.950004577636719,136.35000610351562
-5.025,106.1249984741211
-4.975,106.1249984741211
-5.025,106.07499847412109
-4.975,106.07499847412109
-5.0,106.0999984741211
-5.025,106.17500152587891
-4.975,106.17500152587891
-5.025,106.1250015258789
-4.975,106.1250015258789
-5.0,106.1500015258789
-5.025,122.32500305175782
-4.975,122.32500305175782
-5.025,122.2750030517578
-4.975,122.2750030517578
-5.0,122.30000305175781
-5.025,131.17499389648438
-4.975,131.17499389648438
-5.025,131.12499389648437
-4.975,131.12499389648437
-5.0,131.14999389648438
-5.025,131.4749969482422
-4.975,131.4749969482422
-5.025,131.42499694824218
-4.975,131.42499694824218
-5.0,131.4499969482422
-5.025,133.82500305175782
-4.975,133.82500305175782
-5.025,133.7750030517578
-4.975,133.7750030517578
-5.0,133.8000030517578
-5.025,135.42499389648438
-4.975,135.42499389648438
-5.025,135.37499389648437
-4.975,135.37499389648437
-5.0,135.39999389648438
-5.025,136.12500610351563
-4.975,136.12500610351563
-5.025,136.07500610351562
-4.975,136.07500610351562
-5.0,136.10000610351562
-5.075003051757813,106.1249984741211
-5.025003051757812,106.1249984741211
-5.075003051757813,106.07499847412109
-5.025003051757812,106.07499847412109
-5.0500030517578125,106.0999984741211
-5.075003051757813,106.17500152587891
-5.025003051757812,106.17500152587891
-5.075003051757813,106.1250015258789
-5.025003051757812,106.1250015258789
-5.0500030517578125,106.1500015258789
-5.075003051757813,119.42500152587891
-5.025003051757812,119.42500152587891
-5.075003051757813,119.3750015258789
-5.025003051757812,119.3750015258789
-5.0500030517578125,119.4000015258789
-5.075003051757813,120.42500152587891
-5.025003051757812,120.42500152587891
-5.075003051757813,120.3750015258789
-5.025003051757812,120.3750015258789
-5.0500030517578125,120.4000015258789
-5.075003051757813,122.17500152587891
-5.025003051757812,122.17500152587891
-5.075003051757813,122.1250015258789
-5.025003051757812,122.1250015258789
-5.0500030517578125,122.1500015258789
-5.075003051757813,131.2249969482422
-5.025003051757812,131.2249969482422
-5.075003051757813,131.17499694824218
-5.025003051757812,131.17499694824218
-5.0500030517578125,131.1999969482422
-5.075003051757813,131.275
-5.025003051757812,131.275
-5.075003051757813,131.225
-5.025003051757812,131.225
-5.0500030517578125,131.25
-5.075003051757813,131.92499389648438
-5.025003051757812,131.92499389648438
-5.075003051757813,131.87499389648437
-5.025003051757812,131.87499389648437
-5.0500030517578125,131.89999389648438
-5.075003051757813,134.62500610351563
-5.025003051757812,134.62500610351563
-5.075003051757813,134.57500610351562
-5.025003051757812,134.57500610351562
-5.0500030517578125,134.60000610351562
-5.075003051757813,135.025
-5.025003051757812,135.025
-5.075003051757813,134.975
-5.025003051757812,134.975
-5.0500030517578125,135.0
-5.075003051757813,135.525
-5.025003051757812,135.525
-5.075003051757813,135.475
-5.025003051757812,135.475
-5.0500030517578125,135.5
-5.075003051757813,136.2249969482422
-5.025003051757812,136.2249969482422
-5.075003051757813,136.17499694824218
-5.025003051757812,136.17499694824218
-5.0500030517578125,136.1999969482422
-5.124998474121094,106.1249984741211
-5.074998474121093,106.1249984741211
-5.124998474121094,106.07499847412109
-5.074998474121093,106.07499847412109
-5.099998474121094,106.0999984741211
-5.124998474121094,120.62500610351563
-5.074998474121093,120.62500610351563
-5.124998474121094,120.57500610351562
-5.074998474121093,120.57500610351562
-5.099998474121094,120.60000610351562
-5.124998474121094,120.67500152587891
-5.074998474121093,120.67500152587891
-5.124998474121094,120.6250015258789
-5.074998474121093,120.6250015258789
-5.099998474121094,120.6500015258789
-5.124998474121094,122.275
-5.074998474121093,122.275
-5.124998474121094,122.225
-5.074998474121093,122.225
-5.099998474121094,122.25
-5.124998474121094,130.775
-5.074998474121093,130.775
-5.124998474121094,130.725
-5.074998474121093,130.725
-5.099998474121094,130.75
-5.124998474121094,130.9749969482422
-5.074998474121093,130.9749969482422
-5.124998474121094,130.92499694824218
-5.074998474121093,130.92499694824218
-5.099998474121094,130.9499969482422
-5.124998474121094,131.025
-5.074998474121093,131.025
-5.124998474121094,130.975
-5.074998474121093,130.975
-5.099998474121094,131.0
-5.124998474121094,131.07500305175782
-5.074998474121093,131.07500305175782
-5.124998474121094,131.0250030517578
-5.074998474121093,131.0250030517578
-5.099998474121094,131.0500030517578
-5.124998474121094,131.32500305175782
-5.074998474121093,131.32500305175782
-5.124998474121094,131.2750030517578
-5.074998474121093,131.2750030517578
-5.099998474121094,131.3000030517578
-5.124998474121094,131.42499389648438
-5.074998474121093,131.42499389648438
-5.124998474121094,131.37499389648437
-5.074998474121093,131.37499389648437
-5.099998474121094,131.39999389648438
-5.124998474121094,131.525
-5.074998474121093,131.525
-5.124998474121094,131.475
-5.074998474121093,131.475
-5.099998474121094,131.5
-5.124998474121094,131.57500305175782
-5.074998474121093,131.57500305175782
-5.124998474121094,131.5250030517578
-5.074998474121093,131.5250030517578
-5.099998474121094,131.5500030517578
-5.124998474121094,134.17499389648438
-5.074998474121093,134.17499389648438
-5.124998474121094,134.12499389648437
-5.074998474121093,134.12499389648437
-5.099998474121094,134.14999389648438
-5.124998474121094,134.62500610351563
-5.074998474121093,134.62500610351563
-5.124998474121094,134.57500610351562
-5.074998474121093,134.57500610351562
-5.099998474121094,134.60000610351562
-5.124998474121094,134.775
-5.074998474121093,134.775
-5.124998474121094,134.725
-5.074998474121093,134.725
-5.099998474121094,134.75
-5.124998474121094,135.42499389648438
-5.074998474121093,135.42499389648438
-5.124998474121094,135.37499389648437
-5.074998474121093,135.37499389648437
-5.099998474121094,135.39999389648438
-5.124998474121094,135.4749969482422
-5.074998474121093,135.4749969482422
-5.124998474121094,135.42499694824218
-5.074998474121093,135.42499694824218
-5.099998474121094,135.4499969482422
-5.124998474121094,136.025
-5.074998474121093,136.025
-5.124998474121094,135.975
-5.074998474121093,135.975
-5.099998474121094,136.0
-5.124998474121094,136.07500305175782
-5.074998474121093,136.07500305175782
-5.124998474121094,136.0250030517578
-5.074998474121093,136.0250030517578
-5.099998474121094,136.0500030517578
-5.175001525878907,106.1249984741211
-5.125001525878906,106.1249984741211
-5.175001525878907,106.07499847412109
-5.125001525878906,106.07499847412109
-5.150001525878906,106.0999984741211
-5.175001525878907,107.9749969482422
-5.125001525878906,107.9749969482422
-5.175001525878907,107.92499694824218
-5.125001525878906,107.92499694824218
-5.150001525878906,107.94999694824219
-5.175001525878907,122.07500305175782
-5.125001525878906,122.07500305175782
-5.175001525878907,122.0250030517578
-5.125001525878906,122.0250030517578
-5.150001525878906,122.05000305175781
-5.175001525878907,122.275
-5.125001525878906,122.275
-5.175001525878907,122.225
-5.125001525878906,122.225
-5.150001525878906,122.25
-5.175001525878907,131.12500610351563
-5.125001525878906,131.12500610351563
-5.175001525878907,131.07500610351562
-5.125001525878906,131.07500610351562
-5.150001525878906,131.10000610351562
-5.175001525878907,131.92499389648438
-5.125001525878906,131.92499389648438
-5.175001525878907,131.87499389648437
-5.125001525878906,131.87499389648437
-5.150001525878906,131.89999389648438
-5.175001525878907,134.525
-5.125001525878906,134.525
-5.175001525878907,134.475
-5.125001525878906,134.475
-5.150001525878906,134.5
-5.175001525878907,135.025
-5.125001525878906,135.025
-5.175001525878907,134.975
-5.125001525878906,134.975
-5.150001525878906,135.0
-5.175001525878907,135.07500305175782
-5.125001525878906,135.07500305175782
-5.175001525878907,135.0250030517578
-5.125001525878906,135.0250030517578
-5.150001525878906,135.0500030517578
-5.175001525878907,135.37500610351563
-5.125001525878906,135.37500610351563
-5.175001525878907,135.32500610351562
-5.125001525878906,135.32500610351562
-5.150001525878906,135.35000610351562
-5.175001525878907,135.42499389648438
-5.125001525878906,135.42499389648438
-5.175001525878907,135.37499389648437
-5.125001525878906,135.37499389648437
-5.150001525878906,135.39999389648438
-5.175001525878907,135.4749969482422
-5.125001525878906,135.4749969482422
-5.175001525878907,135.42499694824218
-5.125001525878906,135.42499694824218
-5.150001525878906,135.4499969482422
-5.175001525878907,135.57500305175782
-5.125001525878906,135.57500305175782
-5.175001525878907,135.5250030517578
-5.125001525878906,135.5250030517578
-5.150001525878906,135.5500030517578
-5.225004577636719,106.07500305175782
-5.175004577636718,106.07500305175782
-5.225004577636719,106.0250030517578
-5.175004577636718,106.0250030517578
-5.200004577636719,106.05000305175781
-5.225004577636719,130.87500610351563
-5.175004577636718,130.87500610351563
-5.225004577636719,130.82500610351562
-5.175004577636718,130.82500610351562
-5.200004577636719,130.85000610351562
-5.225004577636719,131.12500610351563
-5.175004577636718,131.12500610351563
-5.225004577636719,131.07500610351562
-5.175004577636718,131.07500610351562
-5.200004577636719,131.10000610351562
-5.225004577636719,131.17499389648438
-5.175004577636718,131.17499389648438
-5.225004577636719,131.12499389648437
-5.175004577636718,131.12499389648437
-5.200004577636719,131.14999389648438
-5.225004577636719,131.275
-5.175004577636718,131.275
-5.225004577636719,131.225
-5.175004577636718,131.225
-5.200004577636719,131.25
-5.225004577636719,131.32500305175782
-5.175004577636718,131.32500305175782
-5.225004577636719,131.2750030517578
-5.175004577636718,131.2750030517578
-5.200004577636719,131.3000030517578
-5.225004577636719,131.62500610351563
-5.175004577636718,131.62500610351563
-5.225004577636719,131.57500610351562
-5.175004577636718,131.57500610351562
-5.200004577636719,131.60000610351562
-5.225004577636719,134.7249969482422
-5.175004577636718,134.7249969482422
-5.225004577636719,134.67499694824218
-5.175004577636718,134.67499694824218
-5.200004577636719,134.6999969482422
-5.225004577636719,135.025
-5.175004577636718,135.025
-5.225004577636719,134.975
-5.175004577636718,134.975
-5.200004577636719,135.0
-5.225004577636719,135.42499389648438
-5.175004577636718,135.42499389648438
-5.225004577636719,135.37499389648437
-5.175004577636718,135.37499389648437
-5.200004577636719,135.39999389648438
-5.225004577636719,135.4749969482422
-5.175004577636718,135.4749969482422
-5.225004577636719,135.42499694824218
-5.175004577636718,135.42499694824218
-5.200004577636719,135.4499969482422
-5.225004577636719,135.67499389648438
-5.175004577636718,135.67499389648438
-5.225004577636719,135.62499389648437
-5.175004577636718,135.62499389648437
-5.200004577636719,135.64999389648438
-5.225004577636719,136.32500305175782
-5.175004577636718,136.32500305175782
-5.225004577636719,136.2750030517578
-5.175004577636718,136.2750030517578
-5.200004577636719,136.3000030517578
-5.225004577636719,136.4749969482422
-5.175004577636718,136.4749969482422
-5.225004577636719,136.42499694824218
-5.175004577636718,136.42499694824218
-5.200004577636719,136.4499969482422
-5.275,106.025
-5.225,106.025
-5.275,105.975
-5.225,105.975
-5.25,106.0
-5.275,106.07500305175782
-5.225,106.07500305175782
-5.275,106.0250030517578
-5.225,106.0250030517578
-5.25,106.05000305175781
-5.275,106.1249984741211
-5.225,106.1249984741211
-5.275,106.07499847412109
-5.225,106.07499847412109
-5.25,106.0999984741211
-5.275,131.12500610351563
-5.225,131.12500610351563
-5.275,131.07500610351562
-5.225,131.07500610351562
-5.25,131.10000610351562
-5.275,131.17499389648438
-5.225,131.17499389648438
-5.275,131.12499389648437
-5.225,131.12499389648437
-5.25,131.14999389648438
-5.275,131.42499389648438
-5.225,131.42499389648438
-5.275,131.37499389648437
-5.225,131.37499389648437
-5.25,131.39999389648438
-5.275,131.525
-5.225,131.525
-5.275,131.475
-5.225,131.475
-5.25,131.5
-5.275,131.57500305175782
-5.225,131.57500305175782
-5.275,131.5250030517578
-5.225,131.5250030517578
-5.25,131.5500030517578
-5.275,131.7249969482422
-5.225,131.7249969482422
-5.275,131.67499694824218
-5.225,131.67499694824218
-5.25,131.6999969482422
-5.275,135.025
-5.225,135.025
-5.275,134.975
-5.225,134.975
-5.25,135.0
-5.275,135.82500305175782
-5.225,135.82500305175782
-5.275,135.7750030517578
-5.225,135.7750030517578
-5.25,135.8000030517578
-5.275,136.62500610351563
-5.225,136.62500610351563
-5.275,136.57500610351562
-5.225,136.57500610351562
-5.25,136.60000610351562
-5.275,136.67499389648438
-5.225,136.67499389648438
-5.275,136.62499389648437
-5.225,136.62499389648437
-5.25,136.64999389648438
-5.275,136.87500610351563
-5.225,136.87500610351563
-5.275,136.82500610351562
-5.225,136.82500610351562
-5.25,136.85000610351562
-5.325003051757813,93.92500152587891
-5.275003051757812,93.92500152587891
-5.325003051757813,93.8750015258789
-5.275003051757812,93.8750015258789
-5.3000030517578125,93.9000015258789
-5.325003051757813,106.025
-5.275003051757812,106.025
-5.325003051757813,105.975
-5.275003051757812,105.975
-5.3000030517578125,106.0
-5.325003051757813,106.07500305175782
-5.275003051757812,106.07500305175782
-5.325003051757813,106.0250030517578
-5.275003051757812,106.0250030517578
-5.3000030517578125,106.05000305175781
-5.325003051757813,122.275
-5.275003051757812,122.275
-5.325003051757813,122.225
-5.275003051757812,122.225
-5.3000030517578125,122.25
-5.325003051757813,131.2249969482422
-5.275003051757812,131.2249969482422
-5.325003051757813,131.17499694824218
-5.275003051757812,131.17499694824218
-5.3000030517578125,131.1999969482422
-5.325003051757813,131.275
-5.275003051757812,131.275
-5.325003051757813,131.225
-5.275003051757812,131.225
-5.3000030517578125,131.25
-5.325003051757813,131.57500305175782
-5.275003051757812,131.57500305175782
-5.325003051757813,131.5250030517578
-5.275003051757812,131.5250030517578
-5.3000030517578125,131.5500030517578
-5.325003051757813,131.62500610351563
-5.275003051757812,131.62500610351563
-5.325003051757813,131.57500610351562
-5.275003051757812,131.57500610351562
-5.3000030517578125,131.60000610351562
-5.325003051757813,135.82500305175782
-5.275003051757812,135.82500305175782
-5.325003051757813,135.7750030517578
-5.275003051757812,135.7750030517578
-5.3000030517578125,135.8000030517578
-5.325003051757813,136.775
-5.275003051757812,136.775
-5.325003051757813,136.725
-5.275003051757812,136.725
-5.3000030517578125,136.75
-5.325003051757813,136.87500610351563
-5.275003051757812,136.87500610351563
-5.325003051757813,136.82500610351562
-5.275003051757812,136.82500610351562
-5.3000030517578125,136.85000610351562
-5.325003051757813,136.92499389648438
-5.275003051757812,136.92499389648438
-5.325003051757813,136.87499389648437
-5.275003051757812,136.87499389648437
-5.3000030517578125,136.89999389648438
-5.325003051757813,137.07500305175782
-5.275003051757812,137.07500305175782
-5.325003051757813,137.0250030517578
-5.275003051757812,137.0250030517578
-5.3000030517578125,137.0500030517578
-5.374998474121094,106.025
-5.324998474121093,106.025
-5.374998474121094,105.975
-5.324998474121093,105.975
-5.349998474121094,106.0
-5.374998474121094,123.4749969482422
-5.324998474121093,123.4749969482422
-5.374998474121094,123.42499694824218
-5.324998474121093,123.42499694824218
-5.349998474121094,123.44999694824219
-5.374998474121094,131.07500305175782
-5.324998474121093,131.07500305175782
-5.374998474121094,131.0250030517578
-5.324998474121093,131.0250030517578
-5.349998474121094,131.0500030517578
-5.374998474121094,131.775
-5.324998474121093,131.775
-5.374998474121094,131.725
-5.324998474121093,131.725
-5.349998474121094,131.75
-5.374998474121094,131.87500610351563
-5.324998474121093,131.87500610351563
-5.374998474121094,131.82500610351562
-5.324998474121093,131.82500610351562
-5.349998474121094,131.85000610351562
-5.374998474121094,133.92499389648438
-5.324998474121093,133.92499389648438
-5.374998474121094,133.87499389648437
-5.324998474121093,133.87499389648437
-5.349998474121094,133.89999389648438
-5.374998474121094,135.07500305175782
-5.324998474121093,135.07500305175782
-5.374998474121094,135.0250030517578
-5.324998474121093,135.0250030517578
-5.349998474121094,135.0500030517578
-5.374998474121094,135.12500610351563
-5.324998474121093,135.12500610351563
-5.374998474121094,135.07500610351562
-5.324998474121093,135.07500610351562
-5.349998474121094,135.10000610351562
-5.374998474121094,135.775
-5.324998474121093,135.775
-5.374998474121094,135.725
-5.324998474121093,135.725
-5.349998474121094,135.75
-5.374998474121094,136.025
-5.324998474121093,136.025
-5.374998474121094,135.975
-5.324998474121093,135.975
-5.349998474121094,136.0
-5.374998474121094,136.82500305175782
-5.324998474121093,136.82500305175782
-5.374998474121094,136.7750030517578
-5.324998474121093,136.7750030517578
-5.349998474121094,136.8000030517578
-5.425001525878907,105.9749969482422
-5.375001525878906,105.9749969482422
-5.425001525878907,105.92499694824218
-5.375001525878906,105.92499694824218
-5.400001525878906,105.94999694824219
-5.425001525878907,106.025
-5.375001525878906,106.025
-5.425001525878907,105.975
-5.375001525878906,105.975
-5.400001525878906,106.0
-5.425001525878907,119.32500305175782
-5.375001525878906,119.32500305175782
-5.425001525878907,119.2750030517578
-5.375001525878906,119.2750030517578
-5.400001525878906,119.30000305175781
-5.425001525878907,131.62500610351563
-5.375001525878906,131.62500610351563
-5.425001525878907,131.57500610351562
-5.375001525878906,131.57500610351562
-5.400001525878906,131.60000610351562
-5.425001525878907,134.025
-5.375001525878906,134.025
-5.425001525878907,133.975
-5.375001525878906,133.975
-5.400001525878906,134.0
-5.425001525878907,135.12500610351563
-5.375001525878906,135.12500610351563
-5.425001525878907,135.07500610351562
-5.375001525878906,135.07500610351562
-5.400001525878906,135.10000610351562
-5.425001525878907,136.07500305175782
-5.375001525878906,136.07500305175782
-5.425001525878907,136.0250030517578
-5.375001525878906,136.0250030517578
-5.400001525878906,136.0500030517578
-5.425001525878907,136.17499389648438
-5.375001525878906,136.17499389648438
-5.425001525878907,136.12499389648437
-5.375001525878906,136.12499389648437
-5.400001525878906,136.14999389648438
-5.425001525878907,136.275
-5.375001525878906,136.275
-5.425001525878907,136.225
-5.375001525878906,136.225
-5.400001525878906,136.25
-5.475004577636719,106.025
-5.425004577636718,106.025
-5.475004577636719,105.975
-5.425004577636718,105.975
-5.450004577636719,106.0
-5.475004577636719,119.2249969482422
-5.425004577636718,119.2249969482422
-5.475004577636719,119.17499694824218
-5.425004577636718,119.17499694824218
-5.450004577636719,119.19999694824219
-5.475004577636719,119.275
-5.425004577636718,119.275
-5.475004577636719,119.225
-5.425004577636718,119.225
-5.450004577636719,119.25
-5.475004577636719,130.9749969482422
-5.425004577636718,130.9749969482422
-5.475004577636719,130.92499694824218
-5.425004577636718,130.92499694824218
-5.450004577636719,130.9499969482422
-5.475004577636719,135.57500305175782
-5.425004577636718,135.57500305175782
-5.475004577636719,135.5250030517578
-5.425004577636718,135.5250030517578
-5.450004577636719,135.5500030517578
-5.475004577636719,135.62500610351563
-5.425004577636718,135.62500610351563
-5.475004577636719,135.57500610351562
-5.425004577636718,135.57500610351562
-5.450004577636719,135.60000610351562
-5.475004577636719,135.775
-5.425004577636718,135.775
-5.475004577636719,135.725
-5.425004577636718,135.725
-5.450004577636719,135.75
-5.475004577636719,135.82500305175782
-5.425004577636718,135.82500305175782
-5.475004577636719,135.7750030517578
-5.425004577636718,135.7750030517578
-5.450004577636719,135.8000030517578
-5.475004577636719,135.9749969482422
-5.425004577636718,135.9749969482422
-5.475004577636719,135.92499694824218
-5.425004577636718,135.92499694824218
-5.450004577636719,135.9499969482422
-5.475004577636719,136.025
-5.425004577636718,136.025
-5.475004577636719,135.975
-5.425004577636718,135.975
-5.450004577636719,136.0
-5.475004577636719,136.32500305175782
-5.425004577636718,136.32500305175782
-5.475004577636719,136.2750030517578
-5.425004577636718,136.2750030517578
-5.450004577636719,136.3000030517578
-5.475004577636719,136.4749969482422
-5.425004577636718,136.4749969482422
-5.475004577636719,136.42499694824218
-5.425004577636718,136.42499694824218
-5.450004577636719,136.4499969482422
-5.475004577636719,136.67499389648438
-5.425004577636718,136.67499389648438
-5.475004577636719,136.62499389648437
-5.425004577636718,136.62499389648437
-5.450004577636719,136.64999389648438
-5.475004577636719,136.9749969482422
-5.425004577636718,136.9749969482422
-5.475004577636719,136.92499694824218
-5.425004577636718,136.92499694824218
-5.450004577636719,136.9499969482422
-5.475004577636719,137.025
-5.425004577636718,137.025
-5.475004577636719,136.975
-5.425004577636718,136.975
-5.450004577636719,137.0
-5.525,102.32500305175782
-5.475,102.32500305175782
-5.525,102.2750030517578
-5.475,102.2750030517578
-5.5,102.30000305175781
-5.525,105.9749969482422
-5.475,105.9749969482422
-5.525,105.92499694824218
-5.475,105.92499694824218
-5.5,105.94999694824219
-5.525,118.4749969482422
-5.475,118.4749969482422
-5.525,118.42499694824218
-5.475,118.42499694824218
-5.5,118.44999694824219
-5.525,134.32500305175782
-5.475,134.32500305175782
-5.525,134.2750030517578
-5.475,134.2750030517578
-5.5,134.3000030517578
-5.525,134.9749969482422
-5.475,134.9749969482422
-5.525,134.92499694824218
-5.475,134.92499694824218
-5.5,134.9499969482422
-5.525,135.17499389648438
-5.475,135.17499389648438
-5.525,135.12499389648437
-5.475,135.12499389648437
-5.5,135.14999389648438
-5.525,135.57500305175782
-5.475,135.57500305175782
-5.525,135.5250030517578
-5.475,135.5250030517578
-5.5,135.5500030517578
-5.525,135.87500610351563
-5.475,135.87500610351563
-5.525,135.82500610351562
-5.475,135.82500610351562
-5.5,135.85000610351562
-5.525,135.92499389648438
-5.475,135.92499389648438
-5.525,135.87499389648437
-5.475,135.87499389648437
-5.5,135.89999389648438
-5.525,135.9749969482422
-5.475,135.9749969482422
-5.525,135.92499694824218
-5.475,135.92499694824218
-5.5,135.9499969482422
-5.525,136.12500610351563
-5.475,136.12500610351563
-5.525,136.07500610351562
-5.475,136.07500610351562
-5.5,136.10000610351562
-5.525,136.4749969482422
-5.475,136.4749969482422
-5.525,136.42499694824218
-5.475,136.42499694824218
-5.5,136.4499969482422
-5.525,136.525
-5.475,136.525
-5.525,136.475
-5.475,136.475
-5.5,136.5
-5.525,136.92499389648438
-5.475,136.92499389648438
-5.525,136.87499389648437
-5.475,136.87499389648437
-5.5,136.89999389648438
-5.575003051757813,119.37500610351563
-5.525003051757812,119.37500610351563
-5.575003051757813,119.32500610351562
-5.525003051757812,119.32500610351562
-5.5500030517578125,119.35000610351562
-5.575003051757813,123.525
-5.525003051757812,123.525
-5.575003051757813,123.475
-5.525003051757812,123.475
-5.5500030517578125,123.5
-5.575003051757813,131.9749969482422
-5.525003051757812,131.9749969482422
-5.575003051757813,131.92499694824218
-5.525003051757812,131.92499694824218
-5.5500030517578125,131.9499969482422
-5.575003051757813,135.37500610351563
-5.525003051757812,135.37500610351563
-5.575003051757813,135.32500610351562
-5.525003051757812,135.32500610351562
-5.5500030517578125,135.35000610351562
-5.575003051757813,135.525
-5.525003051757812,135.525
-5.575003051757813,135.475
-5.525003051757812,135.475
-5.5500030517578125,135.5
-5.575003051757813,135.9749969482422
-5.525003051757812,135.9749969482422
-5.575003051757813,135.92499694824218
-5.525003051757812,135.92499694824218
-5.5500030517578125,135.9499969482422
-5.575003051757813,136.42499389648438
-5.525003051757812,136.42499389648438
-5.575003051757813,136.37499389648437
-5.525003051757812,136.37499389648437
-5.5500030517578125,136.39999389648438
-5.575003051757813,136.525
-5.525003051757812,136.525
-5.575003051757813,136.475
-5.525003051757812,136.475
-5.5500030517578125,136.5
-5.575003051757813,136.9749969482422
-5.525003051757812,136.9749969482422
-5.575003051757813,136.92499694824218
-5.525003051757812,136.92499694824218
-5.5500030517578125,136.9499969482422
-5.575003051757813,137.07500305175782
-5.525003051757812,137.07500305175782
-5.575003051757813,137.0250030517578
-5.525003051757812,137.0250030517578
-5.5500030517578125,137.0500030517578
-5.575003051757813,137.17499389648438
-5.525003051757812,137.17499389648438
-5.575003051757813,137.12499389648437
-5.525003051757812,137.12499389648437
-5.5500030517578125,137.14999389648438
-5.624998474121094,104.67500152587891
-5.574998474121093,104.67500152587891
-5.624998474121094,104.6250015258789
-5.574998474121093,104.6250015258789
-5.599998474121094,104.6500015258789
-5.624998474121094,105.92500152587891
-5.574998474121093,105.92500152587891
-5.624998474121094,105.8750015258789
-5.574998474121093,105.8750015258789
-5.599998474121094,105.9000015258789
-5.624998474121094,105.9749969482422
-5.574998474121093,105.9749969482422
-5.624998474121094,105.92499694824218
-5.574998474121093,105.92499694824218
-5.599998474121094,105.94999694824219
-5.624998474121094,120.025
-5.574998474121093,120.025
-5.624998474121094,119.975
-5.574998474121093,119.975
-5.599998474121094,120.0
-5.624998474121094,131.525
-5.574998474121093,131.525
-5.624998474121094,131.475
-5.574998474121093,131.475
-5.599998474121094,131.5
-5.624998474121094,131.92499389648438
-5.574998474121093,131.92499389648438
-5.624998474121094,131.87499389648437
-5.574998474121093,131.87499389648437
-5.599998474121094,131.89999389648438
-5.624998474121094,134.37500610351563
-5.574998474121093,134.37500610351563
-5.624998474121094,134.32500610351562
-5.574998474121093,134.32500610351562
-5.599998474121094,134.35000610351562
-5.624998474121094,135.275
-5.574998474121093,135.275
-5.624998474121094,135.225
-5.574998474121093,135.225
-5.599998474121094,135.25
-5.624998474121094,135.42499389648438
-5.574998474121093,135.42499389648438
-5.624998474121094,135.37499389648437
-5.574998474121093,135.37499389648437
-5.599998474121094,135.39999389648438
-5.624998474121094,135.525
-5.574998474121093,135.525
-5.624998474121094,135.475
-5.574998474121093,135.475
-5.599998474121094,135.5
-5.624998474121094,135.62500610351563
-5.574998474121093,135.62500610351563
-5.624998474121094,135.57500610351562
-5.574998474121093,135.57500610351562
-5.599998474121094,135.60000610351562
-5.624998474121094,135.775
-5.574998474121093,135.775
-5.624998474121094,135.725
-5.574998474121093,135.725
-5.599998474121094,135.75
-5.624998474121094,136.32500305175782
-5.574998474121093,136.32500305175782
-5.624998474121094,136.2750030517578
-5.574998474121093,136.2750030517578
-5.599998474121094,136.3000030517578
-5.624998474121094,136.4749969482422
-5.574998474121093,136.4749969482422
-5.624998474121094,136.42499694824218
-5.574998474121093,136.42499694824218
-5.599998474121094,136.4499969482422
-5.624998474121094,137.025
-5.574998474121093,137.025
-5.624998474121094,136.975
-5.574998474121093,136.975
-5.599998474121094,137.0
-5.675001525878907,105.9749969482422
-5.625001525878906,105.9749969482422
-5.675001525878907,105.92499694824218
-5.625001525878906,105.92499694824218
-5.650001525878906,105.94999694824219
-5.675001525878907,106.57500305175782
-5.625001525878906,106.57500305175782
-5.675001525878907,106.5250030517578
-5.625001525878906,106.5250030517578
-5.650001525878906,106.55000305175781
-5.675001525878907,124.07500305175782
-5.625001525878906,124.07500305175782
-5.675001525878907,124.0250030517578
-5.625001525878906,124.0250030517578
-5.650001525878906,124.05000305175781
-5.675001525878907,132.17499389648438
-5.625001525878906,132.17499389648438
-5.675001525878907,132.12499389648437
-5.625001525878906,132.12499389648437
-5.650001525878906,132.14999389648438
-5.675001525878907,134.025
-5.625001525878906,134.025
-5.675001525878907,133.975
-5.625001525878906,133.975
-5.650001525878906,134.0
-5.675001525878907,135.525
-5.625001525878906,135.525
-5.675001525878907,135.475
-5.625001525878906,135.475
-5.650001525878906,135.5
-5.675001525878907,135.67499389648438
-5.625001525878906,135.67499389648438
-5.675001525878907,135.62499389648437
-5.625001525878906,135.62499389648437
-5.650001525878906,135.64999389648438
-5.675001525878907,135.775
-5.625001525878906,135.775
-5.675001525878907,135.725
-5.625001525878906,135.725
-5.650001525878906,135.75
-5.675001525878907,136.2249969482422
-5.625001525878906,136.2249969482422
-5.675001525878907,136.17499694824218
-5.625001525878906,136.17499694824218
-5.650001525878906,136.1999969482422
-5.675001525878907,136.4749969482422
-5.625001525878906,136.4749969482422
-5.675001525878907,136.42499694824218
-5.625001525878906,136.42499694824218
-5.650001525878906,136.4499969482422
-5.675001525878907,136.87500610351563
-5.625001525878906,136.87500610351563
-5.675001525878907,136.82500610351562
-5.625001525878906,136.82500610351562
-5.650001525878906,136.85000610351562
-5.675001525878907,137.32500305175782
-5.625001525878906,137.32500305175782
-5.675001525878907,137.2750030517578
-5.625001525878906,137.2750030517578
-5.650001525878906,137.3000030517578
-5.725004577636719,105.57500305175782
-5.675004577636718,105.57500305175782
-5.725004577636719,105.5250030517578
-5.675004577636718,105.5250030517578
-5.700004577636719,105.55000305175781
-5.725004577636719,105.9749969482422
-5.675004577636718,105.9749969482422
-5.725004577636719,105.92499694824218
-5.675004577636718,105.92499694824218
-5.700004577636719,105.94999694824219
-5.725004577636719,122.2249969482422
-5.675004577636718,122.2249969482422
-5.725004577636719,122.17499694824218
-5.675004577636718,122.17499694824218
-5.700004577636719,122.19999694824219
-5.725004577636719,134.12500610351563
-5.675004577636718,134.12500610351563
-5.725004577636719,134.07500610351562
-5.675004577636718,134.07500610351562
-5.700004577636719,134.10000610351562
-5.725004577636719,135.07500305175782
-5.675004577636718,135.07500305175782
-5.725004577636719,135.0250030517578
-5.675004577636718,135.0250030517578
-5.700004577636719,135.0500030517578
-5.725004577636719,135.12500610351563
-5.675004577636718,135.12500610351563
-5.725004577636719,135.07500610351562
-5.675004577636718,135.07500610351562
-5.700004577636719,135.10000610351562
-5.725004577636719,135.32500305175782
-5.675004577636718,135.32500305175782
-5.725004577636719,135.2750030517578
-5.675004577636718,135.2750030517578
-5.700004577636719,135.3000030517578
-5.725004577636719,136.57500305175782
-5.675004577636718,136.57500305175782
-5.725004577636719,136.5250030517578
-5.675004577636718,136.5250030517578
-5.700004577636719,136.5500030517578
-5.725004577636719,136.92499389648438
-5.675004577636718,136.92499389648438
-5.725004577636719,136.87499389648437
-5.675004577636718,136.87499389648437
-5.700004577636719,136.89999389648438
-5.725004577636719,137.275
-5.675004577636718,137.275
-5.725004577636719,137.225
-5.675004577636718,137.225
-5.700004577636719,137.25
-5.775,105.42500152587891
-5.725,105.42500152587891
-5.775,105.3750015258789
-5.725,105.3750015258789
-5.75,105.4000015258789
-5.775,105.4749969482422
-5.725,105.4749969482422
-5.775,105.42499694824218
-5.725,105.42499694824218
-5.75,105.44999694824219
-5.775,105.525
-5.725,105.525
-5.775,105.475
-5.725,105.475
-5.75,105.5
-5.775,105.92500152587891
-5.725,105.92500152587891
-5.775,105.8750015258789
-5.725,105.8750015258789
-5.75,105.9000015258789
-5.775,105.9749969482422
-5.725,105.9749969482422
-5.775,105.92499694824218
-5.725,105.92499694824218
-5.75,105.94999694824219
-5.775,106.6249984741211
-5.725,106.6249984741211
-5.775,106.57499847412109
-5.725,106.57499847412109
-5.75,106.5999984741211
-5.775,110.275
-5.725,110.275
-5.775,110.225
-5.725,110.225
-5.75,110.25
-5.775,132.57500305175782
-5.725,132.57500305175782
-5.775,132.5250030517578
-5.725,132.5250030517578
-5.75,132.5500030517578
-5.775,132.62500610351563
-5.725,132.62500610351563
-5.775,132.57500610351562
-5.725,132.57500610351562
-5.75,132.60000610351562
-5.775,135.4749969482422
-5.725,135.4749969482422
-5.775,135.42499694824218
-5.725,135.42499694824218
-5.75,135.4499969482422
-5.775,135.92499389648438
-5.725,135.92499389648438
-5.775,135.87499389648437
-5.725,135.87499389648437
-5.75,135.89999389648438
-5.775,136.275
-5.725,136.275
-5.775,136.225
-5.725,136.225
-5.75,136.25
-5.775,136.7249969482422
-5.725,136.7249969482422
-5.775,136.67499694824218
-5.725,136.67499694824218
-5.75,136.6999969482422
-5.775,136.87500610351563
-5.725,136.87500610351563
-5.775,136.82500610351562
-5.725,136.82500610351562
-5.75,136.85000610351562
-5.775,136.92499389648438
-5.725,136.92499389648438
-5.775,136.87499389648437
-5.725,136.87499389648437
-5.75,136.89999389648438
-5.775,137.07500305175782
-5.725,137.07500305175782
-5.775,137.0250030517578
-5.725,137.0250030517578
-5.75,137.0500030517578
-5.775,137.2249969482422
-5.725,137.2249969482422
-5.775,137.17499694824218
-5.725,137.17499694824218
-5.75,137.1999969482422
-5.775,137.37500610351563
-5.725,137.37500610351563
-5.775,137.32500610351562
-5.725,137.32500610351562
-5.75,137.35000610351562
-5.775,137.42499389648438
-5.725,137.42499389648438
-5.775,137.37499389648437
-5.725,137.37499389648437
-5.75,137.39999389648438
-5.825003051757813,100.92500152587891
-5.775003051757812,100.92500152587891
-5.825003051757813,100.8750015258789
-5.775003051757812,100.8750015258789
-5.8000030517578125,100.9000015258789
-5.825003051757813,105.42500152587891
-5.775003051757812,105.42500152587891
-5.825003051757813,105.3750015258789
-5.775003051757812,105.3750015258789
-5.8000030517578125,105.4000015258789
-5.825003051757813,105.4749969482422
-5.775003051757812,105.4749969482422
-5.825003051757813,105.42499694824218
-5.775003051757812,105.42499694824218
-5.8000030517578125,105.44999694824219
-5.825003051757813,105.525
-5.775003051757812,105.525
-5.825003051757813,105.475
-5.775003051757812,105.475
-5.8000030517578125,105.5
-5.825003051757813,105.57500305175782
-5.775003051757812,105.57500305175782
-5.825003051757813,105.5250030517578
-5.775003051757812,105.5250030517578
-5.8000030517578125,105.55000305175781
-5.825003051757813,105.8749984741211
-5.775003051757812,105.8749984741211
-5.825003051757813,105.82499847412109
-5.775003051757812,105.82499847412109
-5.8000030517578125,105.8499984741211
-5.825003051757813,105.92500152587891
-5.775003051757812,105.92500152587891
-5.825003051757813,105.8750015258789
-5.775003051757812,105.8750015258789
-5.8000030517578125,105.9000015258789
-5.825003051757813,106.07500305175782
-5.775003051757812,106.07500305175782
-5.825003051757813,106.0250030517578
-5.775003051757812,106.0250030517578
-5.8000030517578125,106.05000305175781
-5.825003051757813,106.1249984741211
-5.775003051757812,106.1249984741211
-5.825003051757813,106.07499847412109
-5.775003051757812,106.07499847412109
-5.8000030517578125,106.0999984741211
-5.825003051757813,110.3749984741211
-5.775003051757812,110.3749984741211
-5.825003051757813,110.32499847412109
-5.775003051757812,110.32499847412109
-5.8000030517578125,110.3499984741211
-5.825003051757813,132.57500305175782
-5.775003051757812,132.57500305175782
-5.825003051757813,132.5250030517578
-5.775003051757812,132.5250030517578
-5.8000030517578125,132.5500030517578
-5.825003051757813,134.025
-5.775003051757812,134.025
-5.825003051757813,133.975
-5.775003051757812,133.975
-5.8000030517578125,134.0
-5.825003051757813,134.12500610351563
-5.775003051757812,134.12500610351563
-5.825003051757813,134.07500610351562
-5.775003051757812,134.07500610351562
-5.8000030517578125,134.10000610351562
-5.825003051757813,136.07500305175782
-5.775003051757812,136.07500305175782
-5.825003051757813,136.0250030517578
-5.775003051757812,136.0250030517578
-5.8000030517578125,136.0500030517578
-5.825003051757813,136.275
-5.775003051757812,136.275
-5.825003051757813,136.225
-5.775003051757812,136.225
-5.8000030517578125,136.25
-5.825003051757813,136.42499389648438
-5.775003051757812,136.42499389648438
-5.825003051757813,136.37499389648437
-5.775003051757812,136.37499389648437
-5.8000030517578125,136.39999389648438
-5.825003051757813,136.775
-5.775003051757812,136.775
-5.825003051757813,136.725
-5.775003051757812,136.725
-5.8000030517578125,136.75
-5.825003051757813,137.025
-5.775003051757812,137.025
-5.825003051757813,136.975
-5.775003051757812,136.975
-5.8000030517578125,137.0
-5.825003051757813,137.07500305175782
-5.775003051757812,137.07500305175782
-5.825003051757813,137.0250030517578
-5.775003051757812,137.0250030517578
-5.8000030517578125,137.0500030517578
-5.874998474121094,105.42500152587891
-5.824998474121093,105.42500152587891
-5.874998474121094,105.3750015258789
-5.824998474121093,105.3750015258789
-5.849998474121094,105.4000015258789
-5.874998474121094,105.4749969482422
-5.824998474121093,105.4749969482422
-5.874998474121094,105.42499694824218
-5.824998474121093,105.42499694824218
-5.849998474121094,105.44999694824219
-5.874998474121094,105.82500305175782
-5.824998474121093,105.82500305175782
-5.874998474121094,105.7750030517578
-5.824998474121093,105.7750030517578
-5.849998474121094,105.80000305175781
-5.874998474121094,105.92500152587891
-5.824998474121093,105.92500152587891
-5.874998474121094,105.8750015258789
-5.824998474121093,105.8750015258789
-5.849998474121094,105.9000015258789
-5.874998474121094,106.025
-5.824998474121093,106.025
-5.874998474121094,105.975
-5.824998474121093,105.975
-5.849998474121094,106.0
-5.874998474121094,106.07500305175782
-5.824998474121093,106.07500305175782
-5.874998474121094,106.0250030517578
-5.824998474121093,106.0250030517578
-5.849998474121094,106.05000305175781
-5.874998474121094,106.1249984741211
-5.824998474121093,106.1249984741211
-5.874998474121094,106.07499847412109
-5.824998474121093,106.07499847412109
-5.849998474121094,106.0999984741211
-5.874998474121094,106.17500152587891
-5.824998474121093,106.17500152587891
-5.874998474121094,106.1250015258789
-5.824998474121093,106.1250015258789
-5.849998474121094,106.1500015258789
-5.874998474121094,106.32500305175782
-5.824998474121093,106.32500305175782
-5.874998474121094,106.2750030517578
-5.824998474121093,106.2750030517578
-5.849998474121094,106.30000305175781
-5.874998474121094,106.42500152587891
-5.824998474121093,106.42500152587891
-5.874998474121094,106.3750015258789
-5.824998474121093,106.3750015258789
-5.849998474121094,106.4000015258789
-5.874998474121094,106.4749969482422
-5.824998474121093,106.4749969482422
-5.874998474121094,106.42499694824218
-5.824998474121093,106.42499694824218
-5.849998474121094,106.44999694824219
-5.874998474121094,106.525
-5.824998474121093,106.525
-5.874998474121094,106.475
-5.824998474121093,106.475
-5.849998474121094,106.5
-5.874998474121094,107.07500305175782
-5.824998474121093,107.07500305175782
-5.874998474121094,107.0250030517578
-5.824998474121093,107.0250030517578
-5.849998474121094,107.05000305175781
-5.874998474121094,132.4749969482422
-5.824998474121093,132.4749969482422
-5.874998474121094,132.42499694824218
-5.824998474121093,132.42499694824218
-5.849998474121094,132.4499969482422
-5.874998474121094,132.57500305175782
-5.824998474121093,132.57500305175782
-5.874998474121094,132.5250030517578
-5.824998474121093,132.5250030517578
-5.849998474121094,132.5500030517578
-5.874998474121094,134.2249969482422
-5.824998474121093,134.2249969482422
-5.874998474121094,134.17499694824218
-5.824998474121093,134.17499694824218
-5.849998474121094,134.1999969482422
-5.874998474121094,135.17499389648438
-5.824998474121093,135.17499389648438
-5.874998474121094,135.12499389648437
-5.824998474121093,135.12499389648437
-5.849998474121094,135.14999389648438
-5.874998474121094,135.82500305175782
-5.824998474121093,135.82500305175782
-5.874998474121094,135.7750030517578
-5.824998474121093,135.7750030517578
-5.849998474121094,135.8000030517578
-5.874998474121094,135.87500610351563
-5.824998474121093,135.87500610351563
-5.874998474121094,135.82500610351562
-5.824998474121093,135.82500610351562
-5.849998474121094,135.85000610351562
-5.874998474121094,135.9749969482422
-5.824998474121093,135.9749969482422
-5.874998474121094,135.92499694824218
-5.824998474121093,135.92499694824218
-5.849998474121094,135.9499969482422
-5.874998474121094,136.275
-5.824998474121093,136.275
-5.874998474121094,136.225
-5.824998474121093,136.225
-5.849998474121094,136.25
-5.874998474121094,136.32500305175782
-5.824998474121093,136.32500305175782
-5.874998474121094,136.2750030517578
-5.824998474121093,136.2750030517578
-5.849998474121094,136.3000030517578
-5.874998474121094,136.37500610351563
-5.824998474121093,136.37500610351563
-5.874998474121094,136.32500610351562
-5.824998474121093,136.32500610351562
-5.849998474121094,136.35000610351562
-5.874998474121094,136.4749969482422
-5.824998474121093,136.4749969482422
-5.874998474121094,136.42499694824218
-5.824998474121093,136.42499694824218
-5.849998474121094,136.4499969482422
-5.874998474121094,136.7249969482422
-5.824998474121093,136.7249969482422
-5.874998474121094,136.67499694824218
-5.824998474121093,136.67499694824218
-5.849998474121094,136.6999969482422
-5.874998474121094,136.9749969482422
-5.824998474121093,136.9749969482422
-5.874998474121094,136.92499694824218
-5.824998474121093,136.92499694824218
-5.849998474121094,136.9499969482422
-5.874998474121094,137.07500305175782
-5.824998474121093,137.07500305175782
-5.874998474121094,137.0250030517578
-5.824998474121093,137.0250030517578
-5.849998474121094,137.0500030517578
-5.874998474121094,137.12500610351563
-5.824998474121093,137.12500610351563
-5.874998474121094,137.07500610351562
-5.824998474121093,137.07500610351562
-5.849998474121094,137.10000610351562
-5.874998474121094,137.2249969482422
-5.824998474121093,137.2249969482422
-5.874998474121094,137.17499694824218
-5.824998474121093,137.17499694824218
-5.849998474121094,137.1999969482422
-5.925001525878907,105.275
-5.875001525878906,105.275
-5.925001525878907,105.225
-5.875001525878906,105.225
-5.900001525878906,105.25
-5.925001525878907,105.32500305175782
-5.875001525878906,105.32500305175782
-5.925001525878907,105.2750030517578
-5.875001525878906,105.2750030517578
-5.900001525878906,105.30000305175781
-5.925001525878907,105.3749984741211
-5.875001525878906,105.3749984741211
-5.925001525878907,105.32499847412109
-5.875001525878906,105.32499847412109
-5.900001525878906,105.3499984741211
-5.925001525878907,105.42500152587891
-5.875001525878906,105.42500152587891
-5.925001525878907,105.3750015258789
-5.875001525878906,105.3750015258789
-5.900001525878906,105.4000015258789
-5.925001525878907,105.4749969482422
-5.875001525878906,105.4749969482422
-5.925001525878907,105.42499694824218
-5.875001525878906,105.42499694824218
-5.900001525878906,105.44999694824219
-5.925001525878907,105.92500152587891
-5.875001525878906,105.92500152587891
-5.925001525878907,105.8750015258789
-5.875001525878906,105.8750015258789
-5.900001525878906,105.9000015258789
-5.925001525878907,105.9749969482422
-5.875001525878906,105.9749969482422
-5.925001525878907,105.92499694824218
-5.875001525878906,105.92499694824218
-5.900001525878906,105.94999694824219
-5.925001525878907,107.2249969482422
-5.875001525878906,107.2249969482422
-5.925001525878907,107.17499694824218
-5.875001525878906,107.17499694824218
-5.900001525878906,107.19999694824219
-5.925001525878907,123.775
-5.875001525878906,123.775
-5.925001525878907,123.725
-5.875001525878906,123.725
-5.900001525878906,123.75
-5.925001525878907,132.42499389648438
-5.875001525878906,132.42499389648438
-5.925001525878907,132.37499389648437
-5.875001525878906,132.37499389648437
-5.900001525878906,132.39999389648438
-5.925001525878907,132.62500610351563
-5.875001525878906,132.62500610351563
-5.925001525878907,132.57500610351562
-5.875001525878906,132.57500610351562
-5.900001525878906,132.60000610351562
-5.925001525878907,134.025
-5.875001525878906,134.025
-5.925001525878907,133.975
-5.875001525878906,133.975
-5.900001525878906,134.0
-5.925001525878907,134.12500610351563
-5.875001525878906,134.12500610351563
-5.925001525878907,134.07500610351562
-5.875001525878906,134.07500610351562
-5.900001525878906,134.10000610351562
-5.925001525878907,134.2249969482422
-5.875001525878906,134.2249969482422
-5.925001525878907,134.17499694824218
-5.875001525878906,134.17499694824218
-5.900001525878906,134.1999969482422
-5.925001525878907,135.4749969482422
-5.875001525878906,135.4749969482422
-5.925001525878907,135.42499694824218
-5.875001525878906,135.42499694824218
-5.900001525878906,135.4499969482422
-5.925001525878907,135.7249969482422
-5.875001525878906,135.7249969482422
-5.925001525878907,135.67499694824218
-5.875001525878906,135.67499694824218
-5.900001525878906,135.6999969482422
-5.925001525878907,135.775
-5.875001525878906,135.775
-5.925001525878907,135.725
-5.875001525878906,135.725
-5.900001525878906,135.75
-5.925001525878907,135.87500610351563
-5.875001525878906,135.87500610351563
-5.925001525878907,135.82500610351562
-5.875001525878906,135.82500610351562
-5.900001525878906,135.85000610351562
-5.925001525878907,135.9749969482422
-5.875001525878906,135.9749969482422
-5.925001525878907,135.92499694824218
-5.875001525878906,135.92499694824218
-5.900001525878906,135.9499969482422
-5.925001525878907,136.025
-5.875001525878906,136.025
-5.925001525878907,135.975
-5.875001525878906,135.975
-5.900001525878906,136.0
-5.925001525878907,136.07500305175782
-5.875001525878906,136.07500305175782
-5.925001525878907,136.0250030517578
-5.875001525878906,136.0250030517578
-5.900001525878906,136.0500030517578
-5.925001525878907,136.12500610351563
-5.875001525878906,136.12500610351563
-5.925001525878907,136.07500610351562
-5.875001525878906,136.07500610351562
-5.900001525878906,136.10000610351562
-5.925001525878907,136.275
-5.875001525878906,136.275
-5.925001525878907,136.225
-5.875001525878906,136.225
-5.900001525878906,136.25
-5.925001525878907,136.32500305175782
-5.875001525878906,136.32500305175782
-5.925001525878907,136.2750030517578
-5.875001525878906,136.2750030517578
-5.900001525878906,136.3000030517578
-5.925001525878907,136.37500610351563
-5.875001525878906,136.37500610351563
-5.925001525878907,136.32500610351562
-5.875001525878906,136.32500610351562
-5.900001525878906,136.35000610351562
-5.925001525878907,136.42499389648438
-5.875001525878906,136.42499389648438
-5.925001525878907,136.37499389648437
-5.875001525878906,136.37499389648437
-5.900001525878906,136.39999389648438
-5.925001525878907,136.775
-5.875001525878906,136.775
-5.925001525878907,136.725
-5.875001525878906,136.725
-5.900001525878906,136.75
-5.925001525878907,136.82500305175782
-5.875001525878906,136.82500305175782
-5.925001525878907,136.7750030517578
-5.875001525878906,136.7750030517578
-5.900001525878906,136.8000030517578
-5.925001525878907,137.025
-5.875001525878906,137.025
-5.925001525878907,136.975
-5.875001525878906,136.975
-5.900001525878906,137.0
-5.975004577636719,105.275
-5.925004577636718,105.275
-5.975004577636719,105.225
-5.925004577636718,105.225
-5.950004577636719,105.25
-5.975004577636719,105.32500305175782
-5.925004577636718,105.32500305175782
-5.975004577636719,105.2750030517578
-5.925004577636718,105.2750030517578
-5.950004577636719,105.30000305175781
-5.975004577636719,105.3749984741211
-5.925004577636718,105.3749984741211
-5.975004577636719,105.32499847412109
-5.925004577636718,105.32499847412109
-5.950004577636719,105.3499984741211
-5.975004577636719,105.42500152587891
-5.925004577636718,105.42500152587891
-5.975004577636719,105.3750015258789
-5.925004577636718,105.3750015258789
-5.950004577636719,105.4000015258789
-5.975004577636719,106.7249969482422
-5.925004577636718,106.7249969482422
-5.975004577636719,106.67499694824218
-5.925004577636718,106.67499694824218
-5.950004577636719,106.69999694824219
-5.975004577636719,106.775
-5.925004577636718,106.775
-5.975004577636719,106.725
-5.925004577636718,106.725
-5.950004577636719,106.75
-5.975004577636719,106.82500305175782
-5.925004577636718,106.82500305175782
-5.975004577636719,106.7750030517578
-5.925004577636718,106.7750030517578
-5.950004577636719,106.80000305175781
-5.975004577636719,107.42500152587891
-5.925004577636718,107.42500152587891
-5.975004577636719,107.3750015258789
-5.925004577636718,107.3750015258789
-5.950004577636719,107.4000015258789
-5.975004577636719,107.4749969482422
-5.925004577636718,107.4749969482422
-5.975004577636719,107.42499694824218
-5.925004577636718,107.42499694824218
-5.950004577636719,107.44999694824219
-5.975004577636719,132.37500610351563
-5.925004577636718,132.37500610351563
-5.975004577636719,132.32500610351562
-5.925004577636718,132.32500610351562
-5.950004577636719,132.35000610351562
-5.975004577636719,132.42499389648438
-5.925004577636718,132.42499389648438
-5.975004577636719,132.37499389648437
-5.925004577636718,132.37499389648437
-5.950004577636719,132.39999389648438
-5.975004577636719,132.67499389648438
-5.925004577636718,132.67499389648438
-5.975004577636719,132.62499389648437
-5.925004577636718,132.62499389648437
-5.950004577636719,132.64999389648438
-5.975004577636719,134.2249969482422
-5.925004577636718,134.2249969482422
-5.975004577636719,134.17499694824218
-5.925004577636718,134.17499694824218
-5.950004577636719,134.1999969482422
-5.975004577636719,135.17499389648438
-5.925004577636718,135.17499389648438
-5.975004577636719,135.12499389648437
-5.925004577636718,135.12499389648437
-5.950004577636719,135.14999389648438
-5.975004577636719,135.525
-5.925004577636718,135.525
-5.975004577636719,135.475
-5.925004577636718,135.475
-5.950004577636719,135.5
-5.975004577636719,135.67499389648438
-5.925004577636718,135.67499389648438
-5.975004577636719,135.62499389648437
-5.925004577636718,135.62499389648437
-5.950004577636719,135.64999389648438
-5.975004577636719,135.87500610351563
-5.925004577636718,135.87500610351563
-5.975004577636719,135.82500610351562
-5.925004577636718,135.82500610351562
-5.950004577636719,135.85000610351562
-5.975004577636719,135.9749969482422
-5.925004577636718,135.9749969482422
-5.975004577636719,135.92499694824218
-5.925004577636718,135.92499694824218
-5.950004577636719,135.9499969482422
-5.975004577636719,136.07500305175782
-5.925004577636718,136.07500305175782
-5.975004577636719,136.0250030517578
-5.925004577636718,136.0250030517578
-5.950004577636719,136.0500030517578
-5.975004577636719,136.32500305175782
-5.925004577636718,136.32500305175782
-5.975004577636719,136.2750030517578
-5.925004577636718,136.2750030517578
-5.950004577636719,136.3000030517578
-5.975004577636719,136.37500610351563
-5.925004577636718,136.37500610351563
-5.975004577636719,136.32500610351562
-5.925004577636718,136.32500610351562
-5.950004577636719,136.35000610351562
-5.975004577636719,136.67499389648438
-5.925004577636718,136.67499389648438
-5.975004577636719,136.62499389648437
-5.925004577636718,136.62499389648437
-5.950004577636719,136.64999389648438
-5.975004577636719,136.7249969482422
-5.925004577636718,136.7249969482422
-5.975004577636719,136.67499694824218
-5.925004577636718,136.67499694824218
-5.950004577636719,136.6999969482422
-5.975004577636719,136.775
-5.925004577636718,136.775
-5.975004577636719,136.725
-5.925004577636718,136.725
-5.950004577636719,136.75
-5.975004577636719,136.82500305175782
-5.925004577636718,136.82500305175782
-5.975004577636719,136.7750030517578
-5.925004577636718,136.7750030517578
-5.950004577636719,136.8000030517578
-5.975004577636719,136.92499389648438
-5.925004577636718,136.92499389648438
-5.975004577636719,136.87499389648437
-5.925004577636718,136.87499389648437
-5.950004577636719,136.89999389648438
-6.025,105.1249984741211
-5.975,105.1249984741211
-6.025,105.07499847412109
-5.975,105.07499847412109
-6.0,105.0999984741211
-6.025,105.17500152587891
-5.975,105.17500152587891
-6.025,105.1250015258789
-5.975,105.1250015258789
-6.0,105.1500015258789
-6.025,105.2249969482422
-5.975,105.2249969482422
-6.025,105.17499694824218
-5.975,105.17499694824218
-6.0,105.19999694824219
-6.025,105.275
-5.975,105.275
-6.025,105.225
-5.975,105.225
-6.0,105.25
-6.025,105.32500305175782
-5.975,105.32500305175782
-6.025,105.2750030517578
-5.975,105.2750030517578
-6.0,105.30000305175781
-6.025,105.9749969482422
-5.975,105.9749969482422
-6.025,105.92499694824218
-5.975,105.92499694824218
-6.0,105.94999694824219
-6.025,106.8749984741211
-5.975,106.8749984741211
-6.025,106.82499847412109
-5.975,106.82499847412109
-6.0,106.8499984741211
-6.025,106.92500152587891
-5.975,106.92500152587891
-6.025,106.8750015258789
-5.975,106.8750015258789
-6.0,106.9000015258789
-6.025,132.275
-5.975,132.275
-6.025,132.225
-5.975,132.225
-6.0,132.25
-6.025,132.32500305175782
-5.975,132.32500305175782
-6.025,132.2750030517578
-5.975,132.2750030517578
-6.0,132.3000030517578
-6.025,132.37500610351563
-5.975,132.37500610351563
-6.025,132.32500610351562
-5.975,132.32500610351562
-6.0,132.35000610351562
-6.025,135.2249969482422
-5.975,135.2249969482422
-6.025,135.17499694824218
-5.975,135.17499694824218
-6.0,135.1999969482422
-6.025,135.525
-5.975,135.525
-6.025,135.475
-5.975,135.475
-6.0,135.5
-6.025,135.7249969482422
-5.975,135.7249969482422
-6.025,135.67499694824218
-5.975,135.67499694824218
-6.0,135.6999969482422
-6.025,136.17499389648438
-5.975,136.17499389648438
-6.025,136.12499389648437
-5.975,136.12499389648437
-6.0,136.14999389648438
-6.025,136.37500610351563
-5.975,136.37500610351563
-6.025,136.32500610351562
-5.975,136.32500610351562
-6.0,136.35000610351562
-6.025,136.42499389648438
-5.975,136.42499389648438
-6.025,136.37499389648437
-5.975,136.37499389648437
-6.0,136.39999389648438
-6.025,136.67499389648438
-5.975,136.67499389648438
-6.025,136.62499389648437
-5.975,136.62499389648437
-6.0,136.64999389648438
-6.025,136.7249969482422
-5.975,136.7249969482422
-6.025,136.67499694824218
-5.975,136.67499694824218
-6.0,136.6999969482422
-6.025,136.87500610351563
-5.975,136.87500610351563
-6.025,136.82500610351562
-5.975,136.82500610351562
-6.0,136.85000610351562
-6.025,136.92499389648438
-5.975,136.92499389648438
-6.025,136.87499389648437
-5.975,136.87499389648437
-6.0,136.89999389648438
-6.075003051757813,104.9749969482422
-6.025003051757812,104.9749969482422
-6.075003051757813,104.92499694824218
-6.025003051757812,104.92499694824218
-6.0500030517578125,104.94999694824219
-6.075003051757813,105.17500152587891
-6.025003051757812,105.17500152587891
-6.075003051757813,105.1250015258789
-6.025003051757812,105.1250015258789
-6.0500030517578125,105.1500015258789
-6.075003051757813,105.2249969482422
-6.025003051757812,105.2249969482422
-6.075003051757813,105.17499694824218
-6.025003051757812,105.17499694824218
-6.0500030517578125,105.19999694824219
-6.075003051757813,105.275
-6.025003051757812,105.275
-6.075003051757813,105.225
-6.025003051757812,105.225
-6.0500030517578125,105.25
-6.075003051757813,105.32500305175782
-6.025003051757812,105.32500305175782
-6.075003051757813,105.2750030517578
-6.025003051757812,105.2750030517578
-6.0500030517578125,105.30000305175781
-6.075003051757813,105.3749984741211
-6.025003051757812,105.3749984741211
-6.075003051757813,105.32499847412109
-6.025003051757812,105.32499847412109
-6.0500030517578125,105.3499984741211
-6.075003051757813,106.92500152587891
-6.025003051757812,106.92500152587891
-6.075003051757813,106.8750015258789
-6.025003051757812,106.8750015258789
-6.0500030517578125,106.9000015258789
-6.075003051757813,132.2249969482422
-6.025003051757812,132.2249969482422
-6.075003051757813,132.17499694824218
-6.025003051757812,132.17499694824218
-6.0500030517578125,132.1999969482422
-6.075003051757813,132.275
-6.025003051757812,132.275
-6.075003051757813,132.225
-6.025003051757812,132.225
-6.0500030517578125,132.25
-6.075003051757813,132.32500305175782
-6.025003051757812,132.32500305175782
-6.075003051757813,132.2750030517578
-6.025003051757812,132.2750030517578
-6.0500030517578125,132.3000030517578
-6.075003051757813,133.82500305175782
-6.025003051757812,133.82500305175782
-6.075003051757813,133.7750030517578
-6.025003051757812,133.7750030517578
-6.0500030517578125,133.8000030517578
-6.075003051757813,136.07500305175782
-6.025003051757812,136.07500305175782
-6.075003051757813,136.0250030517578
-6.025003051757812,136.0250030517578
-6.0500030517578125,136.0500030517578
-6.075003051757813,136.12500610351563
-6.025003051757812,136.12500610351563
-6.075003051757813,136.07500610351562
-6.025003051757812,136.07500610351562
-6.0500030517578125,136.10000610351562
-6.075003051757813,136.17499389648438
-6.025003051757812,136.17499389648438
-6.075003051757813,136.12499389648437
-6.025003051757812,136.12499389648437
-6.0500030517578125,136.14999389648438
-6.075003051757813,136.275
-6.025003051757812,136.275
-6.075003051757813,136.225
-6.025003051757812,136.225
-6.0500030517578125,136.25
-6.075003051757813,136.87500610351563
-6.025003051757812,136.87500610351563
-6.075003051757813,136.82500610351562
-6.025003051757812,136.82500610351562
-6.0500030517578125,136.85000610351562
-6.075003051757813,136.92499389648438
-6.025003051757812,136.92499389648438
-6.075003051757813,136.87499389648437
-6.025003051757812,136.87499389648437
-6.0500030517578125,136.89999389648438
-6.075003051757813,137.025
-6.025003051757812,137.025
-6.075003051757813,136.975
-6.025003051757812,136.975
-6.0500030517578125,137.0
-6.075003051757813,137.07500305175782
-6.025003051757812,137.07500305175782
-6.075003051757813,137.0250030517578
-6.025003051757812,137.0250030517578
-6.0500030517578125,137.0500030517578
-6.075003051757813,137.12500610351563
-6.025003051757812,137.12500610351563
-6.075003051757813,137.07500610351562
-6.025003051757812,137.07500610351562
-6.0500030517578125,137.10000610351562
-6.075003051757813,137.17499389648438
-6.025003051757812,137.17499389648438
-6.075003051757813,137.12499389648437
-6.025003051757812,137.12499389648437
-6.0500030517578125,137.14999389648438
-6.075003051757813,137.2249969482422
-6.025003051757812,137.2249969482422
-6.075003051757813,137.17499694824218
-6.025003051757812,137.17499694824218
-6.0500030517578125,137.1999969482422
-6.124998474121094,104.92500152587891
-6.074998474121093,104.92500152587891
-6.124998474121094,104.8750015258789
-6.074998474121093,104.8750015258789
-6.099998474121094,104.9000015258789
-6.124998474121094,105.07500305175782
-6.074998474121093,105.07500305175782
-6.124998474121094,105.0250030517578
-6.074998474121093,105.0250030517578
-6.099998474121094,105.05000305175781
-6.124998474121094,105.1249984741211
-6.074998474121093,105.1249984741211
-6.124998474121094,105.07499847412109
-6.074998474121093,105.07499847412109
-6.099998474121094,105.0999984741211
-6.124998474121094,105.2249969482422
-6.074998474121093,105.2249969482422
-6.124998474121094,105.17499694824218
-6.074998474121093,105.17499694824218
-6.099998474121094,105.19999694824219
-6.124998474121094,105.275
-6.074998474121093,105.275
-6.124998474121094,105.225
-6.074998474121093,105.225
-6.099998474121094,105.25
-6.124998474121094,105.32500305175782
-6.074998474121093,105.32500305175782
-6.124998474121094,105.2750030517578
-6.074998474121093,105.2750030517578
-6.099998474121094,105.30000305175781
-6.124998474121094,105.3749984741211
-6.074998474121093,105.3749984741211
-6.124998474121094,105.32499847412109
-6.074998474121093,105.32499847412109
-6.099998474121094,105.3499984741211
-6.124998474121094,105.42500152587891
-6.074998474121093,105.42500152587891
-6.124998474121094,105.3750015258789
-6.074998474121093,105.3750015258789
-6.099998474121094,105.4000015258789
-6.124998474121094,105.8749984741211
-6.074998474121093,105.8749984741211
-6.124998474121094,105.82499847412109
-6.074998474121093,105.82499847412109
-6.099998474121094,105.8499984741211
-6.124998474121094,106.8749984741211
-6.074998474121093,106.8749984741211
-6.124998474121094,106.82499847412109
-6.074998474121093,106.82499847412109
-6.099998474121094,106.8499984741211
-6.124998474121094,107.6249984741211
-6.074998474121093,107.6249984741211
-6.124998474121094,107.57499847412109
-6.074998474121093,107.57499847412109
-6.099998474121094,107.5999984741211
-6.124998474121094,107.67500152587891
-6.074998474121093,107.67500152587891
-6.124998474121094,107.6250015258789
-6.074998474121093,107.6250015258789
-6.099998474121094,107.6500015258789
-6.124998474121094,107.7249969482422
-6.074998474121093,107.7249969482422
-6.124998474121094,107.67499694824218
-6.074998474121093,107.67499694824218
-6.099998474121094,107.69999694824219
-6.124998474121094,107.775
-6.074998474121093,107.775
-6.124998474121094,107.725
-6.074998474121093,107.725
-6.099998474121094,107.75
-6.124998474121094,107.82500305175782
-6.074998474121093,107.82500305175782
-6.124998474121094,107.7750030517578
-6.074998474121093,107.7750030517578
-6.099998474121094,107.80000305175781
-6.124998474121094,107.92500152587891
-6.074998474121093,107.92500152587891
-6.124998474121094,107.8750015258789
-6.074998474121093,107.8750015258789
-6.099998474121094,107.9000015258789
-6.124998474121094,107.9749969482422
-6.074998474121093,107.9749969482422
-6.124998474121094,107.92499694824218
-6.074998474121093,107.92499694824218
-6.099998474121094,107.94999694824219
-6.124998474121094,124.62500610351563
-6.074998474121093,124.62500610351563
-6.124998474121094,124.57500610351562
-6.074998474121093,124.57500610351562
-6.099998474121094,124.60000610351562
-6.124998474121094,132.17499389648438
-6.074998474121093,132.17499389648438
-6.124998474121094,132.12499389648437
-6.074998474121093,132.12499389648437
-6.099998474121094,132.14999389648438
-6.124998474121094,132.2249969482422
-6.074998474121093,132.2249969482422
-6.124998474121094,132.17499694824218
-6.074998474121093,132.17499694824218
-6.099998474121094,132.1999969482422
-6.124998474121094,132.275
-6.074998474121093,132.275
-6.124998474121094,132.225
-6.074998474121093,132.225
-6.099998474121094,132.25
-6.124998474121094,135.775
-6.074998474121093,135.775
-6.124998474121094,135.725
-6.074998474121093,135.725
-6.099998474121094,135.75
-6.124998474121094,135.82500305175782
-6.074998474121093,135.82500305175782
-6.124998474121094,135.7750030517578
-6.074998474121093,135.7750030517578
-6.099998474121094,135.8000030517578
-6.124998474121094,135.87500610351563
-6.074998474121093,135.87500610351563
-6.124998474121094,135.82500610351562
-6.074998474121093,135.82500610351562
-6.099998474121094,135.85000610351562
-6.124998474121094,136.025
-6.074998474121093,136.025
-6.124998474121094,135.975
-6.074998474121093,135.975
-6.099998474121094,136.0
-6.124998474121094,136.07500305175782
-6.074998474121093,136.07500305175782
-6.124998474121094,136.0250030517578
-6.074998474121093,136.0250030517578
-6.099998474121094,136.0500030517578
-6.124998474121094,136.275
-6.074998474121093,136.275
-6.124998474121094,136.225
-6.074998474121093,136.225
-6.099998474121094,136.25
-6.124998474121094,136.4749969482422
-6.074998474121093,136.4749969482422
-6.124998474121094,136.42499694824218
-6.074998474121093,136.42499694824218
-6.099998474121094,136.4499969482422
-6.124998474121094,136.57500305175782
-6.074998474121093,136.57500305175782
-6.124998474121094,136.5250030517578
-6.074998474121093,136.5250030517578
-6.099998474121094,136.5500030517578
-6.124998474121094,136.62500610351563
-6.074998474121093,136.62500610351563
-6.124998474121094,136.57500610351562
-6.074998474121093,136.57500610351562
-6.099998474121094,136.60000610351562
-6.124998474121094,136.7249969482422
-6.074998474121093,136.7249969482422
-6.124998474121094,136.67499694824218
-6.074998474121093,136.67499694824218
-6.099998474121094,136.6999969482422
-6.124998474121094,136.775
-6.074998474121093,136.775
-6.124998474121094,136.725
-6.074998474121093,136.725
-6.099998474121094,136.75
-6.124998474121094,136.82500305175782
-6.074998474121093,136.82500305175782
-6.124998474121094,136.7750030517578
-6.074998474121093,136.7750030517578
-6.099998474121094,136.8000030517578
-6.124998474121094,136.87500610351563
-6.074998474121093,136.87500610351563
-6.124998474121094,136.82500610351562
-6.074998474121093,136.82500610351562
-6.099998474121094,136.85000610351562
-6.124998474121094,136.92499389648438
-6.074998474121093,136.92499389648438
-6.124998474121094,136.87499389648437
-6.074998474121093,136.87499389648437
-6.099998474121094,136.89999389648438
-6.124998474121094,137.025
-6.074998474121093,137.025
-6.124998474121094,136.975
-6.074998474121093,136.975
-6.099998474121094,137.0
-6.124998474121094,137.07500305175782
-6.074998474121093,137.07500305175782
-6.124998474121094,137.0250030517578
-6.074998474121093,137.0250030517578
-6.099998474121094,137.0500030517578
-6.124998474121094,138.275
-6.074998474121093,138.275
-6.124998474121094,138.225
-6.074998474121093,138.225
-6.099998474121094,138.25
-6.175001525878907,104.82500305175782
-6.125001525878906,104.82500305175782
-6.175001525878907,104.7750030517578
-6.125001525878906,104.7750030517578
-6.150001525878906,104.80000305175781
-6.175001525878907,104.8749984741211
-6.125001525878906,104.8749984741211
-6.175001525878907,104.82499847412109
-6.125001525878906,104.82499847412109
-6.150001525878906,104.8499984741211
-6.175001525878907,104.92500152587891
-6.125001525878906,104.92500152587891
-6.175001525878907,104.8750015258789
-6.125001525878906,104.8750015258789
-6.150001525878906,104.9000015258789
-6.175001525878907,104.9749969482422
-6.125001525878906,104.9749969482422
-6.175001525878907,104.92499694824218
-6.125001525878906,104.92499694824218
-6.150001525878906,104.94999694824219
-6.175001525878907,105.025
-6.125001525878906,105.025
-6.175001525878907,104.975
-6.125001525878906,104.975
-6.150001525878906,105.0
-6.175001525878907,105.07500305175782
-6.125001525878906,105.07500305175782
-6.175001525878907,105.0250030517578
-6.125001525878906,105.0250030517578
-6.150001525878906,105.05000305175781
-6.175001525878907,105.1249984741211
-6.125001525878906,105.1249984741211
-6.175001525878907,105.07499847412109
-6.125001525878906,105.07499847412109
-6.150001525878906,105.0999984741211
-6.175001525878907,105.32500305175782
-6.125001525878906,105.32500305175782
-6.175001525878907,105.2750030517578
-6.125001525878906,105.2750030517578
-6.150001525878906,105.30000305175781
-6.175001525878907,105.82500305175782
-6.125001525878906,105.82500305175782
-6.175001525878907,105.7750030517578
-6.125001525878906,105.7750030517578
-6.150001525878906,105.80000305175781
-6.175001525878907,108.025
-6.125001525878906,108.025
-6.175001525878907,107.975
-6.125001525878906,107.975
-6.150001525878906,108.0
-6.175001525878907,108.17500152587891
-6.125001525878906,108.17500152587891
-6.175001525878907,108.1250015258789
-6.125001525878906,108.1250015258789
-6.150001525878906,108.1500015258789
-6.175001525878907,108.2249969482422
-6.125001525878906,108.2249969482422
-6.175001525878907,108.17499694824218
-6.125001525878906,108.17499694824218
-6.150001525878906,108.19999694824219
-6.175001525878907,132.12500610351563
-6.125001525878906,132.12500610351563
-6.175001525878907,132.07500610351562
-6.125001525878906,132.07500610351562
-6.150001525878906,132.10000610351562
-6.175001525878907,132.275
-6.125001525878906,132.275
-6.175001525878907,132.225
-6.125001525878906,132.225
-6.150001525878906,132.25
-6.175001525878907,132.62500610351563
-6.125001525878906,132.62500610351563
-6.175001525878907,132.57500610351562
-6.125001525878906,132.57500610351562
-6.150001525878906,132.60000610351562
-6.175001525878907,135.87500610351563
-6.125001525878906,135.87500610351563
-6.175001525878907,135.82500610351562
-6.125001525878906,135.82500610351562
-6.150001525878906,135.85000610351562
-6.175001525878907,136.12500610351563
-6.125001525878906,136.12500610351563
-6.175001525878907,136.07500610351562
-6.125001525878906,136.07500610351562
-6.150001525878906,136.10000610351562
-6.175001525878907,136.42499389648438
-6.125001525878906,136.42499389648438
-6.175001525878907,136.37499389648437
-6.125001525878906,136.37499389648437
-6.150001525878906,136.39999389648438
-6.175001525878907,137.07500305175782
-6.125001525878906,137.07500305175782
-6.175001525878907,137.0250030517578
-6.125001525878906,137.0250030517578
-6.150001525878906,137.0500030517578
-6.175001525878907,137.12500610351563
-6.125001525878906,137.12500610351563
-6.175001525878907,137.07500610351562
-6.125001525878906,137.07500610351562
-6.150001525878906,137.10000610351562
-6.225004577636719,103.2249969482422
-6.175004577636718,103.2249969482422
-6.225004577636719,103.17499694824218
-6.175004577636718,103.17499694824218
-6.200004577636719,103.19999694824219
-6.225004577636719,103.275
-6.175004577636718,103.275
-6.225004577636719,103.225
-6.175004577636718,103.225
-6.200004577636719,103.25
-6.225004577636719,104.82500305175782
-6.175004577636718,104.82500305175782
-6.225004577636719,104.7750030517578
-6.175004577636718,104.7750030517578
-6.200004577636719,104.80000305175781
-6.225004577636719,104.8749984741211
-6.175004577636718,104.8749984741211
-6.225004577636719,104.82499847412109
-6.175004577636718,104.82499847412109
-6.200004577636719,104.8499984741211
-6.225004577636719,105.32500305175782
-6.175004577636718,105.32500305175782
-6.225004577636719,105.2750030517578
-6.175004577636718,105.2750030517578
-6.200004577636719,105.30000305175781
-6.225004577636719,132.2249969482422
-6.175004577636718,132.2249969482422
-6.225004577636719,132.17499694824218
-6.175004577636718,132.17499694824218
-6.200004577636719,132.1999969482422
-6.225004577636719,132.62500610351563
-6.175004577636718,132.62500610351563
-6.225004577636719,132.57500610351562
-6.175004577636718,132.57500610351562
-6.200004577636719,132.60000610351562
-6.225004577636719,133.92499389648438
-6.175004577636718,133.92499389648438
-6.225004577636719,133.87499389648437
-6.175004577636718,133.87499389648437
-6.200004577636719,133.89999389648438
-6.225004577636719,135.42499389648438
-6.175004577636718,135.42499389648438
-6.225004577636719,135.37499389648437
-6.175004577636718,135.37499389648437
-6.200004577636719,135.39999389648438
-6.225004577636719,135.4749969482422
-6.175004577636718,135.4749969482422
-6.225004577636719,135.42499694824218
-6.175004577636718,135.42499694824218
-6.200004577636719,135.4499969482422
-6.225004577636719,135.67499389648438
-6.175004577636718,135.67499389648438
-6.225004577636719,135.62499389648437
-6.175004577636718,135.62499389648437
-6.200004577636719,135.64999389648438
-6.225004577636719,135.92499389648438
-6.175004577636718,135.92499389648438
-6.225004577636719,135.87499389648437
-6.175004577636718,135.87499389648437
-6.200004577636719,135.89999389648438
-6.225004577636719,136.42499389648438
-6.175004577636718,136.42499389648438
-6.225004577636719,136.37499389648437
-6.175004577636718,136.37499389648437
-6.200004577636719,136.39999389648438
-6.225004577636719,136.57500305175782
-6.175004577636718,136.57500305175782
-6.225004577636719,136.5250030517578
-6.175004577636718,136.5250030517578
-6.200004577636719,136.5500030517578
-6.225004577636719,136.62500610351563
-6.175004577636718,136.62500610351563
-6.225004577636719,136.57500610351562
-6.175004577636718,136.57500610351562
-6.200004577636719,136.60000610351562
-6.225004577636719,136.7249969482422
-6.175004577636718,136.7249969482422
-6.225004577636719,136.67499694824218
-6.175004577636718,136.67499694824218
-6.200004577636719,136.6999969482422
-6.225004577636719,136.82500305175782
-6.175004577636718,136.82500305175782
-6.225004577636719,136.7750030517578
-6.175004577636718,136.7750030517578
-6.200004577636719,136.8000030517578
-6.225004577636719,136.87500610351563
-6.175004577636718,136.87500610351563
-6.225004577636719,136.82500610351562
-6.175004577636718,136.82500610351562
-6.200004577636719,136.85000610351562
-6.225004577636719,136.92499389648438
-6.175004577636718,136.92499389648438
-6.225004577636719,136.87499389648437
-6.175004577636718,136.87499389648437
-6.200004577636719,136.89999389648438
-6.225004577636719,136.9749969482422
-6.175004577636718,136.9749969482422
-6.225004577636719,136.92499694824218
-6.175004577636718,136.92499694824218
-6.200004577636719,136.9499969482422
-6.225004577636719,137.07500305175782
-6.175004577636718,137.07500305175782
-6.225004577636719,137.0250030517578
-6.175004577636718,137.0250030517578
-6.200004577636719,137.0500030517578
-6.225004577636719,138.275
-6.175004577636718,138.275
-6.225004577636719,138.225
-6.175004577636718,138.225
-6.200004577636719,138.25
-6.275,103.275
-6.225,103.275
-6.275,103.225
-6.225,103.225
-6.25,103.25
-6.275,104.775
-6.225,104.775
-6.275,104.725
-6.225,104.725
-6.25,104.75
-6.275,104.82500305175782
-6.225,104.82500305175782
-6.275,104.7750030517578
-6.225,104.7750030517578
-6.25,104.80000305175781
-6.275,104.8749984741211
-6.225,104.8749984741211
-6.275,104.82499847412109
-6.225,104.82499847412109
-6.25,104.8499984741211
-6.275,105.3749984741211
-6.225,105.3749984741211
-6.275,105.32499847412109
-6.225,105.32499847412109
-6.25,105.3499984741211
-6.275,132.4749969482422
-6.225,132.4749969482422
-6.275,132.42499694824218
-6.225,132.42499694824218
-6.25,132.4499969482422
-6.275,132.525
-6.225,132.525
-6.275,132.475
-6.225,132.475
-6.25,132.5
-6.275,132.57500305175782
-6.225,132.57500305175782
-6.275,132.5250030517578
-6.225,132.5250030517578
-6.25,132.5500030517578
-6.275,133.62500610351563
-6.225,133.62500610351563
-6.275,133.57500610351562
-6.225,133.57500610351562
-6.25,133.60000610351562
-6.275,133.9749969482422
-6.225,133.9749969482422
-6.275,133.92499694824218
-6.225,133.92499694824218
-6.25,133.9499969482422
-6.275,135.17499389648438
-6.225,135.17499389648438
-6.275,135.12499389648437
-6.225,135.12499389648437
-6.25,135.14999389648438
-6.275,136.2249969482422
-6.225,136.2249969482422
-6.275,136.17499694824218
-6.225,136.17499694824218
-6.25,136.1999969482422
-6.275,136.4749969482422
-6.225,136.4749969482422
-6.275,136.42499694824218
-6.225,136.42499694824218
-6.25,136.4499969482422
-6.275,136.525
-6.225,136.525
-6.275,136.475
-6.225,136.475
-6.25,136.5
-6.275,136.7249969482422
-6.225,136.7249969482422
-6.275,136.67499694824218
-6.225,136.67499694824218
-6.25,136.6999969482422
-6.275,136.92499389648438
-6.225,136.92499389648438
-6.275,136.87499389648437
-6.225,136.87499389648437
-6.25,136.89999389648438
-6.325003051757813,101.275
-6.275003051757812,101.275
-6.325003051757813,101.225
-6.275003051757812,101.225
-6.3000030517578125,101.25
-6.325003051757813,102.9749969482422
-6.275003051757812,102.9749969482422
-6.325003051757813,102.92499694824218
-6.275003051757812,102.92499694824218
-6.3000030517578125,102.94999694824219
-6.325003051757813,104.8749984741211
-6.275003051757812,104.8749984741211
-6.325003051757813,104.82499847412109
-6.275003051757812,104.82499847412109
-6.3000030517578125,104.8499984741211
-6.325003051757813,105.82500305175782
-6.275003051757812,105.82500305175782
-6.325003051757813,105.7750030517578
-6.275003051757812,105.7750030517578
-6.3000030517578125,105.80000305175781
-6.325003051757813,110.92500152587891
-6.275003051757812,110.92500152587891
-6.325003051757813,110.8750015258789
-6.275003051757812,110.8750015258789
-6.3000030517578125,110.9000015258789
-6.325003051757813,132.4749969482422
-6.275003051757812,132.4749969482422
-6.325003051757813,132.42499694824218
-6.275003051757812,132.42499694824218
-6.3000030517578125,132.4499969482422
-6.325003051757813,132.525
-6.275003051757812,132.525
-6.325003051757813,132.475
-6.275003051757812,132.475
-6.3000030517578125,132.5
-6.325003051757813,133.92499389648438
-6.275003051757812,133.92499389648438
-6.325003051757813,133.87499389648437
-6.275003051757812,133.87499389648437
-6.3000030517578125,133.89999389648438
-6.325003051757813,134.025
-6.275003051757812,134.025
-6.325003051757813,133.975
-6.275003051757812,133.975
-6.3000030517578125,134.0
-6.325003051757813,134.07500305175782
-6.275003051757812,134.07500305175782
-6.325003051757813,134.0250030517578
-6.275003051757812,134.0250030517578
-6.3000030517578125,134.0500030517578
-6.325003051757813,135.17499389648438
-6.275003051757812,135.17499389648438
-6.325003051757813,135.12499389648437
-6.275003051757812,135.12499389648437
-6.3000030517578125,135.14999389648438
-6.325003051757813,135.62500610351563
-6.275003051757812,135.62500610351563
-6.325003051757813,135.57500610351562
-6.275003051757812,135.57500610351562
-6.3000030517578125,135.60000610351562
-6.325003051757813,135.67499389648438
-6.275003051757812,135.67499389648438
-6.325003051757813,135.62499389648437
-6.275003051757812,135.62499389648437
-6.3000030517578125,135.64999389648438
-6.325003051757813,135.92499389648438
-6.275003051757812,135.92499389648438
-6.325003051757813,135.87499389648437
-6.275003051757812,135.87499389648437
-6.3000030517578125,135.89999389648438
-6.325003051757813,136.17499389648438
-6.275003051757812,136.17499389648438
-6.325003051757813,136.12499389648437
-6.275003051757812,136.12499389648437
-6.3000030517578125,136.14999389648438
-6.325003051757813,136.2249969482422
-6.275003051757812,136.2249969482422
-6.325003051757813,136.17499694824218
-6.275003051757812,136.17499694824218
-6.3000030517578125,136.1999969482422
-6.325003051757813,136.37500610351563
-6.275003051757812,136.37500610351563
-6.325003051757813,136.32500610351562
-6.275003051757812,136.32500610351562
-6.3000030517578125,136.35000610351562
-6.325003051757813,136.62500610351563
-6.275003051757812,136.62500610351563
-6.325003051757813,136.57500610351562
-6.275003051757812,136.57500610351562
-6.3000030517578125,136.60000610351562
-6.325003051757813,136.87500610351563
-6.275003051757812,136.87500610351563
-6.325003051757813,136.82500610351562
-6.275003051757812,136.82500610351562
-6.3000030517578125,136.85000610351562
-6.374998474121094,105.82500305175782
-6.324998474121093,105.82500305175782
-6.374998474121094,105.7750030517578
-6.324998474121093,105.7750030517578
-6.349998474121094,105.80000305175781
-6.374998474121094,108.525
-6.324998474121093,108.525
-6.374998474121094,108.475
-6.324998474121093,108.475
-6.349998474121094,108.5
-6.374998474121094,108.57500305175782
-6.324998474121093,108.57500305175782
-6.374998474121094,108.5250030517578
-6.324998474121093,108.5250030517578
-6.349998474121094,108.55000305175781
-6.374998474121094,110.775
-6.324998474121093,110.775
-6.374998474121094,110.725
-6.324998474121093,110.725
-6.349998474121094,110.75
-6.374998474121094,111.1249984741211
-6.324998474121093,111.1249984741211
-6.374998474121094,111.07499847412109
-6.324998474121093,111.07499847412109
-6.349998474121094,111.0999984741211
-6.374998474121094,131.87500610351563
-6.324998474121093,131.87500610351563
-6.374998474121094,131.82500610351562
-6.324998474121093,131.82500610351562
-6.349998474121094,131.85000610351562
-6.374998474121094,132.62500610351563
-6.324998474121093,132.62500610351563
-6.374998474121094,132.57500610351562
-6.324998474121093,132.57500610351562
-6.349998474121094,132.60000610351562
-6.374998474121094,133.87500610351563
-6.324998474121093,133.87500610351563
-6.374998474121094,133.82500610351562
-6.324998474121093,133.82500610351562
-6.349998474121094,133.85000610351562
-6.374998474121094,135.7249969482422
-6.324998474121093,135.7249969482422
-6.374998474121094,135.67499694824218
-6.324998474121093,135.67499694824218
-6.349998474121094,135.6999969482422
-6.374998474121094,136.42499389648438
-6.324998474121093,136.42499389648438
-6.374998474121094,136.37499389648437
-6.324998474121093,136.37499389648437
-6.349998474121094,136.39999389648438
-6.374998474121094,136.525
-6.324998474121093,136.525
-6.374998474121094,136.475
-6.324998474121093,136.475
-6.349998474121094,136.5
-6.374998474121094,136.67499389648438
-6.324998474121093,136.67499389648438
-6.374998474121094,136.62499389648437
-6.324998474121093,136.62499389648437
-6.349998474121094,136.64999389648438
-6.425001525878907,103.1249984741211
-6.375001525878906,103.1249984741211
-6.425001525878907,103.07499847412109
-6.375001525878906,103.07499847412109
-6.400001525878906,103.0999984741211
-6.425001525878907,104.7249969482422
-6.375001525878906,104.7249969482422
-6.425001525878907,104.67499694824218
-6.375001525878906,104.67499694824218
-6.400001525878906,104.69999694824219
-6.425001525878907,104.775
-6.375001525878906,104.775
-6.425001525878907,104.725
-6.375001525878906,104.725
-6.400001525878906,104.75
-6.425001525878907,104.8749984741211
-6.375001525878906,104.8749984741211
-6.425001525878907,104.82499847412109
-6.375001525878906,104.82499847412109
-6.400001525878906,104.8499984741211
-6.425001525878907,104.92500152587891
-6.375001525878906,104.92500152587891
-6.425001525878907,104.8750015258789
-6.375001525878906,104.8750015258789
-6.400001525878906,104.9000015258789
-6.425001525878907,108.67500152587891
-6.375001525878906,108.67500152587891
-6.425001525878907,108.6250015258789
-6.375001525878906,108.6250015258789
-6.400001525878906,108.6500015258789
-6.425001525878907,108.7249969482422
-6.375001525878906,108.7249969482422
-6.425001525878907,108.67499694824218
-6.375001525878906,108.67499694824218
-6.400001525878906,108.69999694824219
-6.425001525878907,110.67500152587891
-6.375001525878906,110.67500152587891
-6.425001525878907,110.6250015258789
-6.375001525878906,110.6250015258789
-6.400001525878906,110.6500015258789
-6.425001525878907,111.2249969482422
-6.375001525878906,111.2249969482422
-6.425001525878907,111.17499694824218
-6.375001525878906,111.17499694824218
-6.400001525878906,111.19999694824219
-6.425001525878907,131.67499389648438
-6.375001525878906,131.67499389648438
-6.425001525878907,131.62499389648437
-6.375001525878906,131.62499389648437
-6.400001525878906,131.64999389648438
-6.425001525878907,132.42499389648438
-6.375001525878906,132.42499389648438
-6.425001525878907,132.37499389648437
-6.375001525878906,132.37499389648437
-6.400001525878906,132.39999389648438
-6.425001525878907,133.92499389648438
-6.375001525878906,133.92499389648438
-6.425001525878907,133.87499389648437
-6.375001525878906,133.87499389648437
-6.400001525878906,133.89999389648438
-6.425001525878907,134.9749969482422
-6.375001525878906,134.9749969482422
-6.425001525878907,134.92499694824218
-6.375001525878906,134.92499694824218
-6.400001525878906,134.9499969482422
-6.425001525878907,135.7249969482422
-6.375001525878906,135.7249969482422
-6.425001525878907,135.67499694824218
-6.375001525878906,135.67499694824218
-6.400001525878906,135.6999969482422
-6.425001525878907,135.775
-6.375001525878906,135.775
-6.425001525878907,135.725
-6.375001525878906,135.725
-6.400001525878906,135.75
-6.425001525878907,136.025
-6.375001525878906,136.025
-6.425001525878907,135.975
-6.375001525878906,135.975
-6.400001525878906,136.0
-6.425001525878907,136.62500610351563
-6.375001525878906,136.62500610351563
-6.425001525878907,136.57500610351562
-6.375001525878906,136.57500610351562
-6.400001525878906,136.60000610351562
-6.475004577636719,97.6249984741211
-6.425004577636718,97.6249984741211
-6.475004577636719,97.57499847412109
-6.425004577636718,97.57499847412109
-6.450004577636719,97.5999984741211
-6.475004577636719,103.32500305175782
-6.425004577636718,103.32500305175782
-6.475004577636719,103.2750030517578
-6.425004577636718,103.2750030517578
-6.450004577636719,103.30000305175781
-6.475004577636719,104.775
-6.425004577636718,104.775
-6.475004577636719,104.725
-6.425004577636718,104.725
-6.450004577636719,104.75
-6.475004577636719,104.82500305175782
-6.425004577636718,104.82500305175782
-6.475004577636719,104.7750030517578
-6.425004577636718,104.7750030517578
-6.450004577636719,104.80000305175781
-6.475004577636719,105.775
-6.425004577636718,105.775
-6.475004577636719,105.725
-6.425004577636718,105.725
-6.450004577636719,105.75
-6.475004577636719,108.7249969482422
-6.425004577636718,108.7249969482422
-6.475004577636719,108.67499694824218
-6.425004577636718,108.67499694824218
-6.450004577636719,108.69999694824219
-6.475004577636719,108.775
-6.425004577636718,108.775
-6.475004577636719,108.725
-6.425004577636718,108.725
-6.450004577636719,108.75
-6.475004577636719,110.6249984741211
-6.425004577636718,110.6249984741211
-6.475004577636719,110.57499847412109
-6.425004577636718,110.57499847412109
-6.450004577636719,110.5999984741211
-6.475004577636719,111.32500305175782
-6.425004577636718,111.32500305175782
-6.475004577636719,111.2750030517578
-6.425004577636718,111.2750030517578
-6.450004577636719,111.30000305175781
-6.475004577636719,111.3749984741211
-6.425004577636718,111.3749984741211
-6.475004577636719,111.32499847412109
-6.425004577636718,111.32499847412109
-6.450004577636719,111.3499984741211
-6.475004577636719,120.4749969482422
-6.425004577636718,120.4749969482422
-6.475004577636719,120.42499694824218
-6.425004577636718,120.42499694824218
-6.450004577636719,120.44999694824219
-6.475004577636719,132.42499389648438
-6.425004577636718,132.42499389648438
-6.475004577636719,132.37499389648437
-6.425004577636718,132.37499389648437
-6.450004577636719,132.39999389648438
-6.475004577636719,132.57500305175782
-6.425004577636718,132.57500305175782
-6.475004577636719,132.5250030517578
-6.425004577636718,132.5250030517578
-6.450004577636719,132.5500030517578
-6.475004577636719,132.7249969482422
-6.425004577636718,132.7249969482422
-6.475004577636719,132.67499694824218
-6.425004577636718,132.67499694824218
-6.450004577636719,132.6999969482422
-6.475004577636719,133.82500305175782
-6.425004577636718,133.82500305175782
-6.475004577636719,133.7750030517578
-6.425004577636718,133.7750030517578
-6.450004577636719,133.8000030517578
-6.475004577636719,133.87500610351563
-6.425004577636718,133.87500610351563
-6.475004577636719,133.82500610351562
-6.425004577636718,133.82500610351562
-6.450004577636719,133.85000610351562
-6.475004577636719,133.9749969482422
-6.425004577636718,133.9749969482422
-6.475004577636719,133.92499694824218
-6.425004577636718,133.92499694824218
-6.450004577636719,133.9499969482422
-6.475004577636719,135.025
-6.425004577636718,135.025
-6.475004577636719,134.975
-6.425004577636718,134.975
-6.450004577636719,135.0
-6.475004577636719,135.7249969482422
-6.425004577636718,135.7249969482422
-6.475004577636719,135.67499694824218
-6.425004577636718,135.67499694824218
-6.450004577636719,135.6999969482422
-6.475004577636719,135.82500305175782
-6.425004577636718,135.82500305175782
-6.475004577636719,135.7750030517578
-6.425004577636718,135.7750030517578
-6.450004577636719,135.8000030517578
-6.475004577636719,136.525
-6.425004577636718,136.525
-6.475004577636719,136.475
-6.425004577636718,136.475
-6.450004577636719,136.5
-6.475004577636719,136.67499389648438
-6.425004577636718,136.67499389648438
-6.475004577636719,136.62499389648437
-6.425004577636718,136.62499389648437
-6.450004577636719,136.64999389648438
-6.525,103.1249984741211
-6.475,103.1249984741211
-6.525,103.07499847412109
-6.475,103.07499847412109
-6.5,103.0999984741211
-6.525,108.82500305175782
-6.475,108.82500305175782
-6.525,108.7750030517578
-6.475,108.7750030517578
-6.5,108.80000305175781
-6.525,111.3749984741211
-6.475,111.3749984741211
-6.525,111.32499847412109
-6.475,111.32499847412109
-6.5,111.3499984741211
-6.525,121.025
-6.475,121.025
-6.525,120.975
-6.475,120.975
-6.5,121.0
-6.525,121.17500152587891
-6.475,121.17500152587891
-6.525,121.1250015258789
-6.475,121.1250015258789
-6.5,121.1500015258789
-6.525,121.2249969482422
-6.475,121.2249969482422
-6.525,121.17499694824218
-6.475,121.17499694824218
-6.5,121.19999694824219
-6.525,130.775
-6.475,130.775
-6.525,130.725
-6.475,130.725
-6.5,130.75
-6.525,131.2249969482422
-6.475,131.2249969482422
-6.525,131.17499694824218
-6.475,131.17499694824218
-6.5,131.1999969482422
-6.525,132.37500610351563
-6.475,132.37500610351563
-6.525,132.32500610351562
-6.475,132.32500610351562
-6.5,132.35000610351562
-6.525,132.4749969482422
-6.475,132.4749969482422
-6.525,132.42499694824218
-6.475,132.42499694824218
-6.5,132.4499969482422
-6.525,132.62500610351563
-6.475,132.62500610351563
-6.525,132.57500610351562
-6.475,132.57500610351562
-6.5,132.60000610351562
-6.525,132.67499389648438
-6.475,132.67499389648438
-6.525,132.62499389648437
-6.475,132.62499389648437
-6.5,132.64999389648438
-6.525,132.7249969482422
-6.475,132.7249969482422
-6.525,132.67499694824218
-6.475,132.67499694824218
-6.5,132.6999969482422
-6.525,132.775
-6.475,132.775
-6.525,132.725
-6.475,132.725
-6.5,132.75
-6.525,133.775
-6.475,133.775
-6.525,133.725
-6.475,133.725
-6.5,133.75
-6.525,133.87500610351563
-6.475,133.87500610351563
-6.525,133.82500610351562
-6.475,133.82500610351562
-6.5,133.85000610351562
-6.525,135.17499389648438
-6.475,135.17499389648438
-6.525,135.12499389648437
-6.475,135.12499389648437
-6.5,135.14999389648438
-6.525,136.67499389648438
-6.475,136.67499389648438
-6.525,136.62499389648437
-6.475,136.62499389648437
-6.5,136.64999389648438
-6.525,138.42499389648438
-6.475,138.42499389648438
-6.525,138.37499389648437
-6.475,138.37499389648437
-6.5,138.39999389648438
-6.575003051757813,97.4749969482422
-6.525003051757812,97.4749969482422
-6.575003051757813,97.42499694824218
-6.525003051757812,97.42499694824218
-6.5500030517578125,97.44999694824219
-6.575003051757813,103.17500152587891
-6.525003051757812,103.17500152587891
-6.575003051757813,103.1250015258789
-6.525003051757812,103.1250015258789
-6.5500030517578125,103.1500015258789
-6.575003051757813,105.6249984741211
-6.525003051757812,105.6249984741211
-6.575003051757813,105.57499847412109
-6.525003051757812,105.57499847412109
-6.5500030517578125,105.5999984741211
-6.575003051757813,108.8749984741211
-6.525003051757812,108.8749984741211
-6.575003051757813,108.82499847412109
-6.525003051757812,108.82499847412109
-6.5500030517578125,108.8499984741211
-6.575003051757813,111.42500152587891
-6.525003051757812,111.42500152587891
-6.575003051757813,111.3750015258789
-6.525003051757812,111.3750015258789
-6.5500030517578125,111.4000015258789
-6.575003051757813,111.4749969482422
-6.525003051757812,111.4749969482422
-6.575003051757813,111.42499694824218
-6.525003051757812,111.42499694824218
-6.5500030517578125,111.44999694824219
-6.575003051757813,121.2249969482422
-6.525003051757812,121.2249969482422
-6.575003051757813,121.17499694824218
-6.525003051757812,121.17499694824218
-6.5500030517578125,121.19999694824219
-6.575003051757813,131.275
-6.525003051757812,131.275
-6.575003051757813,131.225
-6.525003051757812,131.225
-6.5500030517578125,131.25
-6.575003051757813,131.82500305175782
-6.525003051757812,131.82500305175782
-6.575003051757813,131.7750030517578
-6.525003051757812,131.7750030517578
-6.5500030517578125,131.8000030517578
-6.575003051757813,132.57500305175782
-6.525003051757812,132.57500305175782
-6.575003051757813,132.5250030517578
-6.525003051757812,132.5250030517578
-6.5500030517578125,132.5500030517578
-6.575003051757813,133.07500305175782
-6.525003051757812,133.07500305175782
-6.575003051757813,133.0250030517578
-6.525003051757812,133.0250030517578
-6.5500030517578125,133.0500030517578
-6.575003051757813,133.7249969482422
-6.525003051757812,133.7249969482422
-6.575003051757813,133.67499694824218
-6.525003051757812,133.67499694824218
-6.5500030517578125,133.6999969482422
-6.575003051757813,133.82500305175782
-6.525003051757812,133.82500305175782
-6.575003051757813,133.7750030517578
-6.525003051757812,133.7750030517578
-6.5500030517578125,133.8000030517578
-6.575003051757813,133.92499389648438
-6.525003051757812,133.92499389648438
-6.575003051757813,133.87499389648437
-6.525003051757812,133.87499389648437
-6.5500030517578125,133.89999389648438
-6.575003051757813,134.025
-6.525003051757812,134.025
-6.575003051757813,133.975
-6.525003051757812,133.975
-6.5500030517578125,134.0
-6.575003051757813,134.07500305175782
-6.525003051757812,134.07500305175782
-6.575003051757813,134.0250030517578
-6.525003051757812,134.0250030517578
-6.5500030517578125,134.0500030517578
-6.575003051757813,135.17499389648438
-6.525003051757812,135.17499389648438
-6.575003051757813,135.12499389648437
-6.525003051757812,135.12499389648437
-6.5500030517578125,135.14999389648438
-6.575003051757813,135.2249969482422
-6.525003051757812,135.2249969482422
-6.575003051757813,135.17499694824218
-6.525003051757812,135.17499694824218
-6.5500030517578125,135.1999969482422
-6.575003051757813,135.87500610351563
-6.525003051757812,135.87500610351563
-6.575003051757813,135.82500610351562
-6.525003051757812,135.82500610351562
-6.5500030517578125,135.85000610351562
-6.575003051757813,135.92499389648438
-6.525003051757812,135.92499389648438
-6.575003051757813,135.87499389648437
-6.525003051757812,135.87499389648437
-6.5500030517578125,135.89999389648438
-6.575003051757813,135.9749969482422
-6.525003051757812,135.9749969482422
-6.575003051757813,135.92499694824218
-6.525003051757812,135.92499694824218
-6.5500030517578125,135.9499969482422
-6.575003051757813,136.17499389648438
-6.525003051757812,136.17499389648438
-6.575003051757813,136.12499389648437
-6.525003051757812,136.12499389648437
-6.5500030517578125,136.14999389648438
-6.575003051757813,136.2249969482422
-6.525003051757812,136.2249969482422
-6.575003051757813,136.17499694824218
-6.525003051757812,136.17499694824218
-6.5500030517578125,136.1999969482422
-6.575003051757813,136.57500305175782
-6.525003051757812,136.57500305175782
-6.575003051757813,136.5250030517578
-6.525003051757812,136.5250030517578
-6.5500030517578125,136.5500030517578
-6.575003051757813,136.82500305175782
-6.525003051757812,136.82500305175782
-6.575003051757813,136.7750030517578
-6.525003051757812,136.7750030517578
-6.5500030517578125,136.8000030517578
-6.575003051757813,138.07500305175782
-6.525003051757812,138.07500305175782
-6.575003051757813,138.0250030517578
-6.525003051757812,138.0250030517578
-6.5500030517578125,138.0500030517578
-6.624998474121094,103.2249969482422
-6.574998474121093,103.2249969482422
-6.624998474121094,103.17499694824218
-6.574998474121093,103.17499694824218
-6.599998474121094,103.19999694824219
-6.624998474121094,103.3749984741211
-6.574998474121093,103.3749984741211
-6.624998474121094,103.32499847412109
-6.574998474121093,103.32499847412109
-6.599998474121094,103.3499984741211
-6.624998474121094,105.17500152587891
-6.574998474121093,105.17500152587891
-6.624998474121094,105.1250015258789
-6.574998474121093,105.1250015258789
-6.599998474121094,105.1500015258789
-6.624998474121094,108.82500305175782
-6.574998474121093,108.82500305175782
-6.624998474121094,108.7750030517578
-6.574998474121093,108.7750030517578
-6.599998474121094,108.80000305175781
-6.624998474121094,108.92500152587891
-6.574998474121093,108.92500152587891
-6.624998474121094,108.8750015258789
-6.574998474121093,108.8750015258789
-6.599998474121094,108.9000015258789
-6.624998474121094,108.9749969482422
-6.574998474121093,108.9749969482422
-6.624998474121094,108.92499694824218
-6.574998474121093,108.92499694824218
-6.599998474121094,108.94999694824219
-6.624998474121094,111.6249984741211
-6.574998474121093,111.6249984741211
-6.624998474121094,111.57499847412109
-6.574998474121093,111.57499847412109
-6.599998474121094,111.5999984741211
-6.624998474121094,132.42499389648438
-6.574998474121093,132.42499389648438
-6.624998474121094,132.37499389648437
-6.574998474121093,132.37499389648437
-6.599998474121094,132.39999389648438
-6.624998474121094,132.4749969482422
-6.574998474121093,132.4749969482422
-6.624998474121094,132.42499694824218
-6.574998474121093,132.42499694824218
-6.599998474121094,132.4499969482422
-6.624998474121094,132.67499389648438
-6.574998474121093,132.67499389648438
-6.624998474121094,132.62499389648437
-6.574998474121093,132.62499389648437
-6.599998474121094,132.64999389648438
-6.624998474121094,132.82500305175782
-6.574998474121093,132.82500305175782
-6.624998474121094,132.7750030517578
-6.574998474121093,132.7750030517578
-6.599998474121094,132.8000030517578
-6.624998474121094,132.87500610351563
-6.574998474121093,132.87500610351563
-6.624998474121094,132.82500610351562
-6.574998474121093,132.82500610351562
-6.599998474121094,132.85000610351562
-6.624998474121094,133.32500305175782
-6.574998474121093,133.32500305175782
-6.624998474121094,133.2750030517578
-6.574998474121093,133.2750030517578
-6.599998474121094,133.3000030517578
-6.624998474121094,133.525
-6.574998474121093,133.525
-6.624998474121094,133.475
-6.574998474121093,133.475
-6.599998474121094,133.5
-6.624998474121094,133.57500305175782
-6.574998474121093,133.57500305175782
-6.624998474121094,133.5250030517578
-6.574998474121093,133.5250030517578
-6.599998474121094,133.5500030517578
-6.624998474121094,133.62500610351563
-6.574998474121093,133.62500610351563
-6.624998474121094,133.57500610351562
-6.574998474121093,133.57500610351562
-6.599998474121094,133.60000610351562
-6.624998474121094,133.67499389648438
-6.574998474121093,133.67499389648438
-6.624998474121094,133.62499389648437
-6.574998474121093,133.62499389648437
-6.599998474121094,133.64999389648438
-6.624998474121094,133.7249969482422
-6.574998474121093,133.7249969482422
-6.624998474121094,133.67499694824218
-6.574998474121093,133.67499694824218
-6.599998474121094,133.6999969482422
-6.624998474121094,133.775
-6.574998474121093,133.775
-6.624998474121094,133.725
-6.574998474121093,133.725
-6.599998474121094,133.75
-6.624998474121094,133.87500610351563
-6.574998474121093,133.87500610351563
-6.624998474121094,133.82500610351562
-6.574998474121093,133.82500610351562
-6.599998474121094,133.85000610351562
-6.624998474121094,133.92499389648438
-6.574998474121093,133.92499389648438
-6.624998474121094,133.87499389648437
-6.574998474121093,133.87499389648437
-6.599998474121094,133.89999389648438
-6.624998474121094,133.9749969482422
-6.574998474121093,133.9749969482422
-6.624998474121094,133.92499694824218
-6.574998474121093,133.92499694824218
-6.599998474121094,133.9499969482422
-6.624998474121094,134.07500305175782
-6.574998474121093,134.07500305175782
-6.624998474121094,134.0250030517578
-6.574998474121093,134.0250030517578
-6.599998474121094,134.0500030517578
-6.624998474121094,136.62500610351563
-6.574998474121093,136.62500610351563
-6.624998474121094,136.57500610351562
-6.574998474121093,136.57500610351562
-6.599998474121094,136.60000610351562
-6.675001525878907,99.7249969482422
-6.625001525878906,99.7249969482422
-6.675001525878907,99.67499694824218
-6.625001525878906,99.67499694824218
-6.650001525878906,99.69999694824219
-6.675001525878907,103.275
-6.625001525878906,103.275
-6.675001525878907,103.225
-6.625001525878906,103.225
-6.650001525878906,103.25
-6.675001525878907,103.32500305175782
-6.625001525878906,103.32500305175782
-6.675001525878907,103.2750030517578
-6.625001525878906,103.2750030517578
-6.650001525878906,103.30000305175781
-6.675001525878907,105.42500152587891
-6.625001525878906,105.42500152587891
-6.675001525878907,105.3750015258789
-6.625001525878906,105.3750015258789
-6.650001525878906,105.4000015258789
-6.675001525878907,109.025
-6.625001525878906,109.025
-6.675001525878907,108.975
-6.625001525878906,108.975
-6.650001525878906,109.0
-6.675001525878907,110.57500305175782
-6.625001525878906,110.57500305175782
-6.675001525878907,110.5250030517578
-6.625001525878906,110.5250030517578
-6.650001525878906,110.55000305175781
-6.675001525878907,111.775
-6.625001525878906,111.775
-6.675001525878907,111.725
-6.625001525878906,111.725
-6.650001525878906,111.75
-6.675001525878907,121.07500305175782
-6.625001525878906,121.07500305175782
-6.675001525878907,121.0250030517578
-6.625001525878906,121.0250030517578
-6.650001525878906,121.05000305175781
-6.675001525878907,121.2249969482422
-6.625001525878906,121.2249969482422
-6.675001525878907,121.17499694824218
-6.625001525878906,121.17499694824218
-6.650001525878906,121.19999694824219
-6.675001525878907,131.67499389648438
-6.625001525878906,131.67499389648438
-6.675001525878907,131.62499389648437
-6.625001525878906,131.62499389648437
-6.650001525878906,131.64999389648438
-6.675001525878907,131.7249969482422
-6.625001525878906,131.7249969482422
-6.675001525878907,131.67499694824218
-6.625001525878906,131.67499694824218
-6.650001525878906,131.6999969482422
-6.675001525878907,132.42499389648438
-6.625001525878906,132.42499389648438
-6.675001525878907,132.37499389648437
-6.625001525878906,132.37499389648437
-6.650001525878906,132.39999389648438
-6.675001525878907,132.62500610351563
-6.625001525878906,132.62500610351563
-6.675001525878907,132.57500610351562
-6.625001525878906,132.57500610351562
-6.650001525878906,132.60000610351562
-6.675001525878907,132.67499389648438
-6.625001525878906,132.67499389648438
-6.675001525878907,132.62499389648437
-6.625001525878906,132.62499389648437
-6.650001525878906,132.64999389648438
-6.675001525878907,132.82500305175782
-6.625001525878906,132.82500305175782
-6.675001525878907,132.7750030517578
-6.625001525878906,132.7750030517578
-6.650001525878906,132.8000030517578
-6.675001525878907,132.87500610351563
-6.625001525878906,132.87500610351563
-6.675001525878907,132.82500610351562
-6.625001525878906,132.82500610351562
-6.650001525878906,132.85000610351562
-6.675001525878907,132.9749969482422
-6.625001525878906,132.9749969482422
-6.675001525878907,132.92499694824218
-6.625001525878906,132.92499694824218
-6.650001525878906,132.9499969482422
-6.675001525878907,133.2249969482422
-6.625001525878906,133.2249969482422
-6.675001525878907,133.17499694824218
-6.625001525878906,133.17499694824218
-6.650001525878906,133.1999969482422
-6.675001525878907,133.4749969482422
-6.625001525878906,133.4749969482422
-6.675001525878907,133.42499694824218
-6.625001525878906,133.42499694824218
-6.650001525878906,133.4499969482422
-6.675001525878907,133.57500305175782
-6.625001525878906,133.57500305175782
-6.675001525878907,133.5250030517578
-6.625001525878906,133.5250030517578
-6.650001525878906,133.5500030517578
-6.675001525878907,133.62500610351563
-6.625001525878906,133.62500610351563
-6.675001525878907,133.57500610351562
-6.625001525878906,133.57500610351562
-6.650001525878906,133.60000610351562
-6.675001525878907,133.7249969482422
-6.625001525878906,133.7249969482422
-6.675001525878907,133.67499694824218
-6.625001525878906,133.67499694824218
-6.650001525878906,133.6999969482422
-6.675001525878907,134.07500305175782
-6.625001525878906,134.07500305175782
-6.675001525878907,134.0250030517578
-6.625001525878906,134.0250030517578
-6.650001525878906,134.0500030517578
-6.675001525878907,136.42499389648438
-6.625001525878906,136.42499389648438
-6.675001525878907,136.37499389648437
-6.625001525878906,136.37499389648437
-6.650001525878906,136.39999389648438
-6.725004577636719,103.2249969482422
-6.675004577636718,103.2249969482422
-6.725004577636719,103.17499694824218
-6.675004577636718,103.17499694824218
-6.700004577636719,103.19999694824219
-6.725004577636719,103.275
-6.675004577636718,103.275
-6.725004577636719,103.225
-6.675004577636718,103.225
-6.700004577636719,103.25
-6.725004577636719,103.32500305175782
-6.675004577636718,103.32500305175782
-6.725004577636719,103.2750030517578
-6.675004577636718,103.2750030517578
-6.700004577636719,103.30000305175781
-6.725004577636719,103.3749984741211
-6.675004577636718,103.3749984741211
-6.725004577636719,103.32499847412109
-6.675004577636718,103.32499847412109
-6.700004577636719,103.3499984741211
-6.725004577636719,103.42500152587891
-6.675004577636718,103.42500152587891
-6.725004577636719,103.3750015258789
-6.675004577636718,103.3750015258789
-6.700004577636719,103.4000015258789
-6.725004577636719,103.4749969482422
-6.675004577636718,103.4749969482422
-6.725004577636719,103.42499694824218
-6.675004577636718,103.42499694824218
-6.700004577636719,103.44999694824219
-6.725004577636719,104.3749984741211
-6.675004577636718,104.3749984741211
-6.725004577636719,104.32499847412109
-6.675004577636718,104.32499847412109
-6.700004577636719,104.3499984741211
-6.725004577636719,111.8749984741211
-6.675004577636718,111.8749984741211
-6.725004577636719,111.82499847412109
-6.675004577636718,111.82499847412109
-6.700004577636719,111.8499984741211
-6.725004577636719,112.17500152587891
-6.675004577636718,112.17500152587891
-6.725004577636719,112.1250015258789
-6.675004577636718,112.1250015258789
-6.700004577636719,112.1500015258789
-6.725004577636719,129.7249969482422
-6.675004577636718,129.7249969482422
-6.725004577636719,129.67499694824218
-6.675004577636718,129.67499694824218
-6.700004577636719,129.6999969482422
-6.725004577636719,133.12500610351563
-6.675004577636718,133.12500610351563
-6.725004577636719,133.07500610351562
-6.675004577636718,133.07500610351562
-6.700004577636719,133.10000610351562
-6.725004577636719,133.17499389648438
-6.675004577636718,133.17499389648438
-6.725004577636719,133.12499389648437
-6.675004577636718,133.12499389648437
-6.700004577636719,133.14999389648438
-6.725004577636719,133.2249969482422
-6.675004577636718,133.2249969482422
-6.725004577636719,133.17499694824218
-6.675004577636718,133.17499694824218
-6.700004577636719,133.1999969482422
-6.725004577636719,133.275
-6.675004577636718,133.275
-6.725004577636719,133.225
-6.675004577636718,133.225
-6.700004577636719,133.25
-6.725004577636719,133.32500305175782
-6.675004577636718,133.32500305175782
-6.725004577636719,133.2750030517578
-6.675004577636718,133.2750030517578
-6.700004577636719,133.3000030517578
-6.725004577636719,133.37500610351563
-6.675004577636718,133.37500610351563
-6.725004577636719,133.32500610351562
-6.675004577636718,133.32500610351562
-6.700004577636719,133.35000610351562
-6.725004577636719,133.42499389648438
-6.675004577636718,133.42499389648438
-6.725004577636719,133.37499389648437
-6.675004577636718,133.37499389648437
-6.700004577636719,133.39999389648438
-6.725004577636719,133.4749969482422
-6.675004577636718,133.4749969482422
-6.725004577636719,133.42499694824218
-6.675004577636718,133.42499694824218
-6.700004577636719,133.4499969482422
-6.725004577636719,133.525
-6.675004577636718,133.525
-6.725004577636719,133.475
-6.675004577636718,133.475
-6.700004577636719,133.5
-6.725004577636719,133.62500610351563
-6.675004577636718,133.62500610351563
-6.725004577636719,133.57500610351562
-6.675004577636718,133.57500610351562
-6.700004577636719,133.60000610351562
-6.725004577636719,133.67499389648438
-6.675004577636718,133.67499389648438
-6.725004577636719,133.62499389648437
-6.675004577636718,133.62499389648437
-6.700004577636719,133.64999389648438
-6.725004577636719,133.7249969482422
-6.675004577636718,133.7249969482422
-6.725004577636719,133.67499694824218
-6.675004577636718,133.67499694824218
-6.700004577636719,133.6999969482422
-6.725004577636719,133.82500305175782
-6.675004577636718,133.82500305175782
-6.725004577636719,133.7750030517578
-6.675004577636718,133.7750030517578
-6.700004577636719,133.8000030517578
-6.725004577636719,136.67499389648438
-6.675004577636718,136.67499389648438
-6.725004577636719,136.62499389648437
-6.675004577636718,136.62499389648437
-6.700004577636719,136.64999389648438
-6.725004577636719,136.775
-6.675004577636718,136.775
-6.725004577636719,136.725
-6.675004577636718,136.725
-6.700004577636719,136.75
-6.775,97.9749969482422
-6.725,97.9749969482422
-6.775,97.92499694824218
-6.725,97.92499694824218
-6.75,97.94999694824219
-6.775,103.1249984741211
-6.725,103.1249984741211
-6.775,103.07499847412109
-6.725,103.07499847412109
-6.75,103.0999984741211
-6.775,103.17500152587891
-6.725,103.17500152587891
-6.775,103.1250015258789
-6.725,103.1250015258789
-6.75,103.1500015258789
-6.775,103.2249969482422
-6.725,103.2249969482422
-6.775,103.17499694824218
-6.725,103.17499694824218
-6.75,103.19999694824219
-6.775,103.275
-6.725,103.275
-6.775,103.225
-6.725,103.225
-6.75,103.25
-6.775,103.32500305175782
-6.725,103.32500305175782
-6.775,103.2750030517578
-6.725,103.2750030517578
-6.75,103.30000305175781
-6.775,103.3749984741211
-6.725,103.3749984741211
-6.775,103.32499847412109
-6.725,103.32499847412109
-6.75,103.3499984741211
-6.775,103.42500152587891
-6.725,103.42500152587891
-6.775,103.3750015258789
-6.725,103.3750015258789
-6.75,103.4000015258789
-6.775,103.4749969482422
-6.725,103.4749969482422
-6.775,103.42499694824218
-6.725,103.42499694824218
-6.75,103.44999694824219
-6.775,104.32500305175782
-6.725,104.32500305175782
-6.775,104.2750030517578
-6.725,104.2750030517578
-6.75,104.30000305175781
-6.775,105.4749969482422
-6.725,105.4749969482422
-6.775,105.42499694824218
-6.725,105.42499694824218
-6.75,105.44999694824219
-6.775,109.57500305175782
-6.725,109.57500305175782
-6.775,109.5250030517578
-6.725,109.5250030517578
-6.75,109.55000305175781
-6.775,112.2249969482422
-6.725,112.2249969482422
-6.775,112.17499694824218
-6.725,112.17499694824218
-6.75,112.19999694824219
-6.775,118.9749969482422
-6.725,118.9749969482422
-6.775,118.92499694824218
-6.725,118.92499694824218
-6.75,118.94999694824219
-6.775,133.7249969482422
-6.725,133.7249969482422
-6.775,133.67499694824218
-6.725,133.67499694824218
-6.75,133.6999969482422
-6.775,133.87500610351563
-6.725,133.87500610351563
-6.775,133.82500610351562
-6.725,133.82500610351562
-6.75,133.85000610351562
-6.775,136.525
-6.725,136.525
-6.775,136.475
-6.725,136.475
-6.75,136.5
-6.775,136.57500305175782
-6.725,136.57500305175782
-6.775,136.5250030517578
-6.725,136.5250030517578
-6.75,136.5500030517578
-6.775,136.7249969482422
-6.725,136.7249969482422
-6.775,136.67499694824218
-6.725,136.67499694824218
-6.75,136.6999969482422
-6.775,136.775
-6.725,136.775
-6.775,136.725
-6.725,136.725
-6.75,136.75
-6.775,136.82500305175782
-6.725,136.82500305175782
-6.775,136.7750030517578
-6.725,136.7750030517578
-6.75,136.8000030517578
-6.775,137.025
-6.725,137.025
-6.775,136.975
-6.725,136.975
-6.75,137.0
-6.825003051757813,98.82500305175782
-6.775003051757812,98.82500305175782
-6.825003051757813,98.7750030517578
-6.775003051757812,98.7750030517578
-6.8000030517578125,98.80000305175781
-6.825003051757813,103.025
-6.775003051757812,103.025
-6.825003051757813,102.975
-6.775003051757812,102.975
-6.8000030517578125,103.0
-6.825003051757813,103.07500305175782
-6.775003051757812,103.07500305175782
-6.825003051757813,103.0250030517578
-6.775003051757812,103.0250030517578
-6.8000030517578125,103.05000305175781
-6.825003051757813,103.17500152587891
-6.775003051757812,103.17500152587891
-6.825003051757813,103.1250015258789
-6.775003051757812,103.1250015258789
-6.8000030517578125,103.1500015258789
-6.825003051757813,103.2249969482422
-6.775003051757812,103.2249969482422
-6.825003051757813,103.17499694824218
-6.775003051757812,103.17499694824218
-6.8000030517578125,103.19999694824219
-6.825003051757813,103.275
-6.775003051757812,103.275
-6.825003051757813,103.225
-6.775003051757812,103.225
-6.8000030517578125,103.25
-6.825003051757813,103.32500305175782
-6.775003051757812,103.32500305175782
-6.825003051757813,103.2750030517578
-6.775003051757812,103.2750030517578
-6.8000030517578125,103.30000305175781
-6.825003051757813,103.42500152587891
-6.775003051757812,103.42500152587891
-6.825003051757813,103.3750015258789
-6.775003051757812,103.3750015258789
-6.8000030517578125,103.4000015258789
-6.825003051757813,103.4749969482422
-6.775003051757812,103.4749969482422
-6.825003051757813,103.42499694824218
-6.775003051757812,103.42499694824218
-6.8000030517578125,103.44999694824219
-6.825003051757813,103.525
-6.775003051757812,103.525
-6.825003051757813,103.475
-6.775003051757812,103.475
-6.8000030517578125,103.5
-6.825003051757813,104.57500305175782
-6.775003051757812,104.57500305175782
-6.825003051757813,104.5250030517578
-6.775003051757812,104.5250030517578
-6.8000030517578125,104.55000305175781
-6.825003051757813,109.17500152587891
-6.775003051757812,109.17500152587891
-6.825003051757813,109.1250015258789
-6.775003051757812,109.1250015258789
-6.8000030517578125,109.1500015258789
-6.825003051757813,109.6249984741211
-6.775003051757812,109.6249984741211
-6.825003051757813,109.57499847412109
-6.775003051757812,109.57499847412109
-6.8000030517578125,109.5999984741211
-6.825003051757813,110.2249969482422
-6.775003051757812,110.2249969482422
-6.825003051757813,110.17499694824218
-6.775003051757812,110.17499694824218
-6.8000030517578125,110.19999694824219
-6.825003051757813,112.37500610351563
-6.775003051757812,112.37500610351563
-6.825003051757813,112.32500610351562
-6.775003051757812,112.32500610351562
-6.8000030517578125,112.35000610351562
-6.825003051757813,133.67499389648438
-6.775003051757812,133.67499389648438
-6.825003051757813,133.62499389648437
-6.775003051757812,133.62499389648437
-6.8000030517578125,133.64999389648438
-6.825003051757813,133.7249969482422
-6.775003051757812,133.7249969482422
-6.825003051757813,133.67499694824218
-6.775003051757812,133.67499694824218
-6.8000030517578125,133.6999969482422
-6.825003051757813,133.82500305175782
-6.775003051757812,133.82500305175782
-6.825003051757813,133.7750030517578
-6.775003051757812,133.7750030517578
-6.8000030517578125,133.8000030517578
-6.825003051757813,133.87500610351563
-6.775003051757812,133.87500610351563
-6.825003051757813,133.82500610351562
-6.775003051757812,133.82500610351562
-6.8000030517578125,133.85000610351562
-6.825003051757813,136.17499389648438
-6.775003051757812,136.17499389648438
-6.825003051757813,136.12499389648437
-6.775003051757812,136.12499389648437
-6.8000030517578125,136.14999389648438
-6.825003051757813,136.42499389648438
-6.775003051757812,136.42499389648438
-6.825003051757813,136.37499389648437
-6.775003051757812,136.37499389648437
-6.8000030517578125,136.39999389648438
-6.825003051757813,136.57500305175782
-6.775003051757812,136.57500305175782
-6.825003051757813,136.5250030517578
-6.775003051757812,136.5250030517578
-6.8000030517578125,136.5500030517578
-6.825003051757813,136.62500610351563
-6.775003051757812,136.62500610351563
-6.825003051757813,136.57500610351562
-6.775003051757812,136.57500610351562
-6.8000030517578125,136.60000610351562
-6.825003051757813,136.67499389648438
-6.775003051757812,136.67499389648438
-6.825003051757813,136.62499389648437
-6.775003051757812,136.62499389648437
-6.8000030517578125,136.64999389648438
-6.825003051757813,136.9749969482422
-6.775003051757812,136.9749969482422
-6.825003051757813,136.92499694824218
-6.775003051757812,136.92499694824218
-6.8000030517578125,136.9499969482422
-6.825003051757813,137.025
-6.775003051757812,137.025
-6.825003051757813,136.975
-6.775003051757812,136.975
-6.8000030517578125,137.0
-6.825003051757813,137.07500305175782
-6.775003051757812,137.07500305175782
-6.825003051757813,137.0250030517578
-6.775003051757812,137.0250030517578
-6.8000030517578125,137.0500030517578
-6.874998474121094,93.775
-6.824998474121093,93.775
-6.874998474121094,93.725
-6.824998474121093,93.725
-6.849998474121094,93.75
-6.874998474121094,97.42500152587891
-6.824998474121093,97.42500152587891
-6.874998474121094,97.3750015258789
-6.824998474121093,97.3750015258789
-6.849998474121094,97.4000015258789
-6.874998474121094,103.07500305175782
-6.824998474121093,103.07500305175782
-6.874998474121094,103.0250030517578
-6.824998474121093,103.0250030517578
-6.849998474121094,103.05000305175781
-6.874998474121094,103.1249984741211
-6.824998474121093,103.1249984741211
-6.874998474121094,103.07499847412109
-6.824998474121093,103.07499847412109
-6.849998474121094,103.0999984741211
-6.874998474121094,103.17500152587891
-6.824998474121093,103.17500152587891
-6.874998474121094,103.1250015258789
-6.824998474121093,103.1250015258789
-6.849998474121094,103.1500015258789
-6.874998474121094,103.2249969482422
-6.824998474121093,103.2249969482422
-6.874998474121094,103.17499694824218
-6.824998474121093,103.17499694824218
-6.849998474121094,103.19999694824219
-6.874998474121094,103.32500305175782
-6.824998474121093,103.32500305175782
-6.874998474121094,103.2750030517578
-6.824998474121093,103.2750030517578
-6.849998474121094,103.30000305175781
-6.874998474121094,103.42500152587891
-6.824998474121093,103.42500152587891
-6.874998474121094,103.3750015258789
-6.824998474121093,103.3750015258789
-6.849998474121094,103.4000015258789
-6.874998474121094,103.4749969482422
-6.824998474121093,103.4749969482422
-6.874998474121094,103.42499694824218
-6.824998474121093,103.42499694824218
-6.849998474121094,103.44999694824219
-6.874998474121094,103.525
-6.824998474121093,103.525
-6.874998474121094,103.475
-6.824998474121093,103.475
-6.849998474121094,103.5
-6.874998474121094,103.6249984741211
-6.824998474121093,103.6249984741211
-6.874998474121094,103.57499847412109
-6.824998474121093,103.57499847412109
-6.849998474121094,103.5999984741211
-6.874998474121094,104.3749984741211
-6.824998474121093,104.3749984741211
-6.874998474121094,104.32499847412109
-6.824998474121093,104.32499847412109
-6.849998474121094,104.3499984741211
-6.874998474121094,104.525
-6.824998474121093,104.525
-6.874998474121094,104.475
-6.824998474121093,104.475
-6.849998474121094,104.5
-6.874998474121094,105.92500152587891
-6.824998474121093,105.92500152587891
-6.874998474121094,105.8750015258789
-6.824998474121093,105.8750015258789
-6.849998474121094,105.9000015258789
-6.874998474121094,106.07500305175782
-6.824998474121093,106.07500305175782
-6.874998474121094,106.0250030517578
-6.824998474121093,106.0250030517578
-6.849998474121094,106.05000305175781
-6.874998474121094,110.1249984741211
-6.824998474121093,110.1249984741211
-6.874998474121094,110.07499847412109
-6.824998474121093,110.07499847412109
-6.849998474121094,110.0999984741211
-6.874998474121094,113.32500305175782
-6.824998474121093,113.32500305175782
-6.874998474121094,113.2750030517578
-6.824998474121093,113.2750030517578
-6.849998474121094,113.30000305175781
-6.874998474121094,113.42500152587891
-6.824998474121093,113.42500152587891
-6.874998474121094,113.3750015258789
-6.824998474121093,113.3750015258789
-6.849998474121094,113.4000015258789
-6.874998474121094,113.4749969482422
-6.824998474121093,113.4749969482422
-6.874998474121094,113.42499694824218
-6.824998474121093,113.42499694824218
-6.849998474121094,113.44999694824219
-6.874998474121094,114.17500152587891
-6.824998474121093,114.17500152587891
-6.874998474121094,114.1250015258789
-6.824998474121093,114.1250015258789
-6.849998474121094,114.1500015258789
-6.874998474121094,121.12500610351563
-6.824998474121093,121.12500610351563
-6.874998474121094,121.07500610351562
-6.824998474121093,121.07500610351562
-6.849998474121094,121.10000610351562
-6.874998474121094,132.9749969482422
-6.824998474121093,132.9749969482422
-6.874998474121094,132.92499694824218
-6.824998474121093,132.92499694824218
-6.849998474121094,132.9499969482422
-6.874998474121094,133.2249969482422
-6.824998474121093,133.2249969482422
-6.874998474121094,133.17499694824218
-6.824998474121093,133.17499694824218
-6.849998474121094,133.1999969482422
-6.874998474121094,133.67499389648438
-6.824998474121093,133.67499389648438
-6.874998474121094,133.62499389648437
-6.824998474121093,133.62499389648437
-6.849998474121094,133.64999389648438
-6.874998474121094,133.7249969482422
-6.824998474121093,133.7249969482422
-6.874998474121094,133.67499694824218
-6.824998474121093,133.67499694824218
-6.849998474121094,133.6999969482422
-6.874998474121094,133.775
-6.824998474121093,133.775
-6.874998474121094,133.725
-6.824998474121093,133.725
-6.849998474121094,133.75
-6.874998474121094,136.12500610351563
-6.824998474121093,136.12500610351563
-6.874998474121094,136.07500610351562
-6.824998474121093,136.07500610351562
-6.849998474121094,136.10000610351562
-6.874998474121094,136.275
-6.824998474121093,136.275
-6.874998474121094,136.225
-6.824998474121093,136.225
-6.849998474121094,136.25
-6.874998474121094,136.4749969482422
-6.824998474121093,136.4749969482422
-6.874998474121094,136.42499694824218
-6.824998474121093,136.42499694824218
-6.849998474121094,136.4499969482422
-6.874998474121094,136.57500305175782
-6.824998474121093,136.57500305175782
-6.874998474121094,136.5250030517578
-6.824998474121093,136.5250030517578
-6.849998474121094,136.5500030517578
-6.874998474121094,136.67499389648438
-6.824998474121093,136.67499389648438
-6.874998474121094,136.62499389648437
-6.824998474121093,136.62499389648437
-6.849998474121094,136.64999389648438
-6.874998474121094,136.7249969482422
-6.824998474121093,136.7249969482422
-6.874998474121094,136.67499694824218
-6.824998474121093,136.67499694824218
-6.849998474121094,136.6999969482422
-6.874998474121094,136.82500305175782
-6.824998474121093,136.82500305175782
-6.874998474121094,136.7750030517578
-6.824998474121093,136.7750030517578
-6.849998474121094,136.8000030517578
-6.874998474121094,136.87500610351563
-6.824998474121093,136.87500610351563
-6.874998474121094,136.82500610351562
-6.824998474121093,136.82500610351562
-6.849998474121094,136.85000610351562
-6.874998474121094,136.92499389648438
-6.824998474121093,136.92499389648438
-6.874998474121094,136.87499389648437
-6.824998474121093,136.87499389648437
-6.849998474121094,136.89999389648438
-6.874998474121094,137.025
-6.824998474121093,137.025
-6.874998474121094,136.975
-6.824998474121093,136.975
-6.849998474121094,137.0
-6.925001525878907,103.025
-6.875001525878906,103.025
-6.925001525878907,102.975
-6.875001525878906,102.975
-6.900001525878906,103.0
-6.925001525878907,103.07500305175782
-6.875001525878906,103.07500305175782
-6.925001525878907,103.0250030517578
-6.875001525878906,103.0250030517578
-6.900001525878906,103.05000305175781
-6.925001525878907,103.17500152587891
-6.875001525878906,103.17500152587891
-6.925001525878907,103.1250015258789
-6.875001525878906,103.1250015258789
-6.900001525878906,103.1500015258789
-6.925001525878907,103.2249969482422
-6.875001525878906,103.2249969482422
-6.925001525878907,103.17499694824218
-6.875001525878906,103.17499694824218
-6.900001525878906,103.19999694824219
-6.925001525878907,103.275
-6.875001525878906,103.275
-6.925001525878907,103.225
-6.875001525878906,103.225
-6.900001525878906,103.25
-6.925001525878907,103.32500305175782
-6.875001525878906,103.32500305175782
-6.925001525878907,103.2750030517578
-6.875001525878906,103.2750030517578
-6.900001525878906,103.30000305175781
-6.925001525878907,103.3749984741211
-6.875001525878906,103.3749984741211
-6.925001525878907,103.32499847412109
-6.875001525878906,103.32499847412109
-6.900001525878906,103.3499984741211
-6.925001525878907,103.42500152587891
-6.875001525878906,103.42500152587891
-6.925001525878907,103.3750015258789
-6.875001525878906,103.3750015258789
-6.900001525878906,103.4000015258789
-6.925001525878907,103.4749969482422
-6.875001525878906,103.4749969482422
-6.925001525878907,103.42499694824218
-6.875001525878906,103.42499694824218
-6.900001525878906,103.44999694824219
-6.925001525878907,103.525
-6.875001525878906,103.525
-6.925001525878907,103.475
-6.875001525878906,103.475
-6.900001525878906,103.5
-6.925001525878907,103.57500305175782
-6.875001525878906,103.57500305175782
-6.925001525878907,103.5250030517578
-6.875001525878906,103.5250030517578
-6.900001525878906,103.55000305175781
-6.925001525878907,103.6249984741211
-6.875001525878906,103.6249984741211
-6.925001525878907,103.57499847412109
-6.875001525878906,103.57499847412109
-6.900001525878906,103.5999984741211
-6.925001525878907,110.025
-6.875001525878906,110.025
-6.925001525878907,109.975
-6.875001525878906,109.975
-6.900001525878906,110.0
-6.925001525878907,114.17500152587891
-6.875001525878906,114.17500152587891
-6.925001525878907,114.1250015258789
-6.875001525878906,114.1250015258789
-6.900001525878906,114.1500015258789
-6.925001525878907,121.2249969482422
-6.875001525878906,121.2249969482422
-6.925001525878907,121.17499694824218
-6.875001525878906,121.17499694824218
-6.900001525878906,121.19999694824219
-6.925001525878907,131.82500305175782
-6.875001525878906,131.82500305175782
-6.925001525878907,131.7750030517578
-6.875001525878906,131.7750030517578
-6.900001525878906,131.8000030517578
-6.925001525878907,132.87500610351563
-6.875001525878906,132.87500610351563
-6.925001525878907,132.82500610351562
-6.875001525878906,132.82500610351562
-6.900001525878906,132.85000610351562
-6.925001525878907,133.275
-6.875001525878906,133.275
-6.925001525878907,133.225
-6.875001525878906,133.225
-6.900001525878906,133.25
-6.925001525878907,133.525
-6.875001525878906,133.525
-6.925001525878907,133.475
-6.875001525878906,133.475
-6.900001525878906,133.5
-6.925001525878907,133.775
-6.875001525878906,133.775
-6.925001525878907,133.725
-6.875001525878906,133.725
-6.900001525878906,133.75
-6.925001525878907,133.82500305175782
-6.875001525878906,133.82500305175782
-6.925001525878907,133.7750030517578
-6.875001525878906,133.7750030517578
-6.900001525878906,133.8000030517578
-6.925001525878907,133.87500610351563
-6.875001525878906,133.87500610351563
-6.925001525878907,133.82500610351562
-6.875001525878906,133.82500610351562
-6.900001525878906,133.85000610351562
-6.925001525878907,135.87500610351563
-6.875001525878906,135.87500610351563
-6.925001525878907,135.82500610351562
-6.875001525878906,135.82500610351562
-6.900001525878906,135.85000610351562
-6.925001525878907,136.7249969482422
-6.875001525878906,136.7249969482422
-6.925001525878907,136.67499694824218
-6.875001525878906,136.67499694824218
-6.900001525878906,136.6999969482422
-6.925001525878907,138.42499389648438
-6.875001525878906,138.42499389648438
-6.925001525878907,138.37499389648437
-6.875001525878906,138.37499389648437
-6.900001525878906,138.39999389648438
-6.975004577636719,92.025
-6.925004577636718,92.025
-6.975004577636719,91.975
-6.925004577636718,91.975
-6.950004577636719,92.0
-6.975004577636719,102.9749969482422
-6.925004577636718,102.9749969482422
-6.975004577636719,102.92499694824218
-6.925004577636718,102.92499694824218
-6.950004577636719,102.94999694824219
-6.975004577636719,103.025
-6.925004577636718,103.025
-6.975004577636719,102.975
-6.925004577636718,102.975
-6.950004577636719,103.0
-6.975004577636719,103.07500305175782
-6.925004577636718,103.07500305175782
-6.975004577636719,103.0250030517578
-6.925004577636718,103.0250030517578
-6.950004577636719,103.05000305175781
-6.975004577636719,103.1249984741211
-6.925004577636718,103.1249984741211
-6.975004577636719,103.07499847412109
-6.925004577636718,103.07499847412109
-6.950004577636719,103.0999984741211
-6.975004577636719,103.2249969482422
-6.925004577636718,103.2249969482422
-6.975004577636719,103.17499694824218
-6.925004577636718,103.17499694824218
-6.950004577636719,103.19999694824219
-6.975004577636719,103.32500305175782
-6.925004577636718,103.32500305175782
-6.975004577636719,103.2750030517578
-6.925004577636718,103.2750030517578
-6.950004577636719,103.30000305175781
-6.975004577636719,103.42500152587891
-6.925004577636718,103.42500152587891
-6.975004577636719,103.3750015258789
-6.925004577636718,103.3750015258789
-6.950004577636719,103.4000015258789
-6.975004577636719,103.4749969482422
-6.925004577636718,103.4749969482422
-6.975004577636719,103.42499694824218
-6.925004577636718,103.42499694824218
-6.950004577636719,103.44999694824219
-6.975004577636719,103.525
-6.925004577636718,103.525
-6.975004577636719,103.475
-6.925004577636718,103.475
-6.950004577636719,103.5
-6.975004577636719,103.57500305175782
-6.925004577636718,103.57500305175782
-6.975004577636719,103.5250030517578
-6.925004577636718,103.5250030517578
-6.950004577636719,103.55000305175781
-6.975004577636719,103.67500152587891
-6.925004577636718,103.67500152587891
-6.975004577636719,103.6250015258789
-6.925004577636718,103.6250015258789
-6.950004577636719,103.6500015258789
-6.975004577636719,103.82500305175782
-6.925004577636718,103.82500305175782
-6.975004577636719,103.7750030517578
-6.925004577636718,103.7750030517578
-6.950004577636719,103.80000305175781
-6.975004577636719,103.92500152587891
-6.925004577636718,103.92500152587891
-6.975004577636719,103.8750015258789
-6.925004577636718,103.8750015258789
-6.950004577636719,103.9000015258789
-6.975004577636719,104.025
-6.925004577636718,104.025
-6.975004577636719,103.975
-6.925004577636718,103.975
-6.950004577636719,104.0
-6.975004577636719,104.1249984741211
-6.925004577636718,104.1249984741211
-6.975004577636719,104.07499847412109
-6.925004577636718,104.07499847412109
-6.950004577636719,104.0999984741211
-6.975004577636719,115.2249969482422
-6.925004577636718,115.2249969482422
-6.975004577636719,115.17499694824218
-6.925004577636718,115.17499694824218
-6.950004577636719,115.19999694824219
-6.975004577636719,115.67500152587891
-6.925004577636718,115.67500152587891
-6.975004577636719,115.6250015258789
-6.925004577636718,115.6250015258789
-6.950004577636719,115.6500015258789
-6.975004577636719,121.025
-6.925004577636718,121.025
-6.975004577636719,120.975
-6.925004577636718,120.975
-6.950004577636719,121.0
-6.975004577636719,133.12500610351563
-6.925004577636718,133.12500610351563
-6.975004577636719,133.07500610351562
-6.925004577636718,133.07500610351562
-6.950004577636719,133.10000610351562
-6.975004577636719,133.2249969482422
-6.925004577636718,133.2249969482422
-6.975004577636719,133.17499694824218
-6.925004577636718,133.17499694824218
-6.950004577636719,133.1999969482422
-6.975004577636719,133.275
-6.925004577636718,133.275
-6.975004577636719,133.225
-6.925004577636718,133.225
-6.950004577636719,133.25
-6.975004577636719,133.42499389648438
-6.925004577636718,133.42499389648438
-6.975004577636719,133.37499389648437
-6.925004577636718,133.37499389648437
-6.950004577636719,133.39999389648438
-6.975004577636719,133.4749969482422
-6.925004577636718,133.4749969482422
-6.975004577636719,133.42499694824218
-6.925004577636718,133.42499694824218
-6.950004577636719,133.4499969482422
-6.975004577636719,133.525
-6.925004577636718,133.525
-6.975004577636719,133.475
-6.925004577636718,133.475
-6.950004577636719,133.5
-6.975004577636719,133.57500305175782
-6.925004577636718,133.57500305175782
-6.975004577636719,133.5250030517578
-6.925004577636718,133.5250030517578
-6.950004577636719,133.5500030517578
-6.975004577636719,133.62500610351563
-6.925004577636718,133.62500610351563
-6.975004577636719,133.57500610351562
-6.925004577636718,133.57500610351562
-6.950004577636719,133.60000610351562
-6.975004577636719,133.67499389648438
-6.925004577636718,133.67499389648438
-6.975004577636719,133.62499389648437
-6.925004577636718,133.62499389648437
-6.950004577636719,133.64999389648438
-6.975004577636719,133.82500305175782
-6.925004577636718,133.82500305175782
-6.975004577636719,133.7750030517578
-6.925004577636718,133.7750030517578
-6.950004577636719,133.8000030517578
-6.975004577636719,133.87500610351563
-6.925004577636718,133.87500610351563
-6.975004577636719,133.82500610351562
-6.925004577636718,133.82500610351562
-6.950004577636719,133.85000610351562
-6.975004577636719,135.57500305175782
-6.925004577636718,135.57500305175782
-6.975004577636719,135.5250030517578
-6.925004577636718,135.5250030517578
-6.950004577636719,135.5500030517578
-6.975004577636719,135.7249969482422
-6.925004577636718,135.7249969482422
-6.975004577636719,135.67499694824218
-6.925004577636718,135.67499694824218
-6.950004577636719,135.6999969482422
-6.975004577636719,135.775
-6.925004577636718,135.775
-6.975004577636719,135.725
-6.925004577636718,135.725
-6.950004577636719,135.75
-6.975004577636719,135.82500305175782
-6.925004577636718,135.82500305175782
-6.975004577636719,135.7750030517578
-6.925004577636718,135.7750030517578
-6.950004577636719,135.8000030517578
-6.975004577636719,135.92499389648438
-6.925004577636718,135.92499389648438
-6.975004577636719,135.87499389648437
-6.925004577636718,135.87499389648437
-6.950004577636719,135.89999389648438
-6.975004577636719,136.025
-6.925004577636718,136.025
-6.975004577636719,135.975
-6.925004577636718,135.975
-6.950004577636719,136.0
-6.975004577636719,136.275
-6.925004577636718,136.275
-6.975004577636719,136.225
-6.925004577636718,136.225
-6.950004577636719,136.25
-6.975004577636719,136.32500305175782
-6.925004577636718,136.32500305175782
-6.975004577636719,136.2750030517578
-6.925004577636718,136.2750030517578
-6.950004577636719,136.3000030517578
-6.975004577636719,136.67499389648438
-6.925004577636718,136.67499389648438
-6.975004577636719,136.62499389648437
-6.925004577636718,136.62499389648437
-6.950004577636719,136.64999389648438
-6.975004577636719,136.775
-6.925004577636718,136.775
-6.975004577636719,136.725
-6.925004577636718,136.725
-6.950004577636719,136.75
-6.975004577636719,136.82500305175782
-6.925004577636718,136.82500305175782
-6.975004577636719,136.7750030517578
-6.925004577636718,136.7750030517578
-6.950004577636719,136.8000030517578
-6.975004577636719,136.87500610351563
-6.925004577636718,136.87500610351563
-6.975004577636719,136.82500610351562
-6.925004577636718,136.82500610351562
-6.950004577636719,136.85000610351562
-6.975004577636719,136.92499389648438
-6.925004577636718,136.92499389648438
-6.975004577636719,136.87499389648437
-6.925004577636718,136.87499389648437
-6.950004577636719,136.89999389648438
-6.975004577636719,138.525
-6.925004577636718,138.525
-6.975004577636719,138.475
-6.925004577636718,138.475
-6.950004577636719,138.5
-7.025,103.57500305175782
-6.975,103.57500305175782
-7.025,103.5250030517578
-6.975,103.5250030517578
-7.0,103.55000305175781
-7.025,103.82500305175782
-6.975,103.82500305175782
-7.025,103.7750030517578
-6.975,103.7750030517578
-7.0,103.80000305175781
-7.025,103.92500152587891
-6.975,103.92500152587891
-7.025,103.8750015258789
-6.975,103.8750015258789
-7.0,103.9000015258789
-7.025,103.9749969482422
-6.975,103.9749969482422
-7.025,103.92499694824218
-6.975,103.92499694824218
-7.0,103.94999694824219
-7.025,104.025
-6.975,104.025
-7.025,103.975
-6.975,103.975
-7.0,104.0
-7.025,104.1249984741211
-6.975,104.1249984741211
-7.025,104.07499847412109
-6.975,104.07499847412109
-7.0,104.0999984741211
-7.025,104.3749984741211
-6.975,104.3749984741211
-7.025,104.32499847412109
-6.975,104.32499847412109
-7.0,104.3499984741211
-7.025,114.2249969482422
-6.975,114.2249969482422
-7.025,114.17499694824218
-6.975,114.17499694824218
-7.0,114.19999694824219
-7.025,115.275
-6.975,115.275
-7.025,115.225
-6.975,115.225
-7.0,115.25
-7.025,115.42500152587891
-6.975,115.42500152587891
-7.025,115.3750015258789
-6.975,115.3750015258789
-7.0,115.4000015258789
-7.025,120.525
-6.975,120.525
-7.025,120.475
-6.975,120.475
-7.0,120.5
-7.025,133.12500610351563
-6.975,133.12500610351563
-7.025,133.07500610351562
-6.975,133.07500610351562
-7.0,133.10000610351562
-7.025,133.17499389648438
-6.975,133.17499389648438
-7.025,133.12499389648437
-6.975,133.12499389648437
-7.0,133.14999389648438
-7.025,133.275
-6.975,133.275
-7.025,133.225
-6.975,133.225
-7.0,133.25
-7.025,133.32500305175782
-6.975,133.32500305175782
-7.025,133.2750030517578
-6.975,133.2750030517578
-7.0,133.3000030517578
-7.025,133.37500610351563
-6.975,133.37500610351563
-7.025,133.32500610351562
-6.975,133.32500610351562
-7.0,133.35000610351562
-7.025,133.62500610351563
-6.975,133.62500610351563
-7.025,133.57500610351562
-6.975,133.57500610351562
-7.0,133.60000610351562
-7.025,133.67499389648438
-6.975,133.67499389648438
-7.025,133.62499389648437
-6.975,133.62499389648437
-7.0,133.64999389648438
-7.025,133.7249969482422
-6.975,133.7249969482422
-7.025,133.67499694824218
-6.975,133.67499694824218
-7.0,133.6999969482422
-7.025,135.525
-6.975,135.525
-7.025,135.475
-6.975,135.475
-7.0,135.5
-7.025,135.57500305175782
-6.975,135.57500305175782
-7.025,135.5250030517578
-6.975,135.5250030517578
-7.0,135.5500030517578
-7.025,135.775
-6.975,135.775
-7.025,135.725
-6.975,135.725
-7.0,135.75
-7.025,136.12500610351563
-6.975,136.12500610351563
-7.025,136.07500610351562
-6.975,136.07500610351562
-7.0,136.10000610351562
-7.025,136.32500305175782
-6.975,136.32500305175782
-7.025,136.2750030517578
-6.975,136.2750030517578
-7.0,136.3000030517578
-7.025,136.37500610351563
-6.975,136.37500610351563
-7.025,136.32500610351562
-6.975,136.32500610351562
-7.0,136.35000610351562
-7.025,136.42499389648438
-6.975,136.42499389648438
-7.025,136.37499389648437
-6.975,136.37499389648437
-7.0,136.39999389648438
-7.025,136.525
-6.975,136.525
-7.025,136.475
-6.975,136.475
-7.0,136.5
-7.025,136.57500305175782
-6.975,136.57500305175782
-7.025,136.5250030517578
-6.975,136.5250030517578
-7.0,136.5500030517578
-7.025,136.67499389648438
-6.975,136.67499389648438
-7.025,136.62499389648437
-6.975,136.62499389648437
-7.0,136.64999389648438
-7.025,136.775
-6.975,136.775
-7.025,136.725
-6.975,136.725
-7.0,136.75
-7.025,136.9749969482422
-6.975,136.9749969482422
-7.025,136.92499694824218
-6.975,136.92499694824218
-7.0,136.9499969482422
-7.025,137.025
-6.975,137.025
-7.025,136.975
-6.975,136.975
-7.0,137.0
-7.075003051757813,92.17500152587891
-7.025003051757812,92.17500152587891
-7.075003051757813,92.1250015258789
-7.025003051757812,92.1250015258789
-7.0500030517578125,92.1500015258789
-7.075003051757813,104.025
-7.025003051757812,104.025
-7.075003051757813,103.975
-7.025003051757812,103.975
-7.0500030517578125,104.0
-7.075003051757813,104.1249984741211
-7.025003051757812,104.1249984741211
-7.075003051757813,104.07499847412109
-7.025003051757812,104.07499847412109
-7.0500030517578125,104.0999984741211
-7.075003051757813,104.275
-7.025003051757812,104.275
-7.075003051757813,104.225
-7.025003051757812,104.225
-7.0500030517578125,104.25
-7.075003051757813,105.025
-7.025003051757812,105.025
-7.075003051757813,104.975
-7.025003051757812,104.975
-7.0500030517578125,105.0
-7.075003051757813,118.12500610351563
-7.025003051757812,118.12500610351563
-7.075003051757813,118.07500610351562
-7.025003051757812,118.07500610351562
-7.0500030517578125,118.10000610351562
-7.075003051757813,121.07500305175782
-7.025003051757812,121.07500305175782
-7.075003051757813,121.0250030517578
-7.025003051757812,121.0250030517578
-7.0500030517578125,121.05000305175781
-7.075003051757813,131.7249969482422
-7.025003051757812,131.7249969482422
-7.075003051757813,131.67499694824218
-7.025003051757812,131.67499694824218
-7.0500030517578125,131.6999969482422
-7.075003051757813,132.12500610351563
-7.025003051757812,132.12500610351563
-7.075003051757813,132.07500610351562
-7.025003051757812,132.07500610351562
-7.0500030517578125,132.10000610351562
-7.075003051757813,133.12500610351563
-7.025003051757812,133.12500610351563
-7.075003051757813,133.07500610351562
-7.025003051757812,133.07500610351562
-7.0500030517578125,133.10000610351562
-7.075003051757813,133.17499389648438
-7.025003051757812,133.17499389648438
-7.075003051757813,133.12499389648437
-7.025003051757812,133.12499389648437
-7.0500030517578125,133.14999389648438
-7.075003051757813,133.2249969482422
-7.025003051757812,133.2249969482422
-7.075003051757813,133.17499694824218
-7.025003051757812,133.17499694824218
-7.0500030517578125,133.1999969482422
-7.075003051757813,133.275
-7.025003051757812,133.275
-7.075003051757813,133.225
-7.025003051757812,133.225
-7.0500030517578125,133.25
-7.075003051757813,133.32500305175782
-7.025003051757812,133.32500305175782
-7.075003051757813,133.2750030517578
-7.025003051757812,133.2750030517578
-7.0500030517578125,133.3000030517578
-7.075003051757813,133.37500610351563
-7.025003051757812,133.37500610351563
-7.075003051757813,133.32500610351562
-7.025003051757812,133.32500610351562
-7.0500030517578125,133.35000610351562
-7.075003051757813,133.525
-7.025003051757812,133.525
-7.075003051757813,133.475
-7.025003051757812,133.475
-7.0500030517578125,133.5
-7.075003051757813,133.57500305175782
-7.025003051757812,133.57500305175782
-7.075003051757813,133.5250030517578
-7.025003051757812,133.5250030517578
-7.0500030517578125,133.5500030517578
-7.075003051757813,133.7249969482422
-7.025003051757812,133.7249969482422
-7.075003051757813,133.67499694824218
-7.025003051757812,133.67499694824218
-7.0500030517578125,133.6999969482422
-7.075003051757813,133.775
-7.025003051757812,133.775
-7.075003051757813,133.725
-7.025003051757812,133.725
-7.0500030517578125,133.75
-7.075003051757813,135.62500610351563
-7.025003051757812,135.62500610351563
-7.075003051757813,135.57500610351562
-7.025003051757812,135.57500610351562
-7.0500030517578125,135.60000610351562
-7.075003051757813,135.775
-7.025003051757812,135.775
-7.075003051757813,135.725
-7.025003051757812,135.725
-7.0500030517578125,135.75
-7.075003051757813,135.87500610351563
-7.025003051757812,135.87500610351563
-7.075003051757813,135.82500610351562
-7.025003051757812,135.82500610351562
-7.0500030517578125,135.85000610351562
-7.075003051757813,135.92499389648438
-7.025003051757812,135.92499389648438
-7.075003051757813,135.87499389648437
-7.025003051757812,135.87499389648437
-7.0500030517578125,135.89999389648438
-7.075003051757813,135.9749969482422
-7.025003051757812,135.9749969482422
-7.075003051757813,135.92499694824218
-7.025003051757812,135.92499694824218
-7.0500030517578125,135.9499969482422
-7.075003051757813,136.32500305175782
-7.025003051757812,136.32500305175782
-7.075003051757813,136.2750030517578
-7.025003051757812,136.2750030517578
-7.0500030517578125,136.3000030517578
-7.075003051757813,136.37500610351563
-7.025003051757812,136.37500610351563
-7.075003051757813,136.32500610351562
-7.025003051757812,136.32500610351562
-7.0500030517578125,136.35000610351562
-7.124998474121094,91.025
-7.074998474121093,91.025
-7.124998474121094,90.975
-7.074998474121093,90.975
-7.099998474121094,91.0
-7.124998474121094,96.525
-7.074998474121093,96.525
-7.124998474121094,96.475
-7.074998474121093,96.475
-7.099998474121094,96.5
-7.124998474121094,104.07500305175782
-7.074998474121093,104.07500305175782
-7.124998474121094,104.0250030517578
-7.074998474121093,104.0250030517578
-7.099998474121094,104.05000305175781
-7.124998474121094,104.32500305175782
-7.074998474121093,104.32500305175782
-7.124998474121094,104.2750030517578
-7.074998474121093,104.2750030517578
-7.099998474121094,104.30000305175781
-7.124998474121094,104.3749984741211
-7.074998474121093,104.3749984741211
-7.124998474121094,104.32499847412109
-7.074998474121093,104.32499847412109
-7.099998474121094,104.3499984741211
-7.124998474121094,131.62500610351563
-7.074998474121093,131.62500610351563
-7.124998474121094,131.57500610351562
-7.074998474121093,131.57500610351562
-7.099998474121094,131.60000610351562
-7.124998474121094,131.9749969482422
-7.074998474121093,131.9749969482422
-7.124998474121094,131.92499694824218
-7.074998474121093,131.92499694824218
-7.099998474121094,131.9499969482422
-7.124998474121094,132.9749969482422
-7.074998474121093,132.9749969482422
-7.124998474121094,132.92499694824218
-7.074998474121093,132.92499694824218
-7.099998474121094,132.9499969482422
-7.124998474121094,133.025
-7.074998474121093,133.025
-7.124998474121094,132.975
-7.074998474121093,132.975
-7.099998474121094,133.0
-7.124998474121094,133.07500305175782
-7.074998474121093,133.07500305175782
-7.124998474121094,133.0250030517578
-7.074998474121093,133.0250030517578
-7.099998474121094,133.0500030517578
-7.124998474121094,133.12500610351563
-7.074998474121093,133.12500610351563
-7.124998474121094,133.07500610351562
-7.074998474121093,133.07500610351562
-7.099998474121094,133.10000610351562
-7.124998474121094,133.17499389648438
-7.074998474121093,133.17499389648438
-7.124998474121094,133.12499389648437
-7.074998474121093,133.12499389648437
-7.099998474121094,133.14999389648438
-7.124998474121094,133.32500305175782
-7.074998474121093,133.32500305175782
-7.124998474121094,133.2750030517578
-7.074998474121093,133.2750030517578
-7.099998474121094,133.3000030517578
-7.124998474121094,133.4749969482422
-7.074998474121093,133.4749969482422
-7.124998474121094,133.42499694824218
-7.074998474121093,133.42499694824218
-7.099998474121094,133.4499969482422
-7.124998474121094,133.525
-7.074998474121093,133.525
-7.124998474121094,133.475
-7.074998474121093,133.475
-7.099998474121094,133.5
-7.124998474121094,133.62500610351563
-7.074998474121093,133.62500610351563
-7.124998474121094,133.57500610351562
-7.074998474121093,133.57500610351562
-7.099998474121094,133.60000610351562
-7.124998474121094,133.7249969482422
-7.074998474121093,133.7249969482422
-7.124998474121094,133.67499694824218
-7.074998474121093,133.67499694824218
-7.099998474121094,133.6999969482422
-7.124998474121094,135.67499389648438
-7.074998474121093,135.67499389648438
-7.124998474121094,135.62499389648437
-7.074998474121093,135.62499389648437
-7.099998474121094,135.64999389648438
-7.124998474121094,136.025
-7.074998474121093,136.025
-7.124998474121094,135.975
-7.074998474121093,135.975
-7.099998474121094,136.0
-7.124998474121094,136.12500610351563
-7.074998474121093,136.12500610351563
-7.124998474121094,136.07500610351562
-7.074998474121093,136.07500610351562
-7.099998474121094,136.10000610351562
-7.124998474121094,136.17499389648438
-7.074998474121093,136.17499389648438
-7.124998474121094,136.12499389648437
-7.074998474121093,136.12499389648437
-7.099998474121094,136.14999389648438
-7.124998474121094,136.32500305175782
-7.074998474121093,136.32500305175782
-7.124998474121094,136.2750030517578
-7.074998474121093,136.2750030517578
-7.099998474121094,136.3000030517578
-7.124998474121094,136.37500610351563
-7.074998474121093,136.37500610351563
-7.124998474121094,136.32500610351562
-7.074998474121093,136.32500610351562
-7.099998474121094,136.35000610351562
-7.124998474121094,136.42499389648438
-7.074998474121093,136.42499389648438
-7.124998474121094,136.37499389648437
-7.074998474121093,136.37499389648437
-7.099998474121094,136.39999389648438
-7.124998474121094,136.4749969482422
-7.074998474121093,136.4749969482422
-7.124998474121094,136.42499694824218
-7.074998474121093,136.42499694824218
-7.099998474121094,136.4499969482422
-7.175001525878907,104.3749984741211
-7.125001525878906,104.3749984741211
-7.175001525878907,104.32499847412109
-7.125001525878906,104.32499847412109
-7.150001525878906,104.3499984741211
-7.175001525878907,114.025
-7.125001525878906,114.025
-7.175001525878907,113.975
-7.125001525878906,113.975
-7.150001525878906,114.0
-7.175001525878907,133.17499389648438
-7.125001525878906,133.17499389648438
-7.175001525878907,133.12499389648437
-7.125001525878906,133.12499389648437
-7.150001525878906,133.14999389648438
-7.175001525878907,133.2249969482422
-7.125001525878906,133.2249969482422
-7.175001525878907,133.17499694824218
-7.125001525878906,133.17499694824218
-7.150001525878906,133.1999969482422
-7.175001525878907,133.275
-7.125001525878906,133.275
-7.175001525878907,133.225
-7.125001525878906,133.225
-7.150001525878906,133.25
-7.175001525878907,133.4749969482422
-7.125001525878906,133.4749969482422
-7.175001525878907,133.42499694824218
-7.125001525878906,133.42499694824218
-7.150001525878906,133.4499969482422
-7.175001525878907,133.62500610351563
-7.125001525878906,133.62500610351563
-7.175001525878907,133.57500610351562
-7.125001525878906,133.57500610351562
-7.150001525878906,133.60000610351562
-7.175001525878907,133.775
-7.125001525878906,133.775
-7.175001525878907,133.725
-7.125001525878906,133.725
-7.150001525878906,133.75
-7.175001525878907,134.2249969482422
-7.125001525878906,134.2249969482422
-7.175001525878907,134.17499694824218
-7.125001525878906,134.17499694824218
-7.150001525878906,134.1999969482422
-7.175001525878907,135.62500610351563
-7.125001525878906,135.62500610351563
-7.175001525878907,135.57500610351562
-7.125001525878906,135.57500610351562
-7.150001525878906,135.60000610351562
-7.175001525878907,135.7249969482422
-7.125001525878906,135.7249969482422
-7.175001525878907,135.67499694824218
-7.125001525878906,135.67499694824218
-7.150001525878906,135.6999969482422
-7.175001525878907,135.775
-7.125001525878906,135.775
-7.175001525878907,135.725
-7.125001525878906,135.725
-7.150001525878906,135.75
-7.175001525878907,135.82500305175782
-7.125001525878906,135.82500305175782
-7.175001525878907,135.7750030517578
-7.125001525878906,135.7750030517578
-7.150001525878906,135.8000030517578
-7.175001525878907,135.87500610351563
-7.125001525878906,135.87500610351563
-7.175001525878907,135.82500610351562
-7.125001525878906,135.82500610351562
-7.150001525878906,135.85000610351562
-7.175001525878907,136.07500305175782
-7.125001525878906,136.07500305175782
-7.175001525878907,136.0250030517578
-7.125001525878906,136.0250030517578
-7.150001525878906,136.0500030517578
-7.175001525878907,136.12500610351563
-7.125001525878906,136.12500610351563
-7.175001525878907,136.07500610351562
-7.125001525878906,136.07500610351562
-7.150001525878906,136.10000610351562
-7.175001525878907,136.17499389648438
-7.125001525878906,136.17499389648438
-7.175001525878907,136.12499389648437
-7.125001525878906,136.12499389648437
-7.150001525878906,136.14999389648438
-7.225004577636719,106.32500305175782
-7.175004577636718,106.32500305175782
-7.225004577636719,106.2750030517578
-7.175004577636718,106.2750030517578
-7.200004577636719,106.30000305175781
-7.225004577636719,106.3749984741211
-7.175004577636718,106.3749984741211
-7.225004577636719,106.32499847412109
-7.175004577636718,106.32499847412109
-7.200004577636719,106.3499984741211
-7.225004577636719,113.67500152587891
-7.175004577636718,113.67500152587891
-7.225004577636719,113.6250015258789
-7.175004577636718,113.6250015258789
-7.200004577636719,113.6500015258789
-7.225004577636719,113.7249969482422
-7.175004577636718,113.7249969482422
-7.225004577636719,113.67499694824218
-7.175004577636718,113.67499694824218
-7.200004577636719,113.69999694824219
-7.225004577636719,113.775
-7.175004577636718,113.775
-7.225004577636719,113.725
-7.175004577636718,113.725
-7.200004577636719,113.75
-7.225004577636719,132.07500305175782
-7.175004577636718,132.07500305175782
-7.225004577636719,132.0250030517578
-7.175004577636718,132.0250030517578
-7.200004577636719,132.0500030517578
-7.225004577636719,132.525
-7.175004577636718,132.525
-7.225004577636719,132.475
-7.175004577636718,132.475
-7.200004577636719,132.5
-7.225004577636719,132.775
-7.175004577636718,132.775
-7.225004577636719,132.725
-7.175004577636718,132.725
-7.200004577636719,132.75
-7.225004577636719,132.82500305175782
-7.175004577636718,132.82500305175782
-7.225004577636719,132.7750030517578
-7.175004577636718,132.7750030517578
-7.200004577636719,132.8000030517578
-7.225004577636719,132.87500610351563
-7.175004577636718,132.87500610351563
-7.225004577636719,132.82500610351562
-7.175004577636718,132.82500610351562
-7.200004577636719,132.85000610351562
-7.225004577636719,133.025
-7.175004577636718,133.025
-7.225004577636719,132.975
-7.175004577636718,132.975
-7.200004577636719,133.0
-7.225004577636719,133.17499389648438
-7.175004577636718,133.17499389648438
-7.225004577636719,133.12499389648437
-7.175004577636718,133.12499389648437
-7.200004577636719,133.14999389648438
-7.225004577636719,133.2249969482422
-7.175004577636718,133.2249969482422
-7.225004577636719,133.17499694824218
-7.175004577636718,133.17499694824218
-7.200004577636719,133.1999969482422
-7.225004577636719,133.275
-7.175004577636718,133.275
-7.225004577636719,133.225
-7.175004577636718,133.225
-7.200004577636719,133.25
-7.225004577636719,133.37500610351563
-7.175004577636718,133.37500610351563
-7.225004577636719,133.32500610351562
-7.175004577636718,133.32500610351562
-7.200004577636719,133.35000610351562
-7.225004577636719,133.4749969482422
-7.175004577636718,133.4749969482422
-7.225004577636719,133.42499694824218
-7.175004577636718,133.42499694824218
-7.200004577636719,133.4499969482422
-7.225004577636719,133.82500305175782
-7.175004577636718,133.82500305175782
-7.225004577636719,133.7750030517578
-7.175004577636718,133.7750030517578
-7.200004577636719,133.8000030517578
-7.225004577636719,135.32500305175782
-7.175004577636718,135.32500305175782
-7.225004577636719,135.2750030517578
-7.175004577636718,135.2750030517578
-7.200004577636719,135.3000030517578
-7.225004577636719,135.37500610351563
-7.175004577636718,135.37500610351563
-7.225004577636719,135.32500610351562
-7.175004577636718,135.32500610351562
-7.200004577636719,135.35000610351562
-7.225004577636719,135.42499389648438
-7.175004577636718,135.42499389648438
-7.225004577636719,135.37499389648437
-7.175004577636718,135.37499389648437
-7.200004577636719,135.39999389648438
-7.225004577636719,136.12500610351563
-7.175004577636718,136.12500610351563
-7.225004577636719,136.07500610351562
-7.175004577636718,136.07500610351562
-7.200004577636719,136.10000610351562
-7.225004577636719,136.17499389648438
-7.175004577636718,136.17499389648438
-7.225004577636719,136.12499389648437
-7.175004577636718,136.12499389648437
-7.200004577636719,136.14999389648438
-7.225004577636719,136.2249969482422
-7.175004577636718,136.2249969482422
-7.225004577636719,136.17499694824218
-7.175004577636718,136.17499694824218
-7.200004577636719,136.1999969482422
-7.225004577636719,137.525
-7.175004577636718,137.525
-7.225004577636719,137.475
-7.175004577636718,137.475
-7.200004577636719,137.5
-7.225004577636719,137.57500305175782
-7.175004577636718,137.57500305175782
-7.225004577636719,137.5250030517578
-7.175004577636718,137.5250030517578
-7.200004577636719,137.5500030517578
-7.275,113.37500610351563
-7.225,113.37500610351563
-7.275,113.32500610351562
-7.225,113.32500610351562
-7.25,113.35000610351562
-7.275,113.7249969482422
-7.225,113.7249969482422
-7.275,113.67499694824218
-7.225,113.67499694824218
-7.25,113.69999694824219
-7.275,113.775
-7.225,113.775
-7.275,113.725
-7.225,113.725
-7.25,113.75
-7.275,113.82500305175782
-7.225,113.82500305175782
-7.275,113.7750030517578
-7.225,113.7750030517578
-7.25,113.80000305175781
-7.275,121.57500305175782
-7.225,121.57500305175782
-7.275,121.5250030517578
-7.225,121.5250030517578
-7.25,121.55000305175781
-7.275,121.7249969482422
-7.225,121.7249969482422
-7.275,121.67499694824218
-7.225,121.67499694824218
-7.25,121.69999694824219
-7.275,131.7249969482422
-7.225,131.7249969482422
-7.275,131.67499694824218
-7.225,131.67499694824218
-7.25,131.6999969482422
-7.275,131.92499389648438
-7.225,131.92499389648438
-7.275,131.87499389648437
-7.225,131.87499389648437
-7.25,131.89999389648438
-7.275,132.57500305175782
-7.225,132.57500305175782
-7.275,132.5250030517578
-7.225,132.5250030517578
-7.25,132.5500030517578
-7.275,132.7249969482422
-7.225,132.7249969482422
-7.275,132.67499694824218
-7.225,132.67499694824218
-7.25,132.6999969482422
-7.275,132.87500610351563
-7.225,132.87500610351563
-7.275,132.82500610351562
-7.225,132.82500610351562
-7.25,132.85000610351562
-7.275,132.92499389648438
-7.225,132.92499389648438
-7.275,132.87499389648437
-7.225,132.87499389648437
-7.25,132.89999389648438
-7.275,132.9749969482422
-7.225,132.9749969482422
-7.275,132.92499694824218
-7.225,132.92499694824218
-7.25,132.9499969482422
-7.275,133.025
-7.225,133.025
-7.275,132.975
-7.225,132.975
-7.25,133.0
-7.275,133.07500305175782
-7.225,133.07500305175782
-7.275,133.0250030517578
-7.225,133.0250030517578
-7.25,133.0500030517578
-7.275,133.12500610351563
-7.225,133.12500610351563
-7.275,133.07500610351562
-7.225,133.07500610351562
-7.25,133.10000610351562
-7.275,133.17499389648438
-7.225,133.17499389648438
-7.275,133.12499389648437
-7.225,133.12499389648437
-7.25,133.14999389648438
-7.275,133.37500610351563
-7.225,133.37500610351563
-7.275,133.32500610351562
-7.225,133.32500610351562
-7.25,133.35000610351562
-7.275,133.9749969482422
-7.225,133.9749969482422
-7.275,133.92499694824218
-7.225,133.92499694824218
-7.25,133.9499969482422
-7.275,135.025
-7.225,135.025
-7.275,134.975
-7.225,134.975
-7.25,135.0
-7.275,135.275
-7.225,135.275
-7.275,135.225
-7.225,135.225
-7.25,135.25
-7.275,135.37500610351563
-7.225,135.37500610351563
-7.275,135.32500610351562
-7.225,135.32500610351562
-7.25,135.35000610351562
-7.275,135.42499389648438
-7.225,135.42499389648438
-7.275,135.37499389648437
-7.225,135.37499389648437
-7.25,135.39999389648438
-7.275,135.67499389648438
-7.225,135.67499389648438
-7.275,135.62499389648437
-7.225,135.62499389648437
-7.25,135.64999389648438
-7.275,135.7249969482422
-7.225,135.7249969482422
-7.275,135.67499694824218
-7.225,135.67499694824218
-7.25,135.6999969482422
-7.275,136.07500305175782
-7.225,136.07500305175782
-7.275,136.0250030517578
-7.225,136.0250030517578
-7.25,136.0500030517578
-7.275,136.12500610351563
-7.225,136.12500610351563
-7.275,136.07500610351562
-7.225,136.07500610351562
-7.25,136.10000610351562
-7.275,136.17499389648438
-7.225,136.17499389648438
-7.275,136.12499389648437
-7.225,136.12499389648437
-7.25,136.14999389648438
-7.275,136.2249969482422
-7.225,136.2249969482422
-7.275,136.17499694824218
-7.225,136.17499694824218
-7.25,136.1999969482422
-7.275,136.32500305175782
-7.225,136.32500305175782
-7.275,136.2750030517578
-7.225,136.2750030517578
-7.25,136.3000030517578
-7.275,137.32500305175782
-7.225,137.32500305175782
-7.275,137.2750030517578
-7.225,137.2750030517578
-7.25,137.3000030517578
-7.275,137.37500610351563
-7.225,137.37500610351563
-7.275,137.32500610351562
-7.225,137.32500610351562
-7.25,137.35000610351562
-7.275,137.42499389648438
-7.225,137.42499389648438
-7.275,137.37499389648437
-7.225,137.37499389648437
-7.25,137.39999389648438
-7.275,137.4749969482422
-7.225,137.4749969482422
-7.275,137.42499694824218
-7.225,137.42499694824218
-7.25,137.4499969482422
-7.275,137.525
-7.225,137.525
-7.275,137.475
-7.225,137.475
-7.25,137.5
-7.325003051757813,103.9749969482422
-7.275003051757812,103.9749969482422
-7.325003051757813,103.92499694824218
-7.275003051757812,103.92499694824218
-7.3000030517578125,103.94999694824219
-7.325003051757813,106.3749984741211
-7.275003051757812,106.3749984741211
-7.325003051757813,106.32499847412109
-7.275003051757812,106.32499847412109
-7.3000030517578125,106.3499984741211
-7.325003051757813,113.12500610351563
-7.275003051757812,113.12500610351563
-7.325003051757813,113.07500610351562
-7.275003051757812,113.07500610351562
-7.3000030517578125,113.10000610351562
-7.325003051757813,113.57500305175782
-7.275003051757812,113.57500305175782
-7.325003051757813,113.5250030517578
-7.275003051757812,113.5250030517578
-7.3000030517578125,113.55000305175781
-7.325003051757813,132.7249969482422
-7.275003051757812,132.7249969482422
-7.325003051757813,132.67499694824218
-7.275003051757812,132.67499694824218
-7.3000030517578125,132.6999969482422
-7.325003051757813,133.025
-7.275003051757812,133.025
-7.325003051757813,132.975
-7.275003051757812,132.975
-7.3000030517578125,133.0
-7.325003051757813,133.2249969482422
-7.275003051757812,133.2249969482422
-7.325003051757813,133.17499694824218
-7.275003051757812,133.17499694824218
-7.3000030517578125,133.1999969482422
-7.325003051757813,133.32500305175782
-7.275003051757812,133.32500305175782
-7.325003051757813,133.2750030517578
-7.275003051757812,133.2750030517578
-7.3000030517578125,133.3000030517578
-7.325003051757813,133.4749969482422
-7.275003051757812,133.4749969482422
-7.325003051757813,133.42499694824218
-7.275003051757812,133.42499694824218
-7.3000030517578125,133.4499969482422
-7.325003051757813,133.57500305175782
-7.275003051757812,133.57500305175782
-7.325003051757813,133.5250030517578
-7.275003051757812,133.5250030517578
-7.3000030517578125,133.5500030517578
-7.325003051757813,133.62500610351563
-7.275003051757812,133.62500610351563
-7.325003051757813,133.57500610351562
-7.275003051757812,133.57500610351562
-7.3000030517578125,133.60000610351562
-7.325003051757813,133.67499389648438
-7.275003051757812,133.67499389648438
-7.325003051757813,133.62499389648437
-7.275003051757812,133.62499389648437
-7.3000030517578125,133.64999389648438
-7.325003051757813,133.87500610351563
-7.275003051757812,133.87500610351563
-7.325003051757813,133.82500610351562
-7.275003051757812,133.82500610351562
-7.3000030517578125,133.85000610351562
-7.325003051757813,134.92499389648438
-7.275003051757812,134.92499389648438
-7.325003051757813,134.87499389648437
-7.275003051757812,134.87499389648437
-7.3000030517578125,134.89999389648438
-7.325003051757813,134.9749969482422
-7.275003051757812,134.9749969482422
-7.325003051757813,134.92499694824218
-7.275003051757812,134.92499694824218
-7.3000030517578125,134.9499969482422
-7.325003051757813,135.025
-7.275003051757812,135.025
-7.325003051757813,134.975
-7.275003051757812,134.975
-7.3000030517578125,135.0
-7.325003051757813,135.07500305175782
-7.275003051757812,135.07500305175782
-7.325003051757813,135.0250030517578
-7.275003051757812,135.0250030517578
-7.3000030517578125,135.0500030517578
-7.325003051757813,135.17499389648438
-7.275003051757812,135.17499389648438
-7.325003051757813,135.12499389648437
-7.275003051757812,135.12499389648437
-7.3000030517578125,135.14999389648438
-7.325003051757813,135.42499389648438
-7.275003051757812,135.42499389648438
-7.325003051757813,135.37499389648437
-7.275003051757812,135.37499389648437
-7.3000030517578125,135.39999389648438
-7.325003051757813,135.4749969482422
-7.275003051757812,135.4749969482422
-7.325003051757813,135.42499694824218
-7.275003051757812,135.42499694824218
-7.3000030517578125,135.4499969482422
-7.325003051757813,135.525
-7.275003051757812,135.525
-7.325003051757813,135.475
-7.275003051757812,135.475
-7.3000030517578125,135.5
-7.325003051757813,135.9749969482422
-7.275003051757812,135.9749969482422
-7.325003051757813,135.92499694824218
-7.275003051757812,135.92499694824218
-7.3000030517578125,135.9499969482422
-7.325003051757813,136.025
-7.275003051757812,136.025
-7.325003051757813,135.975
-7.275003051757812,135.975
-7.3000030517578125,136.0
-7.325003051757813,136.07500305175782
-7.275003051757812,136.07500305175782
-7.325003051757813,136.0250030517578
-7.275003051757812,136.0250030517578
-7.3000030517578125,136.0500030517578
-7.325003051757813,136.12500610351563
-7.275003051757812,136.12500610351563
-7.325003051757813,136.07500610351562
-7.275003051757812,136.07500610351562
-7.3000030517578125,136.10000610351562
-7.325003051757813,136.275
-7.275003051757812,136.275
-7.325003051757813,136.225
-7.275003051757812,136.225
-7.3000030517578125,136.25
-7.325003051757813,136.32500305175782
-7.275003051757812,136.32500305175782
-7.325003051757813,136.2750030517578
-7.275003051757812,136.2750030517578
-7.3000030517578125,136.3000030517578
-7.325003051757813,136.42499389648438
-7.275003051757812,136.42499389648438
-7.325003051757813,136.37499389648437
-7.275003051757812,136.37499389648437
-7.3000030517578125,136.39999389648438
-7.325003051757813,136.62500610351563
-7.275003051757812,136.62500610351563
-7.325003051757813,136.57500610351562
-7.275003051757812,136.57500610351562
-7.3000030517578125,136.60000610351562
-7.325003051757813,136.9749969482422
-7.275003051757812,136.9749969482422
-7.325003051757813,136.92499694824218
-7.275003051757812,136.92499694824218
-7.3000030517578125,136.9499969482422
-7.325003051757813,137.32500305175782
-7.275003051757812,137.32500305175782
-7.325003051757813,137.2750030517578
-7.275003051757812,137.2750030517578
-7.3000030517578125,137.3000030517578
-7.325003051757813,137.37500610351563
-7.275003051757812,137.37500610351563
-7.325003051757813,137.32500610351562
-7.275003051757812,137.32500610351562
-7.3000030517578125,137.35000610351562
-7.325003051757813,137.42499389648438
-7.275003051757812,137.42499389648438
-7.325003051757813,137.37499389648437
-7.275003051757812,137.37499389648437
-7.3000030517578125,137.39999389648438
-7.374998474121094,117.7249969482422
-7.324998474121093,117.7249969482422
-7.374998474121094,117.67499694824218
-7.324998474121093,117.67499694824218
-7.349998474121094,117.69999694824219
-7.374998474121094,132.67499389648438
-7.324998474121093,132.67499389648438
-7.374998474121094,132.62499389648437
-7.324998474121093,132.62499389648437
-7.349998474121094,132.64999389648438
-7.374998474121094,132.82500305175782
-7.324998474121093,132.82500305175782
-7.374998474121094,132.7750030517578
-7.324998474121093,132.7750030517578
-7.349998474121094,132.8000030517578
-7.374998474121094,132.92499389648438
-7.324998474121093,132.92499389648438
-7.374998474121094,132.87499389648437
-7.324998474121093,132.87499389648437
-7.349998474121094,132.89999389648438
-7.374998474121094,133.07500305175782
-7.324998474121093,133.07500305175782
-7.374998474121094,133.0250030517578
-7.324998474121093,133.0250030517578
-7.349998474121094,133.0500030517578
-7.374998474121094,133.17499389648438
-7.324998474121093,133.17499389648438
-7.374998474121094,133.12499389648437
-7.324998474121093,133.12499389648437
-7.349998474121094,133.14999389648438
-7.374998474121094,133.2249969482422
-7.324998474121093,133.2249969482422
-7.374998474121094,133.17499694824218
-7.324998474121093,133.17499694824218
-7.349998474121094,133.1999969482422
-7.374998474121094,133.275
-7.324998474121093,133.275
-7.374998474121094,133.225
-7.324998474121093,133.225
-7.349998474121094,133.25
-7.374998474121094,133.37500610351563
-7.324998474121093,133.37500610351563
-7.374998474121094,133.32500610351562
-7.324998474121093,133.32500610351562
-7.349998474121094,133.35000610351562
-7.374998474121094,133.57500305175782
-7.324998474121093,133.57500305175782
-7.374998474121094,133.5250030517578
-7.324998474121093,133.5250030517578
-7.349998474121094,133.5500030517578
-7.374998474121094,133.67499389648438
-7.324998474121093,133.67499389648438
-7.374998474121094,133.62499389648437
-7.324998474121093,133.62499389648437
-7.349998474121094,133.64999389648438
-7.374998474121094,133.92499389648438
-7.324998474121093,133.92499389648438
-7.374998474121094,133.87499389648437
-7.324998474121093,133.87499389648437
-7.349998474121094,133.89999389648438
-7.374998474121094,133.9749969482422
-7.324998474121093,133.9749969482422
-7.374998474121094,133.92499694824218
-7.324998474121093,133.92499694824218
-7.349998474121094,133.9499969482422
-7.374998474121094,134.87500610351563
-7.324998474121093,134.87500610351563
-7.374998474121094,134.82500610351562
-7.324998474121093,134.82500610351562
-7.349998474121094,134.85000610351562
-7.374998474121094,134.92499389648438
-7.324998474121093,134.92499389648438
-7.374998474121094,134.87499389648437
-7.324998474121093,134.87499389648437
-7.349998474121094,134.89999389648438
-7.374998474121094,135.025
-7.324998474121093,135.025
-7.374998474121094,134.975
-7.324998474121093,134.975
-7.349998474121094,135.0
-7.374998474121094,135.12500610351563
-7.324998474121093,135.12500610351563
-7.374998474121094,135.07500610351562
-7.324998474121093,135.07500610351562
-7.349998474121094,135.10000610351562
-7.374998474121094,135.17499389648438
-7.324998474121093,135.17499389648438
-7.374998474121094,135.12499389648437
-7.324998474121093,135.12499389648437
-7.349998474121094,135.14999389648438
-7.374998474121094,135.275
-7.324998474121093,135.275
-7.374998474121094,135.225
-7.324998474121093,135.225
-7.349998474121094,135.25
-7.374998474121094,135.32500305175782
-7.324998474121093,135.32500305175782
-7.374998474121094,135.2750030517578
-7.324998474121093,135.2750030517578
-7.349998474121094,135.3000030517578
-7.374998474121094,135.525
-7.324998474121093,135.525
-7.374998474121094,135.475
-7.324998474121093,135.475
-7.349998474121094,135.5
-7.374998474121094,135.57500305175782
-7.324998474121093,135.57500305175782
-7.374998474121094,135.5250030517578
-7.324998474121093,135.5250030517578
-7.349998474121094,135.5500030517578
-7.374998474121094,135.62500610351563
-7.324998474121093,135.62500610351563
-7.374998474121094,135.57500610351562
-7.324998474121093,135.57500610351562
-7.349998474121094,135.60000610351562
-7.374998474121094,135.7249969482422
-7.324998474121093,135.7249969482422
-7.374998474121094,135.67499694824218
-7.324998474121093,135.67499694824218
-7.349998474121094,135.6999969482422
-7.374998474121094,136.12500610351563
-7.324998474121093,136.12500610351563
-7.374998474121094,136.07500610351562
-7.324998474121093,136.07500610351562
-7.349998474121094,136.10000610351562
-7.374998474121094,136.87500610351563
-7.324998474121093,136.87500610351563
-7.374998474121094,136.82500610351562
-7.324998474121093,136.82500610351562
-7.349998474121094,136.85000610351562
-7.374998474121094,137.2249969482422
-7.324998474121093,137.2249969482422
-7.374998474121094,137.17499694824218
-7.324998474121093,137.17499694824218
-7.349998474121094,137.1999969482422
-7.374998474121094,137.275
-7.324998474121093,137.275
-7.374998474121094,137.225
-7.324998474121093,137.225
-7.349998474121094,137.25
-7.374998474121094,137.32500305175782
-7.324998474121093,137.32500305175782
-7.374998474121094,137.2750030517578
-7.324998474121093,137.2750030517578
-7.349998474121094,137.3000030517578
-7.425001525878907,106.07500305175782
-7.375001525878906,106.07500305175782
-7.425001525878907,106.0250030517578
-7.375001525878906,106.0250030517578
-7.400001525878906,106.05000305175781
-7.425001525878907,106.2249969482422
-7.375001525878906,106.2249969482422
-7.425001525878907,106.17499694824218
-7.375001525878906,106.17499694824218
-7.400001525878906,106.19999694824219
-7.425001525878907,113.025
-7.375001525878906,113.025
-7.425001525878907,112.975
-7.375001525878906,112.975
-7.400001525878906,113.0
-7.425001525878907,132.67499389648438
-7.375001525878906,132.67499389648438
-7.425001525878907,132.62499389648437
-7.375001525878906,132.62499389648437
-7.400001525878906,132.64999389648438
-7.425001525878907,132.7249969482422
-7.375001525878906,132.7249969482422
-7.425001525878907,132.67499694824218
-7.375001525878906,132.67499694824218
-7.400001525878906,132.6999969482422
-7.425001525878907,132.775
-7.375001525878906,132.775
-7.425001525878907,132.725
-7.375001525878906,132.725
-7.400001525878906,132.75
-7.425001525878907,132.82500305175782
-7.375001525878906,132.82500305175782
-7.425001525878907,132.7750030517578
-7.375001525878906,132.7750030517578
-7.400001525878906,132.8000030517578
-7.425001525878907,132.92499389648438
-7.375001525878906,132.92499389648438
-7.425001525878907,132.87499389648437
-7.375001525878906,132.87499389648437
-7.400001525878906,132.89999389648438
-7.425001525878907,132.9749969482422
-7.375001525878906,132.9749969482422
-7.425001525878907,132.92499694824218
-7.375001525878906,132.92499694824218
-7.400001525878906,132.9499969482422
-7.425001525878907,133.025
-7.375001525878906,133.025
-7.425001525878907,132.975
-7.375001525878906,132.975
-7.400001525878906,133.0
-7.425001525878907,133.07500305175782
-7.375001525878906,133.07500305175782
-7.425001525878907,133.0250030517578
-7.375001525878906,133.0250030517578
-7.400001525878906,133.0500030517578
-7.425001525878907,133.12500610351563
-7.375001525878906,133.12500610351563
-7.425001525878907,133.07500610351562
-7.375001525878906,133.07500610351562
-7.400001525878906,133.10000610351562
-7.425001525878907,133.2249969482422
-7.375001525878906,133.2249969482422
-7.425001525878907,133.17499694824218
-7.375001525878906,133.17499694824218
-7.400001525878906,133.1999969482422
-7.425001525878907,133.37500610351563
-7.375001525878906,133.37500610351563
-7.425001525878907,133.32500610351562
-7.375001525878906,133.32500610351562
-7.400001525878906,133.35000610351562
-7.425001525878907,133.42499389648438
-7.375001525878906,133.42499389648438
-7.425001525878907,133.37499389648437
-7.375001525878906,133.37499389648437
-7.400001525878906,133.39999389648438
-7.425001525878907,133.525
-7.375001525878906,133.525
-7.425001525878907,133.475
-7.375001525878906,133.475
-7.400001525878906,133.5
-7.425001525878907,133.57500305175782
-7.375001525878906,133.57500305175782
-7.425001525878907,133.5250030517578
-7.375001525878906,133.5250030517578
-7.400001525878906,133.5500030517578
-7.425001525878907,133.82500305175782
-7.375001525878906,133.82500305175782
-7.425001525878907,133.7750030517578
-7.375001525878906,133.7750030517578
-7.400001525878906,133.8000030517578
-7.425001525878907,133.92499389648438
-7.375001525878906,133.92499389648438
-7.425001525878907,133.87499389648437
-7.375001525878906,133.87499389648437
-7.400001525878906,133.89999389648438
-7.425001525878907,133.9749969482422
-7.375001525878906,133.9749969482422
-7.425001525878907,133.92499694824218
-7.375001525878906,133.92499694824218
-7.400001525878906,133.9499969482422
-7.425001525878907,134.025
-7.375001525878906,134.025
-7.425001525878907,133.975
-7.375001525878906,133.975
-7.400001525878906,134.0
-7.425001525878907,134.67499389648438
-7.375001525878906,134.67499389648438
-7.425001525878907,134.62499389648437
-7.375001525878906,134.62499389648437
-7.400001525878906,134.64999389648438
-7.425001525878907,134.775
-7.375001525878906,134.775
-7.425001525878907,134.725
-7.375001525878906,134.725
-7.400001525878906,134.75
-7.425001525878907,134.87500610351563
-7.375001525878906,134.87500610351563
-7.425001525878907,134.82500610351562
-7.375001525878906,134.82500610351562
-7.400001525878906,134.85000610351562
-7.425001525878907,134.92499389648438
-7.375001525878906,134.92499389648438
-7.425001525878907,134.87499389648437
-7.375001525878906,134.87499389648437
-7.400001525878906,134.89999389648438
-7.425001525878907,135.025
-7.375001525878906,135.025
-7.425001525878907,134.975
-7.375001525878906,134.975
-7.400001525878906,135.0
-7.425001525878907,135.07500305175782
-7.375001525878906,135.07500305175782
-7.425001525878907,135.0250030517578
-7.375001525878906,135.0250030517578
-7.400001525878906,135.0500030517578
-7.425001525878907,135.12500610351563
-7.375001525878906,135.12500610351563
-7.425001525878907,135.07500610351562
-7.375001525878906,135.07500610351562
-7.400001525878906,135.10000610351562
-7.425001525878907,135.17499389648438
-7.375001525878906,135.17499389648438
-7.425001525878907,135.12499389648437
-7.375001525878906,135.12499389648437
-7.400001525878906,135.14999389648438
-7.425001525878907,135.32500305175782
-7.375001525878906,135.32500305175782
-7.425001525878907,135.2750030517578
-7.375001525878906,135.2750030517578
-7.400001525878906,135.3000030517578
-7.425001525878907,135.42499389648438
-7.375001525878906,135.42499389648438
-7.425001525878907,135.37499389648437
-7.375001525878906,135.37499389648437
-7.400001525878906,135.39999389648438
-7.425001525878907,135.4749969482422
-7.375001525878906,135.4749969482422
-7.425001525878907,135.42499694824218
-7.375001525878906,135.42499694824218
-7.400001525878906,135.4499969482422
-7.425001525878907,135.525
-7.375001525878906,135.525
-7.425001525878907,135.475
-7.375001525878906,135.475
-7.400001525878906,135.5
-7.425001525878907,135.7249969482422
-7.375001525878906,135.7249969482422
-7.425001525878907,135.67499694824218
-7.375001525878906,135.67499694824218
-7.400001525878906,135.6999969482422
-7.425001525878907,135.9749969482422
-7.375001525878906,135.9749969482422
-7.425001525878907,135.92499694824218
-7.375001525878906,135.92499694824218
-7.400001525878906,135.9499969482422
-7.425001525878907,136.025
-7.375001525878906,136.025
-7.425001525878907,135.975
-7.375001525878906,135.975
-7.400001525878906,136.0
-7.425001525878907,136.07500305175782
-7.375001525878906,136.07500305175782
-7.425001525878907,136.0250030517578
-7.375001525878906,136.0250030517578
-7.400001525878906,136.0500030517578
-7.425001525878907,136.12500610351563
-7.375001525878906,136.12500610351563
-7.425001525878907,136.07500610351562
-7.375001525878906,136.07500610351562
-7.400001525878906,136.10000610351562
-7.425001525878907,136.17499389648438
-7.375001525878906,136.17499389648438
-7.425001525878907,136.12499389648437
-7.375001525878906,136.12499389648437
-7.400001525878906,136.14999389648438
-7.425001525878907,136.2249969482422
-7.375001525878906,136.2249969482422
-7.425001525878907,136.17499694824218
-7.375001525878906,136.17499694824218
-7.400001525878906,136.1999969482422
-7.425001525878907,136.775
-7.375001525878906,136.775
-7.425001525878907,136.725
-7.375001525878906,136.725
-7.400001525878906,136.75
-7.425001525878907,137.12500610351563
-7.375001525878906,137.12500610351563
-7.425001525878907,137.07500610351562
-7.375001525878906,137.07500610351562
-7.400001525878906,137.10000610351562
-7.425001525878907,137.2249969482422
-7.375001525878906,137.2249969482422
-7.425001525878907,137.17499694824218
-7.375001525878906,137.17499694824218
-7.400001525878906,137.1999969482422
-7.475004577636719,131.2249969482422
-7.425004577636718,131.2249969482422
-7.475004577636719,131.17499694824218
-7.425004577636718,131.17499694824218
-7.450004577636719,131.1999969482422
-7.475004577636719,132.87500610351563
-7.425004577636718,132.87500610351563
-7.475004577636719,132.82500610351562
-7.425004577636718,132.82500610351562
-7.450004577636719,132.85000610351562
-7.475004577636719,132.92499389648438
-7.425004577636718,132.92499389648438
-7.475004577636719,132.87499389648437
-7.425004577636718,132.87499389648437
-7.450004577636719,132.89999389648438
-7.475004577636719,132.9749969482422
-7.425004577636718,132.9749969482422
-7.475004577636719,132.92499694824218
-7.425004577636718,132.92499694824218
-7.450004577636719,132.9499969482422
-7.475004577636719,133.025
-7.425004577636718,133.025
-7.475004577636719,132.975
-7.425004577636718,132.975
-7.450004577636719,133.0
-7.475004577636719,133.07500305175782
-7.425004577636718,133.07500305175782
-7.475004577636719,133.0250030517578
-7.425004577636718,133.0250030517578
-7.450004577636719,133.0500030517578
-7.475004577636719,133.17499389648438
-7.425004577636718,133.17499389648438
-7.475004577636719,133.12499389648437
-7.425004577636718,133.12499389648437
-7.450004577636719,133.14999389648438
-7.475004577636719,133.42499389648438
-7.425004577636718,133.42499389648438
-7.475004577636719,133.37499389648437
-7.425004577636718,133.37499389648437
-7.450004577636719,133.39999389648438
-7.475004577636719,133.525
-7.425004577636718,133.525
-7.475004577636719,133.475
-7.425004577636718,133.475
-7.450004577636719,133.5
-7.475004577636719,133.57500305175782
-7.425004577636718,133.57500305175782
-7.475004577636719,133.5250030517578
-7.425004577636718,133.5250030517578
-7.450004577636719,133.5500030517578
-7.475004577636719,133.62500610351563
-7.425004577636718,133.62500610351563
-7.475004577636719,133.57500610351562
-7.425004577636718,133.57500610351562
-7.450004577636719,133.60000610351562
-7.475004577636719,133.87500610351563
-7.425004577636718,133.87500610351563
-7.475004577636719,133.82500610351562
-7.425004577636718,133.82500610351562
-7.450004577636719,133.85000610351562
-7.475004577636719,134.7249969482422
-7.425004577636718,134.7249969482422
-7.475004577636719,134.67499694824218
-7.425004577636718,134.67499694824218
-7.450004577636719,134.6999969482422
-7.475004577636719,134.82500305175782
-7.425004577636718,134.82500305175782
-7.475004577636719,134.7750030517578
-7.425004577636718,134.7750030517578
-7.450004577636719,134.8000030517578
-7.475004577636719,135.025
-7.425004577636718,135.025
-7.475004577636719,134.975
-7.425004577636718,134.975
-7.450004577636719,135.0
-7.475004577636719,135.07500305175782
-7.425004577636718,135.07500305175782
-7.475004577636719,135.0250030517578
-7.425004577636718,135.0250030517578
-7.450004577636719,135.0500030517578
-7.475004577636719,135.12500610351563
-7.425004577636718,135.12500610351563
-7.475004577636719,135.07500610351562
-7.425004577636718,135.07500610351562
-7.450004577636719,135.10000610351562
-7.475004577636719,135.275
-7.425004577636718,135.275
-7.475004577636719,135.225
-7.425004577636718,135.225
-7.450004577636719,135.25
-7.475004577636719,135.4749969482422
-7.425004577636718,135.4749969482422
-7.475004577636719,135.42499694824218
-7.425004577636718,135.42499694824218
-7.450004577636719,135.4499969482422
-7.475004577636719,135.525
-7.425004577636718,135.525
-7.475004577636719,135.475
-7.425004577636718,135.475
-7.450004577636719,135.5
-7.475004577636719,135.62500610351563
-7.425004577636718,135.62500610351563
-7.475004577636719,135.57500610351562
-7.425004577636718,135.57500610351562
-7.450004577636719,135.60000610351562
-7.475004577636719,136.07500305175782
-7.425004577636718,136.07500305175782
-7.475004577636719,136.0250030517578
-7.425004577636718,136.0250030517578
-7.450004577636719,136.0500030517578
-7.475004577636719,136.17499389648438
-7.425004577636718,136.17499389648438
-7.475004577636719,136.12499389648437
-7.425004577636718,136.12499389648437
-7.450004577636719,136.14999389648438
-7.525,106.025
-7.475,106.025
-7.525,105.975
-7.475,105.975
-7.5,106.0
-7.525,106.17500152587891
-7.475,106.17500152587891
-7.525,106.1250015258789
-7.475,106.1250015258789
-7.5,106.1500015258789
-7.525,106.275
-7.475,106.275
-7.525,106.225
-7.475,106.225
-7.5,106.25
-7.525,107.1249984741211
-7.475,107.1249984741211
-7.525,107.07499847412109
-7.475,107.07499847412109
-7.5,107.0999984741211
-7.525,113.12500610351563
-7.475,113.12500610351563
-7.525,113.07500610351562
-7.475,113.07500610351562
-7.5,113.10000610351562
-7.525,132.7249969482422
-7.475,132.7249969482422
-7.525,132.67499694824218
-7.475,132.67499694824218
-7.5,132.6999969482422
-7.525,132.9749969482422
-7.475,132.9749969482422
-7.525,132.92499694824218
-7.475,132.92499694824218
-7.5,132.9499969482422
-7.525,133.025
-7.475,133.025
-7.525,132.975
-7.475,132.975
-7.5,133.0
-7.525,133.07500305175782
-7.475,133.07500305175782
-7.525,133.0250030517578
-7.475,133.0250030517578
-7.5,133.0500030517578
-7.525,133.17499389648438
-7.475,133.17499389648438
-7.525,133.12499389648437
-7.475,133.12499389648437
-7.5,133.14999389648438
-7.525,133.2249969482422
-7.475,133.2249969482422
-7.525,133.17499694824218
-7.475,133.17499694824218
-7.5,133.1999969482422
-7.525,133.4749969482422
-7.475,133.4749969482422
-7.525,133.42499694824218
-7.475,133.42499694824218
-7.5,133.4499969482422
-7.525,133.525
-7.475,133.525
-7.525,133.475
-7.475,133.475
-7.5,133.5
-7.525,133.67499389648438
-7.475,133.67499389648438
-7.525,133.62499389648437
-7.475,133.62499389648437
-7.5,133.64999389648438
-7.525,133.775
-7.475,133.775
-7.525,133.725
-7.475,133.725
-7.5,133.75
-7.525,133.87500610351563
-7.475,133.87500610351563
-7.525,133.82500610351562
-7.475,133.82500610351562
-7.5,133.85000610351562
-7.525,133.9749969482422
-7.475,133.9749969482422
-7.525,133.92499694824218
-7.475,133.92499694824218
-7.5,133.9499969482422
-7.525,134.525
-7.475,134.525
-7.525,134.475
-7.475,134.475
-7.5,134.5
-7.525,134.57500305175782
-7.475,134.57500305175782
-7.525,134.5250030517578
-7.475,134.5250030517578
-7.5,134.5500030517578
-7.525,134.67499389648438
-7.475,134.67499389648438
-7.525,134.62499389648437
-7.475,134.62499389648437
-7.5,134.64999389648438
-7.525,135.12500610351563
-7.475,135.12500610351563
-7.525,135.07500610351562
-7.475,135.07500610351562
-7.5,135.10000610351562
-7.525,135.2249969482422
-7.475,135.2249969482422
-7.525,135.17499694824218
-7.475,135.17499694824218
-7.5,135.1999969482422
-7.525,135.4749969482422
-7.475,135.4749969482422
-7.525,135.42499694824218
-7.475,135.42499694824218
-7.5,135.4499969482422
-7.525,135.525
-7.475,135.525
-7.525,135.475
-7.475,135.475
-7.5,135.5
-7.525,135.57500305175782
-7.475,135.57500305175782
-7.525,135.5250030517578
-7.475,135.5250030517578
-7.5,135.5500030517578
-7.525,136.025
-7.475,136.025
-7.525,135.975
-7.475,135.975
-7.5,136.0
-7.525,136.07500305175782
-7.475,136.07500305175782
-7.525,136.0250030517578
-7.475,136.0250030517578
-7.5,136.0500030517578
-7.525,136.12500610351563
-7.475,136.12500610351563
-7.525,136.07500610351562
-7.475,136.07500610351562
-7.5,136.10000610351562
-7.525,136.17499389648438
-7.475,136.17499389648438
-7.525,136.12499389648437
-7.475,136.12499389648437
-7.5,136.14999389648438
-7.575003051757813,98.7249969482422
-7.525003051757812,98.7249969482422
-7.575003051757813,98.67499694824218
-7.525003051757812,98.67499694824218
-7.5500030517578125,98.69999694824219
-7.575003051757813,99.025
-7.525003051757812,99.025
-7.575003051757813,98.975
-7.525003051757812,98.975
-7.5500030517578125,99.0
-7.575003051757813,106.07500305175782
-7.525003051757812,106.07500305175782
-7.575003051757813,106.0250030517578
-7.525003051757812,106.0250030517578
-7.5500030517578125,106.05000305175781
-7.575003051757813,106.1249984741211
-7.525003051757812,106.1249984741211
-7.575003051757813,106.07499847412109
-7.525003051757812,106.07499847412109
-7.5500030517578125,106.0999984741211
-7.575003051757813,107.42500152587891
-7.525003051757812,107.42500152587891
-7.575003051757813,107.3750015258789
-7.525003051757812,107.3750015258789
-7.5500030517578125,107.4000015258789
-7.575003051757813,117.42500152587891
-7.525003051757812,117.42500152587891
-7.575003051757813,117.3750015258789
-7.525003051757812,117.3750015258789
-7.5500030517578125,117.4000015258789
-7.575003051757813,131.07500305175782
-7.525003051757812,131.07500305175782
-7.575003051757813,131.0250030517578
-7.525003051757812,131.0250030517578
-7.5500030517578125,131.0500030517578
-7.575003051757813,131.12500610351563
-7.525003051757812,131.12500610351563
-7.575003051757813,131.07500610351562
-7.525003051757812,131.07500610351562
-7.5500030517578125,131.10000610351562
-7.575003051757813,132.62500610351563
-7.525003051757812,132.62500610351563
-7.575003051757813,132.57500610351562
-7.525003051757812,132.57500610351562
-7.5500030517578125,132.60000610351562
-7.575003051757813,132.7249969482422
-7.525003051757812,132.7249969482422
-7.575003051757813,132.67499694824218
-7.525003051757812,132.67499694824218
-7.5500030517578125,132.6999969482422
-7.575003051757813,132.775
-7.525003051757812,132.775
-7.575003051757813,132.725
-7.525003051757812,132.725
-7.5500030517578125,132.75
-7.575003051757813,132.82500305175782
-7.525003051757812,132.82500305175782
-7.575003051757813,132.7750030517578
-7.525003051757812,132.7750030517578
-7.5500030517578125,132.8000030517578
-7.575003051757813,132.92499389648438
-7.525003051757812,132.92499389648438
-7.575003051757813,132.87499389648437
-7.525003051757812,132.87499389648437
-7.5500030517578125,132.89999389648438
-7.575003051757813,133.025
-7.525003051757812,133.025
-7.575003051757813,132.975
-7.525003051757812,132.975
-7.5500030517578125,133.0
-7.575003051757813,133.17499389648438
-7.525003051757812,133.17499389648438
-7.575003051757813,133.12499389648437
-7.525003051757812,133.12499389648437
-7.5500030517578125,133.14999389648438
-7.575003051757813,133.275
-7.525003051757812,133.275
-7.575003051757813,133.225
-7.525003051757812,133.225
-7.5500030517578125,133.25
-7.575003051757813,133.32500305175782
-7.525003051757812,133.32500305175782
-7.575003051757813,133.2750030517578
-7.525003051757812,133.2750030517578
-7.5500030517578125,133.3000030517578
-7.575003051757813,133.42499389648438
-7.525003051757812,133.42499389648438
-7.575003051757813,133.37499389648437
-7.525003051757812,133.37499389648437
-7.5500030517578125,133.39999389648438
-7.575003051757813,133.525
-7.525003051757812,133.525
-7.575003051757813,133.475
-7.525003051757812,133.475
-7.5500030517578125,133.5
-7.575003051757813,133.57500305175782
-7.525003051757812,133.57500305175782
-7.575003051757813,133.5250030517578
-7.525003051757812,133.5250030517578
-7.5500030517578125,133.5500030517578
-7.575003051757813,133.7249969482422
-7.525003051757812,133.7249969482422
-7.575003051757813,133.67499694824218
-7.525003051757812,133.67499694824218
-7.5500030517578125,133.6999969482422
-7.575003051757813,133.775
-7.525003051757812,133.775
-7.575003051757813,133.725
-7.525003051757812,133.725
-7.5500030517578125,133.75
-7.575003051757813,133.92499389648438
-7.525003051757812,133.92499389648438
-7.575003051757813,133.87499389648437
-7.525003051757812,133.87499389648437
-7.5500030517578125,133.89999389648438
-7.575003051757813,134.525
-7.525003051757812,134.525
-7.575003051757813,134.475
-7.525003051757812,134.475
-7.5500030517578125,134.5
-7.575003051757813,134.57500305175782
-7.525003051757812,134.57500305175782
-7.575003051757813,134.5250030517578
-7.525003051757812,134.5250030517578
-7.5500030517578125,134.5500030517578
-7.575003051757813,134.9749969482422
-7.525003051757812,134.9749969482422
-7.575003051757813,134.92499694824218
-7.525003051757812,134.92499694824218
-7.5500030517578125,134.9499969482422
-7.575003051757813,135.025
-7.525003051757812,135.025
-7.575003051757813,134.975
-7.525003051757812,134.975
-7.5500030517578125,135.0
-7.575003051757813,135.17499389648438
-7.525003051757812,135.17499389648438
-7.575003051757813,135.12499389648437
-7.525003051757812,135.12499389648437
-7.5500030517578125,135.14999389648438
-7.575003051757813,136.07500305175782
-7.525003051757812,136.07500305175782
-7.575003051757813,136.0250030517578
-7.525003051757812,136.0250030517578
-7.5500030517578125,136.0500030517578
-7.575003051757813,136.275
-7.525003051757812,136.275
-7.575003051757813,136.225
-7.525003051757812,136.225
-7.5500030517578125,136.25
-7.624998474121094,98.6249984741211
-7.574998474121093,98.6249984741211
-7.624998474121094,98.57499847412109
-7.574998474121093,98.57499847412109
-7.599998474121094,98.5999984741211
-7.624998474121094,106.025
-7.574998474121093,106.025
-7.624998474121094,105.975
-7.574998474121093,105.975
-7.599998474121094,106.0
-7.624998474121094,113.12500610351563
-7.574998474121093,113.12500610351563
-7.624998474121094,113.07500610351562
-7.574998474121093,113.07500610351562
-7.599998474121094,113.10000610351562
-7.624998474121094,114.07500305175782
-7.574998474121093,114.07500305175782
-7.624998474121094,114.0250030517578
-7.574998474121093,114.0250030517578
-7.599998474121094,114.05000305175781
-7.624998474121094,131.025
-7.574998474121093,131.025
-7.624998474121094,130.975
-7.574998474121093,130.975
-7.599998474121094,131.0
-7.624998474121094,132.7249969482422
-7.574998474121093,132.7249969482422
-7.624998474121094,132.67499694824218
-7.574998474121093,132.67499694824218
-7.599998474121094,132.6999969482422
-7.624998474121094,132.775
-7.574998474121093,132.775
-7.624998474121094,132.725
-7.574998474121093,132.725
-7.599998474121094,132.75
-7.624998474121094,132.87500610351563
-7.574998474121093,132.87500610351563
-7.624998474121094,132.82500610351562
-7.574998474121093,132.82500610351562
-7.599998474121094,132.85000610351562
-7.624998474121094,133.07500305175782
-7.574998474121093,133.07500305175782
-7.624998474121094,133.0250030517578
-7.574998474121093,133.0250030517578
-7.599998474121094,133.0500030517578
-7.624998474121094,133.2249969482422
-7.574998474121093,133.2249969482422
-7.624998474121094,133.17499694824218
-7.574998474121093,133.17499694824218
-7.599998474121094,133.1999969482422
-7.624998474121094,133.275
-7.574998474121093,133.275
-7.624998474121094,133.225
-7.574998474121093,133.225
-7.599998474121094,133.25
-7.624998474121094,133.4749969482422
-7.574998474121093,133.4749969482422
-7.624998474121094,133.42499694824218
-7.574998474121093,133.42499694824218
-7.599998474121094,133.4499969482422
-7.624998474121094,133.57500305175782
-7.574998474121093,133.57500305175782
-7.624998474121094,133.5250030517578
-7.574998474121093,133.5250030517578
-7.599998474121094,133.5500030517578
-7.624998474121094,133.62500610351563
-7.574998474121093,133.62500610351563
-7.624998474121094,133.57500610351562
-7.574998474121093,133.57500610351562
-7.599998474121094,133.60000610351562
-7.624998474121094,133.67499389648438
-7.574998474121093,133.67499389648438
-7.624998474121094,133.62499389648437
-7.574998474121093,133.62499389648437
-7.599998474121094,133.64999389648438
-7.624998474121094,133.7249969482422
-7.574998474121093,133.7249969482422
-7.624998474121094,133.67499694824218
-7.574998474121093,133.67499694824218
-7.599998474121094,133.6999969482422
-7.624998474121094,133.82500305175782
-7.574998474121093,133.82500305175782
-7.624998474121094,133.7750030517578
-7.574998474121093,133.7750030517578
-7.599998474121094,133.8000030517578
-7.624998474121094,133.87500610351563
-7.574998474121093,133.87500610351563
-7.624998474121094,133.82500610351562
-7.574998474121093,133.82500610351562
-7.599998474121094,133.85000610351562
-7.624998474121094,134.2249969482422
-7.574998474121093,134.2249969482422
-7.624998474121094,134.17499694824218
-7.574998474121093,134.17499694824218
-7.599998474121094,134.1999969482422
-7.624998474121094,134.42499389648438
-7.574998474121093,134.42499389648438
-7.624998474121094,134.37499389648437
-7.574998474121093,134.37499389648437
-7.599998474121094,134.39999389648438
-7.624998474121094,134.4749969482422
-7.574998474121093,134.4749969482422
-7.624998474121094,134.42499694824218
-7.574998474121093,134.42499694824218
-7.599998474121094,134.4499969482422
-7.624998474121094,134.92499389648438
-7.574998474121093,134.92499389648438
-7.624998474121094,134.87499389648437
-7.574998474121093,134.87499389648437
-7.599998474121094,134.89999389648438
-7.624998474121094,135.07500305175782
-7.574998474121093,135.07500305175782
-7.624998474121094,135.0250030517578
-7.574998474121093,135.0250030517578
-7.599998474121094,135.0500030517578
-7.624998474121094,135.275
-7.574998474121093,135.275
-7.624998474121094,135.225
-7.574998474121093,135.225
-7.599998474121094,135.25
-7.624998474121094,135.37500610351563
-7.574998474121093,135.37500610351563
-7.624998474121094,135.32500610351562
-7.574998474121093,135.32500610351562
-7.599998474121094,135.35000610351562
-7.624998474121094,135.4749969482422
-7.574998474121093,135.4749969482422
-7.624998474121094,135.42499694824218
-7.574998474121093,135.42499694824218
-7.599998474121094,135.4499969482422
-7.624998474121094,135.67499389648438
-7.574998474121093,135.67499389648438
-7.624998474121094,135.62499389648437
-7.574998474121093,135.62499389648437
-7.599998474121094,135.64999389648438
-7.624998474121094,136.025
-7.574998474121093,136.025
-7.624998474121094,135.975
-7.574998474121093,135.975
-7.599998474121094,136.0
-7.624998474121094,136.2249969482422
-7.574998474121093,136.2249969482422
-7.624998474121094,136.17499694824218
-7.574998474121093,136.17499694824218
-7.599998474121094,136.1999969482422
-7.624998474121094,136.275
-7.574998474121093,136.275
-7.624998474121094,136.225
-7.574998474121093,136.225
-7.599998474121094,136.25
-7.675001525878907,113.2249969482422
-7.625001525878906,113.2249969482422
-7.675001525878907,113.17499694824218
-7.625001525878906,113.17499694824218
-7.650001525878906,113.19999694824219
-7.675001525878907,126.37500610351563
-7.625001525878906,126.37500610351563
-7.675001525878907,126.32500610351562
-7.625001525878906,126.32500610351562
-7.650001525878906,126.35000610351562
-7.675001525878907,130.9749969482422
-7.625001525878906,130.9749969482422
-7.675001525878907,130.92499694824218
-7.625001525878906,130.92499694824218
-7.650001525878906,130.9499969482422
-7.675001525878907,131.025
-7.625001525878906,131.025
-7.675001525878907,130.975
-7.625001525878906,130.975
-7.650001525878906,131.0
-7.675001525878907,132.62500610351563
-7.625001525878906,132.62500610351563
-7.675001525878907,132.57500610351562
-7.625001525878906,132.57500610351562
-7.650001525878906,132.60000610351562
-7.675001525878907,132.775
-7.625001525878906,132.775
-7.675001525878907,132.725
-7.625001525878906,132.725
-7.650001525878906,132.75
-7.675001525878907,132.82500305175782
-7.625001525878906,132.82500305175782
-7.675001525878907,132.7750030517578
-7.625001525878906,132.7750030517578
-7.650001525878906,132.8000030517578
-7.675001525878907,132.87500610351563
-7.625001525878906,132.87500610351563
-7.675001525878907,132.82500610351562
-7.625001525878906,132.82500610351562
-7.650001525878906,132.85000610351562
-7.675001525878907,132.92499389648438
-7.625001525878906,132.92499389648438
-7.675001525878907,132.87499389648437
-7.625001525878906,132.87499389648437
-7.650001525878906,132.89999389648438
-7.675001525878907,132.9749969482422
-7.625001525878906,132.9749969482422
-7.675001525878907,132.92499694824218
-7.625001525878906,132.92499694824218
-7.650001525878906,132.9499969482422
-7.675001525878907,133.9749969482422
-7.625001525878906,133.9749969482422
-7.675001525878907,133.92499694824218
-7.625001525878906,133.92499694824218
-7.650001525878906,133.9499969482422
-7.675001525878907,134.025
-7.625001525878906,134.025
-7.675001525878907,133.975
-7.625001525878906,133.975
-7.650001525878906,134.0
-7.675001525878907,134.07500305175782
-7.625001525878906,134.07500305175782
-7.675001525878907,134.0250030517578
-7.625001525878906,134.0250030517578
-7.650001525878906,134.0500030517578
-7.675001525878907,134.2249969482422
-7.625001525878906,134.2249969482422
-7.675001525878907,134.17499694824218
-7.625001525878906,134.17499694824218
-7.650001525878906,134.1999969482422
-7.675001525878907,134.4749969482422
-7.625001525878906,134.4749969482422
-7.675001525878907,134.42499694824218
-7.625001525878906,134.42499694824218
-7.650001525878906,134.4499969482422
-7.675001525878907,134.525
-7.625001525878906,134.525
-7.675001525878907,134.475
-7.625001525878906,134.475
-7.650001525878906,134.5
-7.675001525878907,135.57500305175782
-7.625001525878906,135.57500305175782
-7.675001525878907,135.5250030517578
-7.625001525878906,135.5250030517578
-7.650001525878906,135.5500030517578
-7.675001525878907,135.62500610351563
-7.625001525878906,135.62500610351563
-7.675001525878907,135.57500610351562
-7.625001525878906,135.57500610351562
-7.650001525878906,135.60000610351562
-7.675001525878907,136.07500305175782
-7.625001525878906,136.07500305175782
-7.675001525878907,136.0250030517578
-7.625001525878906,136.0250030517578
-7.650001525878906,136.0500030517578
-7.675001525878907,136.12500610351563
-7.625001525878906,136.12500610351563
-7.675001525878907,136.07500610351562
-7.625001525878906,136.07500610351562
-7.650001525878906,136.10000610351562
-7.675001525878907,136.2249969482422
-7.625001525878906,136.2249969482422
-7.675001525878907,136.17499694824218
-7.625001525878906,136.17499694824218
-7.650001525878906,136.1999969482422
-7.725004577636719,107.57500305175782
-7.675004577636718,107.57500305175782
-7.725004577636719,107.5250030517578
-7.675004577636718,107.5250030517578
-7.700004577636719,107.55000305175781
-7.725004577636719,107.7249969482422
-7.675004577636718,107.7249969482422
-7.725004577636719,107.67499694824218
-7.675004577636718,107.67499694824218
-7.700004577636719,107.69999694824219
-7.725004577636719,107.775
-7.675004577636718,107.775
-7.725004577636719,107.725
-7.675004577636718,107.725
-7.700004577636719,107.75
-7.725004577636719,114.17500152587891
-7.675004577636718,114.17500152587891
-7.725004577636719,114.1250015258789
-7.675004577636718,114.1250015258789
-7.700004577636719,114.1500015258789
-7.725004577636719,114.2249969482422
-7.675004577636718,114.2249969482422
-7.725004577636719,114.17499694824218
-7.675004577636718,114.17499694824218
-7.700004577636719,114.19999694824219
-7.725004577636719,132.62500610351563
-7.675004577636718,132.62500610351563
-7.725004577636719,132.57500610351562
-7.675004577636718,132.57500610351562
-7.700004577636719,132.60000610351562
-7.725004577636719,132.87500610351563
-7.675004577636718,132.87500610351563
-7.725004577636719,132.82500610351562
-7.675004577636718,132.82500610351562
-7.700004577636719,132.85000610351562
-7.725004577636719,132.92499389648438
-7.675004577636718,132.92499389648438
-7.725004577636719,132.87499389648437
-7.675004577636718,132.87499389648437
-7.700004577636719,132.89999389648438
-7.725004577636719,132.9749969482422
-7.675004577636718,132.9749969482422
-7.725004577636719,132.92499694824218
-7.675004577636718,132.92499694824218
-7.700004577636719,132.9499969482422
-7.725004577636719,133.775
-7.675004577636718,133.775
-7.725004577636719,133.725
-7.675004577636718,133.725
-7.700004577636719,133.75
-7.725004577636719,133.92499389648438
-7.675004577636718,133.92499389648438
-7.725004577636719,133.87499389648437
-7.675004577636718,133.87499389648437
-7.700004577636719,133.89999389648438
-7.725004577636719,133.9749969482422
-7.675004577636718,133.9749969482422
-7.725004577636719,133.92499694824218
-7.675004577636718,133.92499694824218
-7.700004577636719,133.9499969482422
-7.725004577636719,134.87500610351563
-7.675004577636718,134.87500610351563
-7.725004577636719,134.82500610351562
-7.675004577636718,134.82500610351562
-7.700004577636719,134.85000610351562
-7.725004577636719,135.4749969482422
-7.675004577636718,135.4749969482422
-7.725004577636719,135.42499694824218
-7.675004577636718,135.42499694824218
-7.700004577636719,135.4499969482422
-7.725004577636719,135.57500305175782
-7.675004577636718,135.57500305175782
-7.725004577636719,135.5250030517578
-7.675004577636718,135.5250030517578
-7.700004577636719,135.5500030517578
-7.725004577636719,135.62500610351563
-7.675004577636718,135.62500610351563
-7.725004577636719,135.57500610351562
-7.675004577636718,135.57500610351562
-7.700004577636719,135.60000610351562
-7.725004577636719,135.87500610351563
-7.675004577636718,135.87500610351563
-7.725004577636719,135.82500610351562
-7.675004577636718,135.82500610351562
-7.700004577636719,135.85000610351562
-7.725004577636719,136.025
-7.675004577636718,136.025
-7.725004577636719,135.975
-7.675004577636718,135.975
-7.700004577636719,136.0
-7.725004577636719,136.07500305175782
-7.675004577636718,136.07500305175782
-7.725004577636719,136.0250030517578
-7.675004577636718,136.0250030517578
-7.700004577636719,136.0500030517578
-7.775,107.525
-7.725,107.525
-7.775,107.475
-7.725,107.475
-7.75,107.5
-7.775,107.57500305175782
-7.725,107.57500305175782
-7.775,107.5250030517578
-7.725,107.5250030517578
-7.75,107.55000305175781
-7.775,107.67500152587891
-7.725,107.67500152587891
-7.775,107.6250015258789
-7.725,107.6250015258789
-7.75,107.6500015258789
-7.775,108.57500305175782
-7.725,108.57500305175782
-7.775,108.5250030517578
-7.725,108.5250030517578
-7.75,108.55000305175781
-7.775,113.32500305175782
-7.725,113.32500305175782
-7.775,113.2750030517578
-7.725,113.2750030517578
-7.75,113.30000305175781
-7.775,132.62500610351563
-7.725,132.62500610351563
-7.775,132.57500610351562
-7.725,132.57500610351562
-7.75,132.60000610351562
-7.775,132.67499389648438
-7.725,132.67499389648438
-7.775,132.62499389648437
-7.725,132.62499389648437
-7.75,132.64999389648438
-7.775,132.87500610351563
-7.725,132.87500610351563
-7.775,132.82500610351562
-7.725,132.82500610351562
-7.75,132.85000610351562
-7.775,135.32500305175782
-7.725,135.32500305175782
-7.775,135.2750030517578
-7.725,135.2750030517578
-7.75,135.3000030517578
-7.775,135.42499389648438
-7.725,135.42499389648438
-7.775,135.37499389648437
-7.725,135.37499389648437
-7.75,135.39999389648438
-7.775,135.57500305175782
-7.725,135.57500305175782
-7.775,135.5250030517578
-7.725,135.5250030517578
-7.75,135.5500030517578
-7.775,135.7249969482422
-7.725,135.7249969482422
-7.775,135.67499694824218
-7.725,135.67499694824218
-7.75,135.6999969482422
-7.775,135.82500305175782
-7.725,135.82500305175782
-7.775,135.7750030517578
-7.725,135.7750030517578
-7.75,135.8000030517578
-7.775,135.92499389648438
-7.725,135.92499389648438
-7.775,135.87499389648437
-7.725,135.87499389648437
-7.75,135.89999389648438
-7.775,136.025
-7.725,136.025
-7.775,135.975
-7.725,135.975
-7.75,136.0
-7.825003051757813,107.4749969482422
-7.775003051757812,107.4749969482422
-7.825003051757813,107.42499694824218
-7.775003051757812,107.42499694824218
-7.8000030517578125,107.44999694824219
-7.825003051757813,107.525
-7.775003051757812,107.525
-7.825003051757813,107.475
-7.775003051757812,107.475
-7.8000030517578125,107.5
-7.825003051757813,107.57500305175782
-7.775003051757812,107.57500305175782
-7.825003051757813,107.5250030517578
-7.775003051757812,107.5250030517578
-7.8000030517578125,107.55000305175781
-7.825003051757813,107.67500152587891
-7.775003051757812,107.67500152587891
-7.825003051757813,107.6250015258789
-7.775003051757812,107.6250015258789
-7.8000030517578125,107.6500015258789
-7.825003051757813,107.7249969482422
-7.775003051757812,107.7249969482422
-7.825003051757813,107.67499694824218
-7.775003051757812,107.67499694824218
-7.8000030517578125,107.69999694824219
-7.825003051757813,107.775
-7.775003051757812,107.775
-7.825003051757813,107.725
-7.775003051757812,107.725
-7.8000030517578125,107.75
-7.825003051757813,108.57500305175782
-7.775003051757812,108.57500305175782
-7.825003051757813,108.5250030517578
-7.775003051757812,108.5250030517578
-7.8000030517578125,108.55000305175781
-7.825003051757813,108.67500152587891
-7.775003051757812,108.67500152587891
-7.825003051757813,108.6250015258789
-7.775003051757812,108.6250015258789
-7.8000030517578125,108.6500015258789
-7.825003051757813,108.9749969482422
-7.775003051757812,108.9749969482422
-7.825003051757813,108.92499694824218
-7.775003051757812,108.92499694824218
-7.8000030517578125,108.94999694824219
-7.825003051757813,109.17500152587891
-7.775003051757812,109.17500152587891
-7.825003051757813,109.1250015258789
-7.775003051757812,109.1250015258789
-7.8000030517578125,109.1500015258789
-7.825003051757813,109.275
-7.775003051757812,109.275
-7.825003051757813,109.225
-7.775003051757812,109.225
-7.8000030517578125,109.25
-7.825003051757813,122.32500305175782
-7.775003051757812,122.32500305175782
-7.825003051757813,122.2750030517578
-7.775003051757812,122.2750030517578
-7.8000030517578125,122.30000305175781
-7.825003051757813,131.525
-7.775003051757812,131.525
-7.825003051757813,131.475
-7.775003051757812,131.475
-7.8000030517578125,131.5
-7.825003051757813,132.62500610351563
-7.775003051757812,132.62500610351563
-7.825003051757813,132.57500610351562
-7.775003051757812,132.57500610351562
-7.8000030517578125,132.60000610351562
-7.825003051757813,132.7249969482422
-7.775003051757812,132.7249969482422
-7.825003051757813,132.67499694824218
-7.775003051757812,132.67499694824218
-7.8000030517578125,132.6999969482422
-7.825003051757813,132.775
-7.775003051757812,132.775
-7.825003051757813,132.725
-7.775003051757812,132.725
-7.8000030517578125,132.75
-7.825003051757813,135.12500610351563
-7.775003051757812,135.12500610351563
-7.825003051757813,135.07500610351562
-7.775003051757812,135.07500610351562
-7.8000030517578125,135.10000610351562
-7.825003051757813,135.2249969482422
-7.775003051757812,135.2249969482422
-7.825003051757813,135.17499694824218
-7.775003051757812,135.17499694824218
-7.8000030517578125,135.1999969482422
-7.825003051757813,135.7249969482422
-7.775003051757812,135.7249969482422
-7.825003051757813,135.67499694824218
-7.775003051757812,135.67499694824218
-7.8000030517578125,135.6999969482422
-7.825003051757813,135.775
-7.775003051757812,135.775
-7.825003051757813,135.725
-7.775003051757812,135.725
-7.8000030517578125,135.75
-7.874998474121094,107.42500152587891
-7.824998474121093,107.42500152587891
-7.874998474121094,107.3750015258789
-7.824998474121093,107.3750015258789
-7.849998474121094,107.4000015258789
-7.874998474121094,107.4749969482422
-7.824998474121093,107.4749969482422
-7.874998474121094,107.42499694824218
-7.824998474121093,107.42499694824218
-7.849998474121094,107.44999694824219
-7.874998474121094,107.57500305175782
-7.824998474121093,107.57500305175782
-7.874998474121094,107.5250030517578
-7.824998474121093,107.5250030517578
-7.849998474121094,107.55000305175781
-7.874998474121094,107.775
-7.824998474121093,107.775
-7.874998474121094,107.725
-7.824998474121093,107.725
-7.849998474121094,107.75
-7.874998474121094,107.9749969482422
-7.824998474121093,107.9749969482422
-7.874998474121094,107.92499694824218
-7.824998474121093,107.92499694824218
-7.849998474121094,107.94999694824219
-7.874998474121094,108.025
-7.824998474121093,108.025
-7.874998474121094,107.975
-7.824998474121093,107.975
-7.849998474121094,108.0
-7.874998474121094,108.82500305175782
-7.824998474121093,108.82500305175782
-7.874998474121094,108.7750030517578
-7.824998474121093,108.7750030517578
-7.849998474121094,108.80000305175781
-7.874998474121094,109.07500305175782
-7.824998474121093,109.07500305175782
-7.874998474121094,109.0250030517578
-7.824998474121093,109.0250030517578
-7.849998474121094,109.05000305175781
-7.874998474121094,109.1249984741211
-7.824998474121093,109.1249984741211
-7.874998474121094,109.07499847412109
-7.824998474121093,109.07499847412109
-7.849998474121094,109.0999984741211
-7.874998474121094,109.42500152587891
-7.824998474121093,109.42500152587891
-7.874998474121094,109.3750015258789
-7.824998474121093,109.3750015258789
-7.849998474121094,109.4000015258789
-7.874998474121094,109.4749969482422
-7.824998474121093,109.4749969482422
-7.874998474121094,109.42499694824218
-7.824998474121093,109.42499694824218
-7.849998474121094,109.44999694824219
-7.874998474121094,109.525
-7.824998474121093,109.525
-7.874998474121094,109.475
-7.824998474121093,109.475
-7.849998474121094,109.5
-7.874998474121094,109.57500305175782
-7.824998474121093,109.57500305175782
-7.874998474121094,109.5250030517578
-7.824998474121093,109.5250030517578
-7.849998474121094,109.55000305175781
-7.874998474121094,109.6249984741211
-7.824998474121093,109.6249984741211
-7.874998474121094,109.57499847412109
-7.824998474121093,109.57499847412109
-7.849998474121094,109.5999984741211
-7.874998474121094,109.67500152587891
-7.824998474121093,109.67500152587891
-7.874998474121094,109.6250015258789
-7.824998474121093,109.6250015258789
-7.849998474121094,109.6500015258789
-7.874998474121094,132.62500610351563
-7.824998474121093,132.62500610351563
-7.874998474121094,132.57500610351562
-7.824998474121093,132.57500610351562
-7.849998474121094,132.60000610351562
-7.874998474121094,132.87500610351563
-7.824998474121093,132.87500610351563
-7.874998474121094,132.82500610351562
-7.824998474121093,132.82500610351562
-7.849998474121094,132.85000610351562
-7.874998474121094,133.275
-7.824998474121093,133.275
-7.874998474121094,133.225
-7.824998474121093,133.225
-7.849998474121094,133.25
-7.874998474121094,134.87500610351563
-7.824998474121093,134.87500610351563
-7.874998474121094,134.82500610351562
-7.824998474121093,134.82500610351562
-7.849998474121094,134.85000610351562
-7.874998474121094,134.9749969482422
-7.824998474121093,134.9749969482422
-7.874998474121094,134.92499694824218
-7.824998474121093,134.92499694824218
-7.849998474121094,134.9499969482422
-7.874998474121094,135.025
-7.824998474121093,135.025
-7.874998474121094,134.975
-7.824998474121093,134.975
-7.849998474121094,135.0
-7.874998474121094,135.07500305175782
-7.824998474121093,135.07500305175782
-7.874998474121094,135.0250030517578
-7.824998474121093,135.0250030517578
-7.849998474121094,135.0500030517578
-7.874998474121094,135.12500610351563
-7.824998474121093,135.12500610351563
-7.874998474121094,135.07500610351562
-7.824998474121093,135.07500610351562
-7.849998474121094,135.10000610351562
-7.874998474121094,135.2249969482422
-7.824998474121093,135.2249969482422
-7.874998474121094,135.17499694824218
-7.824998474121093,135.17499694824218
-7.849998474121094,135.1999969482422
-7.874998474121094,135.32500305175782
-7.824998474121093,135.32500305175782
-7.874998474121094,135.2750030517578
-7.824998474121093,135.2750030517578
-7.849998474121094,135.3000030517578
-7.874998474121094,135.42499389648438
-7.824998474121093,135.42499389648438
-7.874998474121094,135.37499389648437
-7.824998474121093,135.37499389648437
-7.849998474121094,135.39999389648438
-7.874998474121094,135.525
-7.824998474121093,135.525
-7.874998474121094,135.475
-7.824998474121093,135.475
-7.849998474121094,135.5
-7.874998474121094,135.7249969482422
-7.824998474121093,135.7249969482422
-7.874998474121094,135.67499694824218
-7.824998474121093,135.67499694824218
-7.849998474121094,135.6999969482422
-7.874998474121094,135.82500305175782
-7.824998474121093,135.82500305175782
-7.874998474121094,135.7750030517578
-7.824998474121093,135.7750030517578
-7.849998474121094,135.8000030517578
-7.874998474121094,135.92499389648438
-7.824998474121093,135.92499389648438
-7.874998474121094,135.87499389648437
-7.824998474121093,135.87499389648437
-7.849998474121094,135.89999389648438
-7.925001525878907,107.2249969482422
-7.875001525878906,107.2249969482422
-7.925001525878907,107.17499694824218
-7.875001525878906,107.17499694824218
-7.900001525878906,107.19999694824219
-7.925001525878907,107.3749984741211
-7.875001525878906,107.3749984741211
-7.925001525878907,107.32499847412109
-7.875001525878906,107.32499847412109
-7.900001525878906,107.3499984741211
-7.925001525878907,107.42500152587891
-7.875001525878906,107.42500152587891
-7.925001525878907,107.3750015258789
-7.875001525878906,107.3750015258789
-7.900001525878906,107.4000015258789
-7.925001525878907,107.4749969482422
-7.875001525878906,107.4749969482422
-7.925001525878907,107.42499694824218
-7.875001525878906,107.42499694824218
-7.900001525878906,107.44999694824219
-7.925001525878907,107.6249984741211
-7.875001525878906,107.6249984741211
-7.925001525878907,107.57499847412109
-7.875001525878906,107.57499847412109
-7.900001525878906,107.5999984741211
-7.925001525878907,107.775
-7.875001525878906,107.775
-7.925001525878907,107.725
-7.875001525878906,107.725
-7.900001525878906,107.75
-7.925001525878907,107.82500305175782
-7.875001525878906,107.82500305175782
-7.925001525878907,107.7750030517578
-7.875001525878906,107.7750030517578
-7.900001525878906,107.80000305175781
-7.925001525878907,107.8749984741211
-7.875001525878906,107.8749984741211
-7.925001525878907,107.82499847412109
-7.875001525878906,107.82499847412109
-7.900001525878906,107.8499984741211
-7.925001525878907,107.92500152587891
-7.875001525878906,107.92500152587891
-7.925001525878907,107.8750015258789
-7.875001525878906,107.8750015258789
-7.900001525878906,107.9000015258789
-7.925001525878907,109.025
-7.875001525878906,109.025
-7.925001525878907,108.975
-7.875001525878906,108.975
-7.900001525878906,109.0
-7.925001525878907,109.6249984741211
-7.875001525878906,109.6249984741211
-7.925001525878907,109.57499847412109
-7.875001525878906,109.57499847412109
-7.900001525878906,109.5999984741211
-7.925001525878907,109.67500152587891
-7.875001525878906,109.67500152587891
-7.925001525878907,109.6250015258789
-7.875001525878906,109.6250015258789
-7.900001525878906,109.6500015258789
-7.925001525878907,109.7249969482422
-7.875001525878906,109.7249969482422
-7.925001525878907,109.67499694824218
-7.875001525878906,109.67499694824218
-7.900001525878906,109.69999694824219
-7.925001525878907,109.775
-7.875001525878906,109.775
-7.925001525878907,109.725
-7.875001525878906,109.725
-7.900001525878906,109.75
-7.925001525878907,109.82500305175782
-7.875001525878906,109.82500305175782
-7.925001525878907,109.7750030517578
-7.875001525878906,109.7750030517578
-7.900001525878906,109.80000305175781
-7.925001525878907,109.92500152587891
-7.875001525878906,109.92500152587891
-7.925001525878907,109.8750015258789
-7.875001525878906,109.8750015258789
-7.900001525878906,109.9000015258789
-7.925001525878907,132.67499389648438
-7.875001525878906,132.67499389648438
-7.925001525878907,132.62499389648437
-7.875001525878906,132.62499389648437
-7.900001525878906,132.64999389648438
-7.925001525878907,132.775
-7.875001525878906,132.775
-7.925001525878907,132.725
-7.875001525878906,132.725
-7.900001525878906,132.75
-7.925001525878907,135.025
-7.875001525878906,135.025
-7.925001525878907,134.975
-7.875001525878906,134.975
-7.900001525878906,135.0
-7.925001525878907,135.12500610351563
-7.875001525878906,135.12500610351563
-7.925001525878907,135.07500610351562
-7.875001525878906,135.07500610351562
-7.900001525878906,135.10000610351562
-7.925001525878907,135.2249969482422
-7.875001525878906,135.2249969482422
-7.925001525878907,135.17499694824218
-7.875001525878906,135.17499694824218
-7.900001525878906,135.1999969482422
-7.925001525878907,135.42499389648438
-7.875001525878906,135.42499389648438
-7.925001525878907,135.37499389648437
-7.875001525878906,135.37499389648437
-7.900001525878906,135.39999389648438
-7.925001525878907,135.525
-7.875001525878906,135.525
-7.925001525878907,135.475
-7.875001525878906,135.475
-7.900001525878906,135.5
-7.925001525878907,135.67499389648438
-7.875001525878906,135.67499389648438
-7.925001525878907,135.62499389648437
-7.875001525878906,135.62499389648437
-7.900001525878906,135.64999389648438
-7.975004577636719,107.525
-7.925004577636718,107.525
-7.975004577636719,107.475
-7.925004577636718,107.475
-7.950004577636719,107.5
-7.975004577636719,107.57500305175782
-7.925004577636718,107.57500305175782
-7.975004577636719,107.5250030517578
-7.925004577636718,107.5250030517578
-7.950004577636719,107.55000305175781
-7.975004577636719,110.07500305175782
-7.925004577636718,110.07500305175782
-7.975004577636719,110.0250030517578
-7.925004577636718,110.0250030517578
-7.950004577636719,110.05000305175781
-7.975004577636719,110.1249984741211
-7.925004577636718,110.1249984741211
-7.975004577636719,110.07499847412109
-7.925004577636718,110.07499847412109
-7.950004577636719,110.0999984741211
-7.975004577636719,132.4749969482422
-7.925004577636718,132.4749969482422
-7.975004577636719,132.42499694824218
-7.925004577636718,132.42499694824218
-7.950004577636719,132.4499969482422
-7.975004577636719,132.57500305175782
-7.925004577636718,132.57500305175782
-7.975004577636719,132.5250030517578
-7.925004577636718,132.5250030517578
-7.950004577636719,132.5500030517578
-7.975004577636719,132.62500610351563
-7.925004577636718,132.62500610351563
-7.975004577636719,132.57500610351562
-7.925004577636718,132.57500610351562
-7.950004577636719,132.60000610351562
-7.975004577636719,132.67499389648438
-7.925004577636718,132.67499389648438
-7.975004577636719,132.62499389648437
-7.925004577636718,132.62499389648437
-7.950004577636719,132.64999389648438
-7.975004577636719,132.7249969482422
-7.925004577636718,132.7249969482422
-7.975004577636719,132.67499694824218
-7.925004577636718,132.67499694824218
-7.950004577636719,132.6999969482422
-7.975004577636719,134.9749969482422
-7.925004577636718,134.9749969482422
-7.975004577636719,134.92499694824218
-7.925004577636718,134.92499694824218
-7.950004577636719,134.9499969482422
-7.975004577636719,135.07500305175782
-7.925004577636718,135.07500305175782
-7.975004577636719,135.0250030517578
-7.925004577636718,135.0250030517578
-7.950004577636719,135.0500030517578
-7.975004577636719,135.17499389648438
-7.925004577636718,135.17499389648438
-7.975004577636719,135.12499389648437
-7.925004577636718,135.12499389648437
-7.950004577636719,135.14999389648438
-7.975004577636719,135.37500610351563
-7.925004577636718,135.37500610351563
-7.975004577636719,135.32500610351562
-7.925004577636718,135.32500610351562
-7.950004577636719,135.35000610351562
-7.975004577636719,135.42499389648438
-7.925004577636718,135.42499389648438
-7.975004577636719,135.37499389648437
-7.925004577636718,135.37499389648437
-7.950004577636719,135.39999389648438
-7.975004577636719,135.4749969482422
-7.925004577636718,135.4749969482422
-7.975004577636719,135.42499694824218
-7.925004577636718,135.42499694824218
-7.950004577636719,135.4499969482422
-7.975004577636719,135.57500305175782
-7.925004577636718,135.57500305175782
-7.975004577636719,135.5250030517578
-7.925004577636718,135.5250030517578
-7.950004577636719,135.5500030517578
-7.975004577636719,135.775
-7.925004577636718,135.775
-7.975004577636719,135.725
-7.925004577636718,135.725
-7.950004577636719,135.75
-8.025,107.67500152587891
-7.975,107.67500152587891
-8.025,107.6250015258789
-7.975,107.6250015258789
-8.0,107.6500015258789
-8.025,131.07500305175782
-7.975,131.07500305175782
-8.025,131.0250030517578
-7.975,131.0250030517578
-8.0,131.0500030517578
-8.025,132.525
-7.975,132.525
-8.025,132.475
-7.975,132.475
-8.0,132.5
-8.025,132.57500305175782
-7.975,132.57500305175782
-8.025,132.5250030517578
-7.975,132.5250030517578
-8.0,132.5500030517578
-8.025,134.9749969482422
-7.975,134.9749969482422
-8.025,134.92499694824218
-7.975,134.92499694824218
-8.0,134.9499969482422
-8.025,135.025
-7.975,135.025
-8.025,134.975
-7.975,134.975
-8.0,135.0
-8.025,135.12500610351563
-7.975,135.12500610351563
-8.025,135.07500610351562
-7.975,135.07500610351562
-8.0,135.10000610351562
-8.025,135.32500305175782
-7.975,135.32500305175782
-8.025,135.2750030517578
-7.975,135.2750030517578
-8.0,135.3000030517578
-8.025,135.42499389648438
-7.975,135.42499389648438
-8.025,135.37499389648437
-7.975,135.37499389648437
-8.0,135.39999389648438
-8.025,135.4749969482422
-7.975,135.4749969482422
-8.025,135.42499694824218
-7.975,135.42499694824218
-8.0,135.4499969482422
-8.025,135.67499389648438
-7.975,135.67499389648438
-8.025,135.62499389648437
-7.975,135.62499389648437
-8.0,135.64999389648438
-8.025,135.775
-7.975,135.775
-8.025,135.725
-7.975,135.725
-8.0,135.75
-8.075003051757813,107.67500152587891
-8.025003051757812,107.67500152587891
-8.075003051757813,107.6250015258789
-8.025003051757812,107.6250015258789
-8.050003051757812,107.6500015258789
-8.075003051757813,110.32500305175782
-8.025003051757812,110.32500305175782
-8.075003051757813,110.2750030517578
-8.025003051757812,110.2750030517578
-8.050003051757812,110.30000305175781
-8.075003051757813,135.32500305175782
-8.025003051757812,135.32500305175782
-8.075003051757813,135.2750030517578
-8.025003051757812,135.2750030517578
-8.050003051757812,135.3000030517578
-8.075003051757813,136.025
-8.025003051757812,136.025
-8.075003051757813,135.975
-8.025003051757812,135.975
-8.050003051757812,136.0
-8.124998474121094,95.07500305175782
-8.074998474121093,95.07500305175782
-8.124998474121094,95.0250030517578
-8.074998474121093,95.0250030517578
-8.099998474121094,95.05000305175781
-8.124998474121094,106.9749969482422
-8.074998474121093,106.9749969482422
-8.124998474121094,106.92499694824218
-8.074998474121093,106.92499694824218
-8.099998474121094,106.94999694824219
-8.124998474121094,110.42500152587891
-8.074998474121093,110.42500152587891
-8.124998474121094,110.3750015258789
-8.074998474121093,110.3750015258789
-8.099998474121094,110.4000015258789
-8.124998474121094,130.92499389648438
-8.074998474121093,130.92499389648438
-8.124998474121094,130.87499389648437
-8.074998474121093,130.87499389648437
-8.099998474121094,130.89999389648438
-8.124998474121094,134.9749969482422
-8.074998474121093,134.9749969482422
-8.124998474121094,134.92499694824218
-8.074998474121093,134.92499694824218
-8.099998474121094,134.9499969482422
-8.124998474121094,135.42499389648438
-8.074998474121093,135.42499389648438
-8.124998474121094,135.37499389648437
-8.074998474121093,135.37499389648437
-8.099998474121094,135.39999389648438
-8.124998474121094,135.4749969482422
-8.074998474121093,135.4749969482422
-8.124998474121094,135.42499694824218
-8.074998474121093,135.42499694824218
-8.099998474121094,135.4499969482422
-8.124998474121094,135.62500610351563
-8.074998474121093,135.62500610351563
-8.124998474121094,135.57500610351562
-8.074998474121093,135.57500610351562
-8.099998474121094,135.60000610351562
-8.175001525878907,94.775
-8.125001525878906,94.775
-8.175001525878907,94.725
-8.125001525878906,94.725
-8.150001525878906,94.75
-8.175001525878907,100.775
-8.125001525878906,100.775
-8.175001525878907,100.725
-8.125001525878906,100.725
-8.150001525878906,100.75
-8.175001525878907,107.17500152587891
-8.125001525878906,107.17500152587891
-8.175001525878907,107.1250015258789
-8.125001525878906,107.1250015258789
-8.150001525878906,107.1500015258789
-8.175001525878907,108.2249969482422
-8.125001525878906,108.2249969482422
-8.175001525878907,108.17499694824218
-8.125001525878906,108.17499694824218
-8.150001525878906,108.19999694824219
-8.175001525878907,110.525
-8.125001525878906,110.525
-8.175001525878907,110.475
-8.125001525878906,110.475
-8.150001525878906,110.5
-8.175001525878907,132.4749969482422
-8.125001525878906,132.4749969482422
-8.175001525878907,132.42499694824218
-8.125001525878906,132.42499694824218
-8.150001525878906,132.4499969482422
-8.175001525878907,135.32500305175782
-8.125001525878906,135.32500305175782
-8.175001525878907,135.2750030517578
-8.125001525878906,135.2750030517578
-8.150001525878906,135.3000030517578
-8.175001525878907,135.62500610351563
-8.125001525878906,135.62500610351563
-8.175001525878907,135.57500610351562
-8.125001525878906,135.57500610351562
-8.150001525878906,135.60000610351562
-8.175001525878907,135.92499389648438
-8.125001525878906,135.92499389648438
-8.175001525878907,135.87499389648437
-8.125001525878906,135.87499389648437
-8.150001525878906,135.89999389648438
-8.225004577636719,100.67500152587891
-8.175004577636718,100.67500152587891
-8.225004577636719,100.6250015258789
-8.175004577636718,100.6250015258789
-8.200004577636719,100.6500015258789
-8.225004577636719,108.07500305175782
-8.175004577636718,108.07500305175782
-8.225004577636719,108.0250030517578
-8.175004577636718,108.0250030517578
-8.200004577636719,108.05000305175781
-8.225004577636719,108.82500305175782
-8.175004577636718,108.82500305175782
-8.225004577636719,108.7750030517578
-8.175004577636718,108.7750030517578
-8.200004577636719,108.80000305175781
-8.225004577636719,110.57500305175782
-8.175004577636718,110.57500305175782
-8.225004577636719,110.5250030517578
-8.175004577636718,110.5250030517578
-8.200004577636719,110.55000305175781
-8.225004577636719,110.67500152587891
-8.175004577636718,110.67500152587891
-8.225004577636719,110.6250015258789
-8.175004577636718,110.6250015258789
-8.200004577636719,110.6500015258789
-8.225004577636719,132.42499389648438
-8.175004577636718,132.42499389648438
-8.225004577636719,132.37499389648437
-8.175004577636718,132.37499389648437
-8.200004577636719,132.39999389648438
-8.225004577636719,135.775
-8.175004577636718,135.775
-8.225004577636719,135.725
-8.175004577636718,135.725
-8.200004577636719,135.75
-8.225004577636719,135.87500610351563
-8.175004577636718,135.87500610351563
-8.225004577636719,135.82500610351562
-8.175004577636718,135.82500610351562
-8.200004577636719,135.85000610351562
-8.275,95.17500152587891
-8.225,95.17500152587891
-8.275,95.1250015258789
-8.225,95.1250015258789
-8.25,95.1500015258789
-8.275,110.92500152587891
-8.225,110.92500152587891
-8.275,110.8750015258789
-8.225,110.8750015258789
-8.25,110.9000015258789
-8.275,130.7249969482422
-8.225,130.7249969482422
-8.275,130.67499694824218
-8.225,130.67499694824218
-8.25,130.6999969482422
-8.275,135.12500610351563
-8.225,135.12500610351563
-8.275,135.07500610351562
-8.225,135.07500610351562
-8.25,135.10000610351562
-8.275,135.17499389648438
-8.225,135.17499389648438
-8.275,135.12499389648437
-8.225,135.12499389648437
-8.25,135.14999389648438
-8.275,135.32500305175782
-8.225,135.32500305175782
-8.275,135.2750030517578
-8.225,135.2750030517578
-8.25,135.3000030517578
-8.275,135.4749969482422
-8.225,135.4749969482422
-8.275,135.42499694824218
-8.225,135.42499694824218
-8.25,135.4499969482422
-8.325003051757813,111.025
-8.275003051757812,111.025
-8.325003051757813,110.975
-8.275003051757812,110.975
-8.300003051757812,111.0
-8.325003051757813,111.9749969482422
-8.275003051757812,111.9749969482422
-8.325003051757813,111.92499694824218
-8.275003051757812,111.92499694824218
-8.300003051757812,111.94999694824219
-8.325003051757813,131.025
-8.275003051757812,131.025
-8.325003051757813,130.975
-8.275003051757812,130.975
-8.300003051757812,131.0
-8.325003051757813,132.32500305175782
-8.275003051757812,132.32500305175782
-8.325003051757813,132.2750030517578
-8.275003051757812,132.2750030517578
-8.300003051757812,132.3000030517578
-8.325003051757813,132.525
-8.275003051757812,132.525
-8.325003051757813,132.475
-8.275003051757812,132.475
-8.300003051757812,132.5
-8.325003051757813,135.37500610351563
-8.275003051757812,135.37500610351563
-8.325003051757813,135.32500610351562
-8.275003051757812,135.32500610351562
-8.300003051757812,135.35000610351562
-8.325003051757813,135.4749969482422
-8.275003051757812,135.4749969482422
-8.325003051757813,135.42499694824218
-8.275003051757812,135.42499694824218
-8.300003051757812,135.4499969482422
-8.325003051757813,135.67499389648438
-8.275003051757812,135.67499389648438
-8.325003051757813,135.62499389648437
-8.275003051757812,135.62499389648437
-8.300003051757812,135.64999389648438
-8.325003051757813,137.525
-8.275003051757812,137.525
-8.325003051757813,137.475
-8.275003051757812,137.475
-8.300003051757812,137.5
-8.374998474121094,111.32500305175782
-8.324998474121093,111.32500305175782
-8.374998474121094,111.2750030517578
-8.324998474121093,111.2750030517578
-8.349998474121094,111.30000305175781
-8.374998474121094,111.42500152587891
-8.324998474121093,111.42500152587891
-8.374998474121094,111.3750015258789
-8.324998474121093,111.3750015258789
-8.349998474121094,111.4000015258789
-8.374998474121094,111.4749969482422
-8.324998474121093,111.4749969482422
-8.374998474121094,111.42499694824218
-8.324998474121093,111.42499694824218
-8.349998474121094,111.44999694824219
-8.374998474121094,111.525
-8.324998474121093,111.525
-8.374998474121094,111.475
-8.324998474121093,111.475
-8.349998474121094,111.5
-8.374998474121094,111.57500305175782
-8.324998474121093,111.57500305175782
-8.374998474121094,111.5250030517578
-8.324998474121093,111.5250030517578
-8.349998474121094,111.55000305175781
-8.374998474121094,112.2249969482422
-8.324998474121093,112.2249969482422
-8.374998474121094,112.17499694824218
-8.324998474121093,112.17499694824218
-8.349998474121094,112.19999694824219
-8.374998474121094,113.07500305175782
-8.324998474121093,113.07500305175782
-8.374998474121094,113.0250030517578
-8.324998474121093,113.0250030517578
-8.349998474121094,113.05000305175781
-8.374998474121094,113.2249969482422
-8.324998474121093,113.2249969482422
-8.374998474121094,113.17499694824218
-8.324998474121093,113.17499694824218
-8.349998474121094,113.19999694824219
-8.374998474121094,113.275
-8.324998474121093,113.275
-8.374998474121094,113.225
-8.324998474121093,113.225
-8.349998474121094,113.25
-8.374998474121094,135.37500610351563
-8.324998474121093,135.37500610351563
-8.374998474121094,135.32500610351562
-8.324998474121093,135.32500610351562
-8.349998474121094,135.35000610351562
-8.374998474121094,135.42499389648438
-8.324998474121093,135.42499389648438
-8.374998474121094,135.37499389648437
-8.324998474121093,135.37499389648437
-8.349998474121094,135.39999389648438
-8.374998474121094,135.4749969482422
-8.324998474121093,135.4749969482422
-8.374998474121094,135.42499694824218
-8.324998474121093,135.42499694824218
-8.349998474121094,135.4499969482422
-8.374998474121094,135.67499389648438
-8.324998474121093,135.67499389648438
-8.374998474121094,135.62499389648437
-8.324998474121093,135.62499389648437
-8.349998474121094,135.64999389648438
-8.425001525878907,112.42500152587891
-8.375001525878906,112.42500152587891
-8.425001525878907,112.3750015258789
-8.375001525878906,112.3750015258789
-8.400001525878906,112.4000015258789
-8.425001525878907,112.9749969482422
-8.375001525878906,112.9749969482422
-8.425001525878907,112.92499694824218
-8.375001525878906,112.92499694824218
-8.400001525878906,112.94999694824219
-8.425001525878907,113.07500305175782
-8.375001525878906,113.07500305175782
-8.425001525878907,113.0250030517578
-8.375001525878906,113.0250030517578
-8.400001525878906,113.05000305175781
-8.425001525878907,114.42500152587891
-8.375001525878906,114.42500152587891
-8.425001525878907,114.3750015258789
-8.375001525878906,114.3750015258789
-8.400001525878906,114.4000015258789
-8.425001525878907,121.07500305175782
-8.375001525878906,121.07500305175782
-8.425001525878907,121.0250030517578
-8.375001525878906,121.0250030517578
-8.400001525878906,121.05000305175781
-8.425001525878907,122.9749969482422
-8.375001525878906,122.9749969482422
-8.425001525878907,122.92499694824218
-8.375001525878906,122.92499694824218
-8.400001525878906,122.94999694824219
-8.425001525878907,135.275
-8.375001525878906,135.275
-8.425001525878907,135.225
-8.375001525878906,135.225
-8.400001525878906,135.25
-8.425001525878907,135.32500305175782
-8.375001525878906,135.32500305175782
-8.425001525878907,135.2750030517578
-8.375001525878906,135.2750030517578
-8.400001525878906,135.3000030517578
-8.425001525878907,135.37500610351563
-8.375001525878906,135.37500610351563
-8.425001525878907,135.32500610351562
-8.375001525878906,135.32500610351562
-8.400001525878906,135.35000610351562
-8.425001525878907,135.525
-8.375001525878906,135.525
-8.425001525878907,135.475
-8.375001525878906,135.475
-8.400001525878906,135.5
-8.425001525878907,135.67499389648438
-8.375001525878906,135.67499389648438
-8.425001525878907,135.62499389648437
-8.375001525878906,135.62499389648437
-8.400001525878906,135.64999389648438
-8.425001525878907,135.7249969482422
-8.375001525878906,135.7249969482422
-8.425001525878907,135.67499694824218
-8.375001525878906,135.67499694824218
-8.400001525878906,135.6999969482422
-8.425001525878907,135.775
-8.375001525878906,135.775
-8.425001525878907,135.725
-8.375001525878906,135.725
-8.400001525878906,135.75
-8.475004577636719,113.07500305175782
-8.425004577636718,113.07500305175782
-8.475004577636719,113.0250030517578
-8.425004577636718,113.0250030517578
-8.450004577636719,113.05000305175781
-8.475004577636719,113.275
-8.425004577636718,113.275
-8.475004577636719,113.225
-8.425004577636718,113.225
-8.450004577636719,113.25
-8.475004577636719,116.775
-8.425004577636718,116.775
-8.475004577636719,116.725
-8.425004577636718,116.725
-8.450004577636719,116.75
-8.475004577636719,122.4749969482422
-8.425004577636718,122.4749969482422
-8.475004577636719,122.42499694824218
-8.425004577636718,122.42499694824218
-8.450004577636719,122.44999694824219
-8.475004577636719,135.4749969482422
-8.425004577636718,135.4749969482422
-8.475004577636719,135.42499694824218
-8.425004577636718,135.42499694824218
-8.450004577636719,135.4499969482422
-8.475004577636719,135.525
-8.425004577636718,135.525
-8.475004577636719,135.475
-8.425004577636718,135.475
-8.450004577636719,135.5
-8.475004577636719,135.62500610351563
-8.425004577636718,135.62500610351563
-8.475004577636719,135.57500610351562
-8.425004577636718,135.57500610351562
-8.450004577636719,135.60000610351562
-8.475004577636719,135.775
-8.425004577636718,135.775
-8.475004577636719,135.725
-8.425004577636718,135.725
-8.450004577636719,135.75
-8.475004577636719,139.275
-8.425004577636718,139.275
-8.475004577636719,139.225
-8.425004577636718,139.225
-8.450004577636719,139.25
-8.475004577636719,139.42499389648438
-8.425004577636718,139.42499389648438
-8.475004577636719,139.37499389648437
-8.425004577636718,139.37499389648437
-8.450004577636719,139.39999389648438
-8.525,99.82500305175782
-8.475,99.82500305175782
-8.525,99.7750030517578
-8.475,99.7750030517578
-8.5,99.80000305175781
-8.525,112.92500152587891
-8.475,112.92500152587891
-8.525,112.8750015258789
-8.475,112.8750015258789
-8.5,112.9000015258789
-8.525,113.4749969482422
-8.475,113.4749969482422
-8.525,113.42499694824218
-8.475,113.42499694824218
-8.5,113.44999694824219
-8.525,113.525
-8.475,113.525
-8.525,113.475
-8.475,113.475
-8.5,113.5
-8.525,114.4749969482422
-8.475,114.4749969482422
-8.525,114.42499694824218
-8.475,114.42499694824218
-8.5,114.44999694824219
-8.525,124.67500152587891
-8.475,124.67500152587891
-8.525,124.6250015258789
-8.475,124.6250015258789
-8.5,124.6500015258789
-8.525,135.4749969482422
-8.475,135.4749969482422
-8.525,135.42499694824218
-8.475,135.42499694824218
-8.5,135.4499969482422
-8.525,135.67499389648438
-8.475,135.67499389648438
-8.525,135.62499389648437
-8.475,135.62499389648437
-8.5,135.64999389648438
-8.525,135.7249969482422
-8.475,135.7249969482422
-8.525,135.67499694824218
-8.475,135.67499694824218
-8.5,135.6999969482422
-8.525,139.17499389648438
-8.475,139.17499389648438
-8.525,139.12499389648437
-8.475,139.12499389648437
-8.5,139.14999389648438
-8.525,139.2249969482422
-8.475,139.2249969482422
-8.525,139.17499694824218
-8.475,139.17499694824218
-8.5,139.1999969482422
-8.525,139.275
-8.475,139.275
-8.525,139.225
-8.475,139.225
-8.5,139.25
-8.525,139.32500305175782
-8.475,139.32500305175782
-8.525,139.2750030517578
-8.475,139.2750030517578
-8.5,139.3000030517578
-8.525,139.37500610351563
-8.475,139.37500610351563
-8.525,139.32500610351562
-8.475,139.32500610351562
-8.5,139.35000610351562
-8.525,139.42499389648438
-8.475,139.42499389648438
-8.525,139.37499389648437
-8.475,139.37499389648437
-8.5,139.39999389648438
-8.525,139.4749969482422
-8.475,139.4749969482422
-8.525,139.42499694824218
-8.475,139.42499694824218
-8.5,139.4499969482422
-8.575003051757813,113.32500305175782
-8.525003051757812,113.32500305175782
-8.575003051757813,113.2750030517578
-8.525003051757812,113.2750030517578
-8.550003051757812,113.30000305175781
-8.575003051757813,113.37500610351563
-8.525003051757812,113.37500610351563
-8.575003051757813,113.32500610351562
-8.525003051757812,113.32500610351562
-8.550003051757812,113.35000610351562
-8.575003051757813,113.42500152587891
-8.525003051757812,113.42500152587891
-8.575003051757813,113.3750015258789
-8.525003051757812,113.3750015258789
-8.550003051757812,113.4000015258789
-8.575003051757813,113.4749969482422
-8.525003051757812,113.4749969482422
-8.575003051757813,113.42499694824218
-8.525003051757812,113.42499694824218
-8.550003051757812,113.44999694824219
-8.575003051757813,113.525
-8.525003051757812,113.525
-8.575003051757813,113.475
-8.525003051757812,113.475
-8.550003051757812,113.5
-8.575003051757813,113.57500305175782
-8.525003051757812,113.57500305175782
-8.575003051757813,113.5250030517578
-8.525003051757812,113.5250030517578
-8.550003051757812,113.55000305175781
-8.575003051757813,113.62500610351563
-8.525003051757812,113.62500610351563
-8.575003051757813,113.57500610351562
-8.525003051757812,113.57500610351562
-8.550003051757812,113.60000610351562
-8.575003051757813,114.9749969482422
-8.525003051757812,114.9749969482422
-8.575003051757813,114.92499694824218
-8.525003051757812,114.92499694824218
-8.550003051757812,114.94999694824219
-8.575003051757813,117.7249969482422
-8.525003051757812,117.7249969482422
-8.575003051757813,117.67499694824218
-8.525003051757812,117.67499694824218
-8.550003051757812,117.69999694824219
-8.575003051757813,135.67499389648438
-8.525003051757812,135.67499389648438
-8.575003051757813,135.62499389648437
-8.525003051757812,135.62499389648437
-8.550003051757812,135.64999389648438
-8.575003051757813,136.07500305175782
-8.525003051757812,136.07500305175782
-8.575003051757813,136.0250030517578
-8.525003051757812,136.0250030517578
-8.550003051757812,136.0500030517578
-8.575003051757813,139.12500610351563
-8.525003051757812,139.12500610351563
-8.575003051757813,139.07500610351562
-8.525003051757812,139.07500610351562
-8.550003051757812,139.10000610351562
-8.575003051757813,139.17499389648438
-8.525003051757812,139.17499389648438
-8.575003051757813,139.12499389648437
-8.525003051757812,139.12499389648437
-8.550003051757812,139.14999389648438
-8.575003051757813,139.2249969482422
-8.525003051757812,139.2249969482422
-8.575003051757813,139.17499694824218
-8.525003051757812,139.17499694824218
-8.550003051757812,139.1999969482422
-8.575003051757813,139.275
-8.525003051757812,139.275
-8.575003051757813,139.225
-8.525003051757812,139.225
-8.550003051757812,139.25
-8.575003051757813,139.32500305175782
-8.525003051757812,139.32500305175782
-8.575003051757813,139.2750030517578
-8.525003051757812,139.2750030517578
-8.550003051757812,139.3000030517578
-8.575003051757813,139.37500610351563
-8.525003051757812,139.37500610351563
-8.575003051757813,139.32500610351562
-8.525003051757812,139.32500610351562
-8.550003051757812,139.35000610351562
-8.575003051757813,139.42499389648438
-8.525003051757812,139.42499389648438
-8.575003051757813,139.37499389648437
-8.525003051757812,139.37499389648437
-8.550003051757812,139.39999389648438
-8.575003051757813,139.4749969482422
-8.525003051757812,139.4749969482422
-8.575003051757813,139.42499694824218
-8.525003051757812,139.42499694824218
-8.550003051757812,139.4499969482422
-8.575003051757813,139.525
-8.525003051757812,139.525
-8.575003051757813,139.475
-8.525003051757812,139.475
-8.550003051757812,139.5
-8.624998474121094,94.8749984741211
-8.574998474121093,94.8749984741211
-8.624998474121094,94.82499847412109
-8.574998474121093,94.82499847412109
-8.599998474121094,94.8499984741211
-8.624998474121094,113.2249969482422
-8.574998474121093,113.2249969482422
-8.624998474121094,113.17499694824218
-8.574998474121093,113.17499694824218
-8.599998474121094,113.19999694824219
-8.624998474121094,113.32500305175782
-8.574998474121093,113.32500305175782
-8.624998474121094,113.2750030517578
-8.574998474121093,113.2750030517578
-8.599998474121094,113.30000305175781
-8.624998474121094,115.025
-8.574998474121093,115.025
-8.624998474121094,114.975
-8.574998474121093,114.975
-8.599998474121094,115.0
-8.624998474121094,119.07500305175782
-8.574998474121093,119.07500305175782
-8.624998474121094,119.0250030517578
-8.574998474121093,119.0250030517578
-8.599998474121094,119.05000305175781
-8.624998474121094,135.62500610351563
-8.574998474121093,135.62500610351563
-8.624998474121094,135.57500610351562
-8.574998474121093,135.57500610351562
-8.599998474121094,135.60000610351562
-8.624998474121094,135.67499389648438
-8.574998474121093,135.67499389648438
-8.624998474121094,135.62499389648437
-8.574998474121093,135.62499389648437
-8.599998474121094,135.64999389648438
-8.624998474121094,135.7249969482422
-8.574998474121093,135.7249969482422
-8.624998474121094,135.67499694824218
-8.574998474121093,135.67499694824218
-8.599998474121094,135.6999969482422
-8.624998474121094,135.87500610351563
-8.574998474121093,135.87500610351563
-8.624998474121094,135.82500610351562
-8.574998474121093,135.82500610351562
-8.599998474121094,135.85000610351562
-8.624998474121094,135.9749969482422
-8.574998474121093,135.9749969482422
-8.624998474121094,135.92499694824218
-8.574998474121093,135.92499694824218
-8.599998474121094,135.9499969482422
-8.624998474121094,136.025
-8.574998474121093,136.025
-8.624998474121094,135.975
-8.574998474121093,135.975
-8.599998474121094,136.0
-8.624998474121094,136.17499389648438
-8.574998474121093,136.17499389648438
-8.624998474121094,136.12499389648437
-8.574998474121093,136.12499389648437
-8.599998474121094,136.14999389648438
-8.624998474121094,139.07500305175782
-8.574998474121093,139.07500305175782
-8.624998474121094,139.0250030517578
-8.574998474121093,139.0250030517578
-8.599998474121094,139.0500030517578
-8.624998474121094,139.12500610351563
-8.574998474121093,139.12500610351563
-8.624998474121094,139.07500610351562
-8.574998474121093,139.07500610351562
-8.599998474121094,139.10000610351562
-8.624998474121094,139.17499389648438
-8.574998474121093,139.17499389648438
-8.624998474121094,139.12499389648437
-8.574998474121093,139.12499389648437
-8.599998474121094,139.14999389648438
-8.624998474121094,139.2249969482422
-8.574998474121093,139.2249969482422
-8.624998474121094,139.17499694824218
-8.574998474121093,139.17499694824218
-8.599998474121094,139.1999969482422
-8.624998474121094,139.275
-8.574998474121093,139.275
-8.624998474121094,139.225
-8.574998474121093,139.225
-8.599998474121094,139.25
-8.624998474121094,139.32500305175782
-8.574998474121093,139.32500305175782
-8.624998474121094,139.2750030517578
-8.574998474121093,139.2750030517578
-8.599998474121094,139.3000030517578
-8.624998474121094,139.37500610351563
-8.574998474121093,139.37500610351563
-8.624998474121094,139.32500610351562
-8.574998474121093,139.32500610351562
-8.599998474121094,139.35000610351562
-8.624998474121094,139.42499389648438
-8.574998474121093,139.42499389648438
-8.624998474121094,139.37499389648437
-8.574998474121093,139.37499389648437
-8.599998474121094,139.39999389648438
-8.624998474121094,139.4749969482422
-8.574998474121093,139.4749969482422
-8.624998474121094,139.42499694824218
-8.574998474121093,139.42499694824218
-8.599998474121094,139.4499969482422
-8.624998474121094,139.525
-8.574998474121093,139.525
-8.624998474121094,139.475
-8.574998474121093,139.475
-8.599998474121094,139.5
-8.624998474121094,139.57500305175782
-8.574998474121093,139.57500305175782
-8.624998474121094,139.5250030517578
-8.574998474121093,139.5250030517578
-8.599998474121094,139.5500030517578
-8.624998474121094,139.62500610351563
-8.574998474121093,139.62500610351563
-8.624998474121094,139.57500610351562
-8.574998474121093,139.57500610351562
-8.599998474121094,139.60000610351562
-8.624998474121094,139.775
-8.574998474121093,139.775
-8.624998474121094,139.725
-8.574998474121093,139.725
-8.599998474121094,139.75
-8.675001525878907,112.82500305175782
-8.625001525878906,112.82500305175782
-8.675001525878907,112.7750030517578
-8.625001525878906,112.7750030517578
-8.650001525878906,112.80000305175781
-8.675001525878907,113.07500305175782
-8.625001525878906,113.07500305175782
-8.675001525878907,113.0250030517578
-8.625001525878906,113.0250030517578
-8.650001525878906,113.05000305175781
-8.675001525878907,113.12500610351563
-8.625001525878906,113.12500610351563
-8.675001525878907,113.07500610351562
-8.625001525878906,113.07500610351562
-8.650001525878906,113.10000610351562
-8.675001525878907,113.17500152587891
-8.625001525878906,113.17500152587891
-8.675001525878907,113.1250015258789
-8.625001525878906,113.1250015258789
-8.650001525878906,113.1500015258789
-8.675001525878907,113.275
-8.625001525878906,113.275
-8.675001525878907,113.225
-8.625001525878906,113.225
-8.650001525878906,113.25
-8.675001525878907,113.32500305175782
-8.625001525878906,113.32500305175782
-8.675001525878907,113.2750030517578
-8.625001525878906,113.2750030517578
-8.650001525878906,113.30000305175781
-8.675001525878907,113.37500610351563
-8.625001525878906,113.37500610351563
-8.675001525878907,113.32500610351562
-8.625001525878906,113.32500610351562
-8.650001525878906,113.35000610351562
-8.675001525878907,113.42500152587891
-8.625001525878906,113.42500152587891
-8.675001525878907,113.3750015258789
-8.625001525878906,113.3750015258789
-8.650001525878906,113.4000015258789
-8.675001525878907,113.4749969482422
-8.625001525878906,113.4749969482422
-8.675001525878907,113.42499694824218
-8.625001525878906,113.42499694824218
-8.650001525878906,113.44999694824219
-8.675001525878907,113.87500610351563
-8.625001525878906,113.87500610351563
-8.675001525878907,113.82500610351562
-8.625001525878906,113.82500610351562
-8.650001525878906,113.85000610351562
-8.675001525878907,113.92500152587891
-8.625001525878906,113.92500152587891
-8.675001525878907,113.8750015258789
-8.625001525878906,113.8750015258789
-8.650001525878906,113.9000015258789
-8.675001525878907,135.7249969482422
-8.625001525878906,135.7249969482422
-8.675001525878907,135.67499694824218
-8.625001525878906,135.67499694824218
-8.650001525878906,135.6999969482422
-8.675001525878907,135.775
-8.625001525878906,135.775
-8.675001525878907,135.725
-8.625001525878906,135.725
-8.650001525878906,135.75
-8.675001525878907,135.82500305175782
-8.625001525878906,135.82500305175782
-8.675001525878907,135.7750030517578
-8.625001525878906,135.7750030517578
-8.650001525878906,135.8000030517578
-8.675001525878907,135.9749969482422
-8.625001525878906,135.9749969482422
-8.675001525878907,135.92499694824218
-8.625001525878906,135.92499694824218
-8.650001525878906,135.9499969482422
-8.675001525878907,136.025
-8.625001525878906,136.025
-8.675001525878907,135.975
-8.625001525878906,135.975
-8.650001525878906,136.0
-8.675001525878907,136.2249969482422
-8.625001525878906,136.2249969482422
-8.675001525878907,136.17499694824218
-8.625001525878906,136.17499694824218
-8.650001525878906,136.1999969482422
-8.675001525878907,136.275
-8.625001525878906,136.275
-8.675001525878907,136.225
-8.625001525878906,136.225
-8.650001525878906,136.25
-8.675001525878907,139.2249969482422
-8.625001525878906,139.2249969482422
-8.675001525878907,139.17499694824218
-8.625001525878906,139.17499694824218
-8.650001525878906,139.1999969482422
-8.675001525878907,139.32500305175782
-8.625001525878906,139.32500305175782
-8.675001525878907,139.2750030517578
-8.625001525878906,139.2750030517578
-8.650001525878906,139.3000030517578
-8.675001525878907,139.37500610351563
-8.625001525878906,139.37500610351563
-8.675001525878907,139.32500610351562
-8.625001525878906,139.32500610351562
-8.650001525878906,139.35000610351562
-8.675001525878907,139.42499389648438
-8.625001525878906,139.42499389648438
-8.675001525878907,139.37499389648437
-8.625001525878906,139.37499389648437
-8.650001525878906,139.39999389648438
-8.675001525878907,139.4749969482422
-8.625001525878906,139.4749969482422
-8.675001525878907,139.42499694824218
-8.625001525878906,139.42499694824218
-8.650001525878906,139.4499969482422
-8.675001525878907,139.525
-8.625001525878906,139.525
-8.675001525878907,139.475
-8.625001525878906,139.475
-8.650001525878906,139.5
-8.675001525878907,139.57500305175782
-8.625001525878906,139.57500305175782
-8.675001525878907,139.5250030517578
-8.625001525878906,139.5250030517578
-8.650001525878906,139.5500030517578
-8.675001525878907,139.62500610351563
-8.625001525878906,139.62500610351563
-8.675001525878907,139.57500610351562
-8.625001525878906,139.57500610351562
-8.650001525878906,139.60000610351562
-8.725004577636719,96.67500152587891
-8.675004577636718,96.67500152587891
-8.725004577636719,96.6250015258789
-8.675004577636718,96.6250015258789
-8.700004577636719,96.6500015258789
-8.725004577636719,112.9749969482422
-8.675004577636718,112.9749969482422
-8.725004577636719,112.92499694824218
-8.675004577636718,112.92499694824218
-8.700004577636719,112.94999694824219
-8.725004577636719,113.025
-8.675004577636718,113.025
-8.725004577636719,112.975
-8.675004577636718,112.975
-8.700004577636719,113.0
-8.725004577636719,113.07500305175782
-8.675004577636718,113.07500305175782
-8.725004577636719,113.0250030517578
-8.675004577636718,113.0250030517578
-8.700004577636719,113.05000305175781
-8.725004577636719,113.12500610351563
-8.675004577636718,113.12500610351563
-8.725004577636719,113.07500610351562
-8.675004577636718,113.07500610351562
-8.700004577636719,113.10000610351562
-8.725004577636719,113.17500152587891
-8.675004577636718,113.17500152587891
-8.725004577636719,113.1250015258789
-8.675004577636718,113.1250015258789
-8.700004577636719,113.1500015258789
-8.725004577636719,113.2249969482422
-8.675004577636718,113.2249969482422
-8.725004577636719,113.17499694824218
-8.675004577636718,113.17499694824218
-8.700004577636719,113.19999694824219
-8.725004577636719,113.92500152587891
-8.675004577636718,113.92500152587891
-8.725004577636719,113.8750015258789
-8.675004577636718,113.8750015258789
-8.700004577636719,113.9000015258789
-8.725004577636719,114.025
-8.675004577636718,114.025
-8.725004577636719,113.975
-8.675004577636718,113.975
-8.700004577636719,114.0
-8.725004577636719,114.07500305175782
-8.675004577636718,114.07500305175782
-8.725004577636719,114.0250030517578
-8.675004577636718,114.0250030517578
-8.700004577636719,114.05000305175781
-8.725004577636719,114.275
-8.675004577636718,114.275
-8.725004577636719,114.225
-8.675004577636718,114.225
-8.700004577636719,114.25
-8.725004577636719,114.32500305175782
-8.675004577636718,114.32500305175782
-8.725004577636719,114.2750030517578
-8.675004577636718,114.2750030517578
-8.700004577636719,114.30000305175781
-8.725004577636719,115.025
-8.675004577636718,115.025
-8.725004577636719,114.975
-8.675004577636718,114.975
-8.700004577636719,115.0
-8.725004577636719,115.07500305175782
-8.675004577636718,115.07500305175782
-8.725004577636719,115.0250030517578
-8.675004577636718,115.0250030517578
-8.700004577636719,115.05000305175781
-8.725004577636719,115.12500610351563
-8.675004577636718,115.12500610351563
-8.725004577636719,115.07500610351562
-8.675004577636718,115.07500610351562
-8.700004577636719,115.10000610351562
-8.725004577636719,126.9749969482422
-8.675004577636718,126.9749969482422
-8.725004577636719,126.92499694824218
-8.675004577636718,126.92499694824218
-8.700004577636719,126.94999694824219
-8.725004577636719,135.42499389648438
-8.675004577636718,135.42499389648438
-8.725004577636719,135.37499389648437
-8.675004577636718,135.37499389648437
-8.700004577636719,135.39999389648438
-8.725004577636719,135.775
-8.675004577636718,135.775
-8.725004577636719,135.725
-8.675004577636718,135.725
-8.700004577636719,135.75
-8.725004577636719,135.87500610351563
-8.675004577636718,135.87500610351563
-8.725004577636719,135.82500610351562
-8.675004577636718,135.82500610351562
-8.700004577636719,135.85000610351562
-8.725004577636719,135.9749969482422
-8.675004577636718,135.9749969482422
-8.725004577636719,135.92499694824218
-8.675004577636718,135.92499694824218
-8.700004577636719,135.9499969482422
-8.725004577636719,136.025
-8.675004577636718,136.025
-8.725004577636719,135.975
-8.675004577636718,135.975
-8.700004577636719,136.0
-8.725004577636719,136.17499389648438
-8.675004577636718,136.17499389648438
-8.725004577636719,136.12499389648437
-8.675004577636718,136.12499389648437
-8.700004577636719,136.14999389648438
-8.725004577636719,136.2249969482422
-8.675004577636718,136.2249969482422
-8.725004577636719,136.17499694824218
-8.675004577636718,136.17499694824218
-8.700004577636719,136.1999969482422
-8.725004577636719,136.37500610351563
-8.675004577636718,136.37500610351563
-8.725004577636719,136.32500610351562
-8.675004577636718,136.32500610351562
-8.700004577636719,136.35000610351562
-8.725004577636719,139.32500305175782
-8.675004577636718,139.32500305175782
-8.725004577636719,139.2750030517578
-8.675004577636718,139.2750030517578
-8.700004577636719,139.3000030517578
-8.725004577636719,139.42499389648438
-8.675004577636718,139.42499389648438
-8.725004577636719,139.37499389648437
-8.675004577636718,139.37499389648437
-8.700004577636719,139.39999389648438
-8.725004577636719,139.4749969482422
-8.675004577636718,139.4749969482422
-8.725004577636719,139.42499694824218
-8.675004577636718,139.42499694824218
-8.700004577636719,139.4499969482422
-8.725004577636719,139.525
-8.675004577636718,139.525
-8.725004577636719,139.475
-8.675004577636718,139.475
-8.700004577636719,139.5
-8.725004577636719,139.57500305175782
-8.675004577636718,139.57500305175782
-8.725004577636719,139.5250030517578
-8.675004577636718,139.5250030517578
-8.700004577636719,139.5500030517578
-8.725004577636719,139.67499389648438
-8.675004577636718,139.67499389648438
-8.725004577636719,139.62499389648437
-8.675004577636718,139.62499389648437
-8.700004577636719,139.64999389648438
-8.775,112.9749969482422
-8.725,112.9749969482422
-8.775,112.92499694824218
-8.725,112.92499694824218
-8.75,112.94999694824219
-8.775,113.025
-8.725,113.025
-8.775,112.975
-8.725,112.975
-8.75,113.0
-8.775,113.12500610351563
-8.725,113.12500610351563
-8.775,113.07500610351562
-8.725,113.07500610351562
-8.75,113.10000610351562
-8.775,113.17500152587891
-8.725,113.17500152587891
-8.775,113.1250015258789
-8.725,113.1250015258789
-8.75,113.1500015258789
-8.775,113.2249969482422
-8.725,113.2249969482422
-8.775,113.17499694824218
-8.725,113.17499694824218
-8.75,113.19999694824219
-8.775,114.025
-8.725,114.025
-8.775,113.975
-8.725,113.975
-8.75,114.0
-8.775,114.2249969482422
-8.725,114.2249969482422
-8.775,114.17499694824218
-8.725,114.17499694824218
-8.75,114.19999694824219
-8.775,114.275
-8.725,114.275
-8.775,114.225
-8.725,114.225
-8.75,114.25
-8.775,114.82500305175782
-8.725,114.82500305175782
-8.775,114.7750030517578
-8.725,114.7750030517578
-8.75,114.80000305175781
-8.775,114.87500610351563
-8.725,114.87500610351563
-8.775,114.82500610351562
-8.725,114.82500610351562
-8.75,114.85000610351562
-8.775,114.92500152587891
-8.725,114.92500152587891
-8.775,114.8750015258789
-8.725,114.8750015258789
-8.75,114.9000015258789
-8.775,115.025
-8.725,115.025
-8.775,114.975
-8.725,114.975
-8.75,115.0
-8.775,134.525
-8.725,134.525
-8.775,134.475
-8.725,134.475
-8.75,134.5
-8.775,135.525
-8.725,135.525
-8.775,135.475
-8.725,135.475
-8.75,135.5
-8.775,135.57500305175782
-8.725,135.57500305175782
-8.775,135.5250030517578
-8.725,135.5250030517578
-8.75,135.5500030517578
-8.775,135.62500610351563
-8.725,135.62500610351563
-8.775,135.57500610351562
-8.725,135.57500610351562
-8.75,135.60000610351562
-8.775,135.67499389648438
-8.725,135.67499389648438
-8.775,135.62499389648437
-8.725,135.62499389648437
-8.75,135.64999389648438
-8.775,135.7249969482422
-8.725,135.7249969482422
-8.775,135.67499694824218
-8.725,135.67499694824218
-8.75,135.6999969482422
-8.775,135.82500305175782
-8.725,135.82500305175782
-8.775,135.7750030517578
-8.725,135.7750030517578
-8.75,135.8000030517578
-8.775,135.9749969482422
-8.725,135.9749969482422
-8.775,135.92499694824218
-8.725,135.92499694824218
-8.75,135.9499969482422
-8.775,136.025
-8.725,136.025
-8.775,135.975
-8.725,135.975
-8.75,136.0
-8.775,136.2249969482422
-8.725,136.2249969482422
-8.775,136.17499694824218
-8.725,136.17499694824218
-8.75,136.1999969482422
-8.775,136.275
-8.725,136.275
-8.775,136.225
-8.725,136.225
-8.75,136.25
-8.775,136.32500305175782
-8.725,136.32500305175782
-8.775,136.2750030517578
-8.725,136.2750030517578
-8.75,136.3000030517578
-8.775,136.37500610351563
-8.725,136.37500610351563
-8.775,136.32500610351562
-8.725,136.32500610351562
-8.75,136.35000610351562
-8.775,137.92499389648438
-8.725,137.92499389648438
-8.775,137.87499389648437
-8.725,137.87499389648437
-8.75,137.89999389648438
-8.775,138.17499389648438
-8.725,138.17499389648438
-8.775,138.12499389648437
-8.725,138.12499389648437
-8.75,138.14999389648438
-8.775,138.2249969482422
-8.725,138.2249969482422
-8.775,138.17499694824218
-8.725,138.17499694824218
-8.75,138.1999969482422
-8.775,138.4749969482422
-8.725,138.4749969482422
-8.775,138.42499694824218
-8.725,138.42499694824218
-8.75,138.4499969482422
-8.775,138.775
-8.725,138.775
-8.775,138.725
-8.725,138.725
-8.75,138.75
-8.775,138.82500305175782
-8.725,138.82500305175782
-8.775,138.7750030517578
-8.725,138.7750030517578
-8.75,138.8000030517578
-8.775,138.87500610351563
-8.725,138.87500610351563
-8.775,138.82500610351562
-8.725,138.82500610351562
-8.75,138.85000610351562
-8.775,139.32500305175782
-8.725,139.32500305175782
-8.775,139.2750030517578
-8.725,139.2750030517578
-8.75,139.3000030517578
-8.775,139.42499389648438
-8.725,139.42499389648438
-8.775,139.37499389648437
-8.725,139.37499389648437
-8.75,139.39999389648438
-8.775,139.4749969482422
-8.725,139.4749969482422
-8.775,139.42499694824218
-8.725,139.42499694824218
-8.75,139.4499969482422
-8.775,139.525
-8.725,139.525
-8.775,139.475
-8.725,139.475
-8.75,139.5
-8.775,139.57500305175782
-8.725,139.57500305175782
-8.775,139.5250030517578
-8.725,139.5250030517578
-8.75,139.5500030517578
-8.825003051757813,112.67500152587891
-8.775003051757812,112.67500152587891
-8.825003051757813,112.6250015258789
-8.775003051757812,112.6250015258789
-8.800003051757812,112.6500015258789
-8.825003051757813,114.12500610351563
-8.775003051757812,114.12500610351563
-8.825003051757813,114.07500610351562
-8.775003051757812,114.07500610351562
-8.800003051757812,114.10000610351562
-8.825003051757813,114.17500152587891
-8.775003051757812,114.17500152587891
-8.825003051757813,114.1250015258789
-8.775003051757812,114.1250015258789
-8.800003051757812,114.1500015258789
-8.825003051757813,114.2249969482422
-8.775003051757812,114.2249969482422
-8.825003051757813,114.17499694824218
-8.775003051757812,114.17499694824218
-8.800003051757812,114.19999694824219
-8.825003051757813,114.275
-8.775003051757812,114.275
-8.825003051757813,114.225
-8.775003051757812,114.225
-8.800003051757812,114.25
-8.825003051757813,114.32500305175782
-8.775003051757812,114.32500305175782
-8.825003051757813,114.2750030517578
-8.775003051757812,114.2750030517578
-8.800003051757812,114.30000305175781
-8.825003051757813,114.37500610351563
-8.775003051757812,114.37500610351563
-8.825003051757813,114.32500610351562
-8.775003051757812,114.32500610351562
-8.800003051757812,114.35000610351562
-8.825003051757813,114.4749969482422
-8.775003051757812,114.4749969482422
-8.825003051757813,114.42499694824218
-8.775003051757812,114.42499694824218
-8.800003051757812,114.44999694824219
-8.825003051757813,114.62500610351563
-8.775003051757812,114.62500610351563
-8.825003051757813,114.57500610351562
-8.775003051757812,114.57500610351562
-8.800003051757812,114.60000610351562
-8.825003051757813,114.775
-8.775003051757812,114.775
-8.825003051757813,114.725
-8.775003051757812,114.725
-8.800003051757812,114.75
-8.825003051757813,114.87500610351563
-8.775003051757812,114.87500610351563
-8.825003051757813,114.82500610351562
-8.775003051757812,114.82500610351562
-8.800003051757812,114.85000610351562
-8.825003051757813,115.07500305175782
-8.775003051757812,115.07500305175782
-8.825003051757813,115.0250030517578
-8.775003051757812,115.0250030517578
-8.800003051757812,115.05000305175781
-8.825003051757813,116.82500305175782
-8.775003051757812,116.82500305175782
-8.825003051757813,116.7750030517578
-8.775003051757812,116.7750030517578
-8.800003051757812,116.80000305175781
-8.825003051757813,118.32500305175782
-8.775003051757812,118.32500305175782
-8.825003051757813,118.2750030517578
-8.775003051757812,118.2750030517578
-8.800003051757812,118.30000305175781
-8.825003051757813,119.07500305175782
-8.775003051757812,119.07500305175782
-8.825003051757813,119.0250030517578
-8.775003051757812,119.0250030517578
-8.800003051757812,119.05000305175781
-8.825003051757813,120.17500152587891
-8.775003051757812,120.17500152587891
-8.825003051757813,120.1250015258789
-8.775003051757812,120.1250015258789
-8.800003051757812,120.1500015258789
-8.825003051757813,134.42499389648438
-8.775003051757812,134.42499389648438
-8.825003051757813,134.37499389648437
-8.775003051757812,134.37499389648437
-8.800003051757812,134.39999389648438
-8.825003051757813,134.4749969482422
-8.775003051757812,134.4749969482422
-8.825003051757813,134.42499694824218
-8.775003051757812,134.42499694824218
-8.800003051757812,134.4499969482422
-8.825003051757813,135.57500305175782
-8.775003051757812,135.57500305175782
-8.825003051757813,135.5250030517578
-8.775003051757812,135.5250030517578
-8.800003051757812,135.5500030517578
-8.825003051757813,135.62500610351563
-8.775003051757812,135.62500610351563
-8.825003051757813,135.57500610351562
-8.775003051757812,135.57500610351562
-8.800003051757812,135.60000610351562
-8.825003051757813,135.67499389648438
-8.775003051757812,135.67499389648438
-8.825003051757813,135.62499389648437
-8.775003051757812,135.62499389648437
-8.800003051757812,135.64999389648438
-8.825003051757813,135.7249969482422
-8.775003051757812,135.7249969482422
-8.825003051757813,135.67499694824218
-8.775003051757812,135.67499694824218
-8.800003051757812,135.6999969482422
-8.825003051757813,135.82500305175782
-8.775003051757812,135.82500305175782
-8.825003051757813,135.7750030517578
-8.775003051757812,135.7750030517578
-8.800003051757812,135.8000030517578
-8.825003051757813,135.92499389648438
-8.775003051757812,135.92499389648438
-8.825003051757813,135.87499389648437
-8.775003051757812,135.87499389648437
-8.800003051757812,135.89999389648438
-8.825003051757813,136.2249969482422
-8.775003051757812,136.2249969482422
-8.825003051757813,136.17499694824218
-8.775003051757812,136.17499694824218
-8.800003051757812,136.1999969482422
-8.825003051757813,136.275
-8.775003051757812,136.275
-8.825003051757813,136.225
-8.775003051757812,136.225
-8.800003051757812,136.25
-8.825003051757813,136.37500610351563
-8.775003051757812,136.37500610351563
-8.825003051757813,136.32500610351562
-8.775003051757812,136.32500610351562
-8.800003051757812,136.35000610351562
-8.825003051757813,136.62500610351563
-8.775003051757812,136.62500610351563
-8.825003051757813,136.57500610351562
-8.775003051757812,136.57500610351562
-8.800003051757812,136.60000610351562
-8.825003051757813,136.7249969482422
-8.775003051757812,136.7249969482422
-8.825003051757813,136.67499694824218
-8.775003051757812,136.67499694824218
-8.800003051757812,136.6999969482422
-8.825003051757813,137.87500610351563
-8.775003051757812,137.87500610351563
-8.825003051757813,137.82500610351562
-8.775003051757812,137.82500610351562
-8.800003051757812,137.85000610351562
-8.825003051757813,138.025
-8.775003051757812,138.025
-8.825003051757813,137.975
-8.775003051757812,137.975
-8.800003051757812,138.0
-8.825003051757813,138.07500305175782
-8.775003051757812,138.07500305175782
-8.825003051757813,138.0250030517578
-8.775003051757812,138.0250030517578
-8.800003051757812,138.0500030517578
-8.825003051757813,138.12500610351563
-8.775003051757812,138.12500610351563
-8.825003051757813,138.07500610351562
-8.775003051757812,138.07500610351562
-8.800003051757812,138.10000610351562
-8.825003051757813,138.17499389648438
-8.775003051757812,138.17499389648438
-8.825003051757813,138.12499389648437
-8.775003051757812,138.12499389648437
-8.800003051757812,138.14999389648438
-8.825003051757813,138.2249969482422
-8.775003051757812,138.2249969482422
-8.825003051757813,138.17499694824218
-8.775003051757812,138.17499694824218
-8.800003051757812,138.1999969482422
-8.825003051757813,138.275
-8.775003051757812,138.275
-8.825003051757813,138.225
-8.775003051757812,138.225
-8.800003051757812,138.25
-8.825003051757813,138.32500305175782
-8.775003051757812,138.32500305175782
-8.825003051757813,138.2750030517578
-8.775003051757812,138.2750030517578
-8.800003051757812,138.3000030517578
-8.825003051757813,138.37500610351563
-8.775003051757812,138.37500610351563
-8.825003051757813,138.32500610351562
-8.775003051757812,138.32500610351562
-8.800003051757812,138.35000610351562
-8.825003051757813,138.42499389648438
-8.775003051757812,138.42499389648438
-8.825003051757813,138.37499389648437
-8.775003051757812,138.37499389648437
-8.800003051757812,138.39999389648438
-8.825003051757813,138.4749969482422
-8.775003051757812,138.4749969482422
-8.825003051757813,138.42499694824218
-8.775003051757812,138.42499694824218
-8.800003051757812,138.4499969482422
-8.825003051757813,138.525
-8.775003051757812,138.525
-8.825003051757813,138.475
-8.775003051757812,138.475
-8.800003051757812,138.5
-8.825003051757813,138.57500305175782
-8.775003051757812,138.57500305175782
-8.825003051757813,138.5250030517578
-8.775003051757812,138.5250030517578
-8.800003051757812,138.5500030517578
-8.825003051757813,139.42499389648438
-8.775003051757812,139.42499389648438
-8.825003051757813,139.37499389648437
-8.775003051757812,139.37499389648437
-8.800003051757812,139.39999389648438
-8.825003051757813,139.67499389648438
-8.775003051757812,139.67499389648438
-8.825003051757813,139.62499389648437
-8.775003051757812,139.62499389648437
-8.800003051757812,139.64999389648438
-8.825003051757813,139.7249969482422
-8.775003051757812,139.7249969482422
-8.825003051757813,139.67499694824218
-8.775003051757812,139.67499694824218
-8.800003051757812,139.6999969482422
-8.874998474121094,94.07500305175782
-8.824998474121093,94.07500305175782
-8.874998474121094,94.0250030517578
-8.824998474121093,94.0250030517578
-8.849998474121094,94.05000305175781
-8.874998474121094,96.4749969482422
-8.824998474121093,96.4749969482422
-8.874998474121094,96.42499694824218
-8.824998474121093,96.42499694824218
-8.849998474121094,96.44999694824219
-8.874998474121094,114.17500152587891
-8.824998474121093,114.17500152587891
-8.874998474121094,114.1250015258789
-8.824998474121093,114.1250015258789
-8.849998474121094,114.1500015258789
-8.874998474121094,114.2249969482422
-8.824998474121093,114.2249969482422
-8.874998474121094,114.17499694824218
-8.824998474121093,114.17499694824218
-8.849998474121094,114.19999694824219
-8.874998474121094,114.525
-8.824998474121093,114.525
-8.874998474121094,114.475
-8.824998474121093,114.475
-8.849998474121094,114.5
-8.874998474121094,114.57500305175782
-8.824998474121093,114.57500305175782
-8.874998474121094,114.5250030517578
-8.824998474121093,114.5250030517578
-8.849998474121094,114.55000305175781
-8.874998474121094,114.67500152587891
-8.824998474121093,114.67500152587891
-8.874998474121094,114.6250015258789
-8.824998474121093,114.6250015258789
-8.849998474121094,114.6500015258789
-8.874998474121094,114.7249969482422
-8.824998474121093,114.7249969482422
-8.874998474121094,114.67499694824218
-8.824998474121093,114.67499694824218
-8.849998474121094,114.69999694824219
-8.874998474121094,114.82500305175782
-8.824998474121093,114.82500305175782
-8.874998474121094,114.7750030517578
-8.824998474121093,114.7750030517578
-8.849998474121094,114.80000305175781
-8.874998474121094,114.87500610351563
-8.824998474121093,114.87500610351563
-8.874998474121094,114.82500610351562
-8.824998474121093,114.82500610351562
-8.849998474121094,114.85000610351562
-8.874998474121094,115.025
-8.824998474121093,115.025
-8.874998474121094,114.975
-8.824998474121093,114.975
-8.849998474121094,115.0
-8.874998474121094,118.32500305175782
-8.824998474121093,118.32500305175782
-8.874998474121094,118.2750030517578
-8.824998474121093,118.2750030517578
-8.849998474121094,118.30000305175781
-8.874998474121094,118.37500610351563
-8.824998474121093,118.37500610351563
-8.874998474121094,118.32500610351562
-8.824998474121093,118.32500610351562
-8.849998474121094,118.35000610351562
-8.874998474121094,118.62500610351563
-8.824998474121093,118.62500610351563
-8.874998474121094,118.57500610351562
-8.824998474121093,118.57500610351562
-8.849998474121094,118.60000610351562
-8.874998474121094,119.025
-8.824998474121093,119.025
-8.874998474121094,118.975
-8.824998474121093,118.975
-8.849998474121094,119.0
-8.874998474121094,119.07500305175782
-8.824998474121093,119.07500305175782
-8.874998474121094,119.0250030517578
-8.824998474121093,119.0250030517578
-8.849998474121094,119.05000305175781
-8.874998474121094,120.025
-8.824998474121093,120.025
-8.874998474121094,119.975
-8.824998474121093,119.975
-8.849998474121094,120.0
-8.874998474121094,120.07500305175782
-8.824998474121093,120.07500305175782
-8.874998474121094,120.0250030517578
-8.824998474121093,120.0250030517578
-8.849998474121094,120.05000305175781
-8.874998474121094,120.17500152587891
-8.824998474121093,120.17500152587891
-8.874998474121094,120.1250015258789
-8.824998474121093,120.1250015258789
-8.849998474121094,120.1500015258789
-8.874998474121094,121.42500152587891
-8.824998474121093,121.42500152587891
-8.874998474121094,121.3750015258789
-8.824998474121093,121.3750015258789
-8.849998474121094,121.4000015258789
-8.874998474121094,134.57500305175782
-8.824998474121093,134.57500305175782
-8.874998474121094,134.5250030517578
-8.824998474121093,134.5250030517578
-8.849998474121094,134.5500030517578
-8.874998474121094,135.4749969482422
-8.824998474121093,135.4749969482422
-8.874998474121094,135.42499694824218
-8.824998474121093,135.42499694824218
-8.849998474121094,135.4499969482422
-8.874998474121094,135.57500305175782
-8.824998474121093,135.57500305175782
-8.874998474121094,135.5250030517578
-8.824998474121093,135.5250030517578
-8.849998474121094,135.5500030517578
-8.874998474121094,135.62500610351563
-8.824998474121093,135.62500610351563
-8.874998474121094,135.57500610351562
-8.824998474121093,135.57500610351562
-8.849998474121094,135.60000610351562
-8.874998474121094,135.67499389648438
-8.824998474121093,135.67499389648438
-8.874998474121094,135.62499389648437
-8.824998474121093,135.62499389648437
-8.849998474121094,135.64999389648438
-8.874998474121094,135.82500305175782
-8.824998474121093,135.82500305175782
-8.874998474121094,135.7750030517578
-8.824998474121093,135.7750030517578
-8.849998474121094,135.8000030517578
-8.874998474121094,135.87500610351563
-8.824998474121093,135.87500610351563
-8.874998474121094,135.82500610351562
-8.824998474121093,135.82500610351562
-8.849998474121094,135.85000610351562
-8.874998474121094,135.92499389648438
-8.824998474121093,135.92499389648438
-8.874998474121094,135.87499389648437
-8.824998474121093,135.87499389648437
-8.849998474121094,135.89999389648438
-8.874998474121094,135.9749969482422
-8.824998474121093,135.9749969482422
-8.874998474121094,135.92499694824218
-8.824998474121093,135.92499694824218
-8.849998474121094,135.9499969482422
-8.874998474121094,136.17499389648438
-8.824998474121093,136.17499389648438
-8.874998474121094,136.12499389648437
-8.824998474121093,136.12499389648437
-8.849998474121094,136.14999389648438
-8.874998474121094,136.2249969482422
-8.824998474121093,136.2249969482422
-8.874998474121094,136.17499694824218
-8.824998474121093,136.17499694824218
-8.849998474121094,136.1999969482422
-8.874998474121094,136.37500610351563
-8.824998474121093,136.37500610351563
-8.874998474121094,136.32500610351562
-8.824998474121093,136.32500610351562
-8.849998474121094,136.35000610351562
-8.874998474121094,136.57500305175782
-8.824998474121093,136.57500305175782
-8.874998474121094,136.5250030517578
-8.824998474121093,136.5250030517578
-8.849998474121094,136.5500030517578
-8.874998474121094,136.62500610351563
-8.824998474121093,136.62500610351563
-8.874998474121094,136.57500610351562
-8.824998474121093,136.57500610351562
-8.849998474121094,136.60000610351562
-8.874998474121094,136.67499389648438
-8.824998474121093,136.67499389648438
-8.874998474121094,136.62499389648437
-8.824998474121093,136.62499389648437
-8.849998474121094,136.64999389648438
-8.874998474121094,137.87500610351563
-8.824998474121093,137.87500610351563
-8.874998474121094,137.82500610351562
-8.824998474121093,137.82500610351562
-8.849998474121094,137.85000610351562
-8.874998474121094,137.92499389648438
-8.824998474121093,137.92499389648438
-8.874998474121094,137.87499389648437
-8.824998474121093,137.87499389648437
-8.849998474121094,137.89999389648438
-8.874998474121094,137.9749969482422
-8.824998474121093,137.9749969482422
-8.874998474121094,137.92499694824218
-8.824998474121093,137.92499694824218
-8.849998474121094,137.9499969482422
-8.874998474121094,138.025
-8.824998474121093,138.025
-8.874998474121094,137.975
-8.824998474121093,137.975
-8.849998474121094,138.0
-8.874998474121094,138.07500305175782
-8.824998474121093,138.07500305175782
-8.874998474121094,138.0250030517578
-8.824998474121093,138.0250030517578
-8.849998474121094,138.0500030517578
-8.874998474121094,138.12500610351563
-8.824998474121093,138.12500610351563
-8.874998474121094,138.07500610351562
-8.824998474121093,138.07500610351562
-8.849998474121094,138.10000610351562
-8.874998474121094,138.17499389648438
-8.824998474121093,138.17499389648438
-8.874998474121094,138.12499389648437
-8.824998474121093,138.12499389648437
-8.849998474121094,138.14999389648438
-8.874998474121094,138.2249969482422
-8.824998474121093,138.2249969482422
-8.874998474121094,138.17499694824218
-8.824998474121093,138.17499694824218
-8.849998474121094,138.1999969482422
-8.874998474121094,138.275
-8.824998474121093,138.275
-8.874998474121094,138.225
-8.824998474121093,138.225
-8.849998474121094,138.25
-8.874998474121094,138.32500305175782
-8.824998474121093,138.32500305175782
-8.874998474121094,138.2750030517578
-8.824998474121093,138.2750030517578
-8.849998474121094,138.3000030517578
-8.874998474121094,139.025
-8.824998474121093,139.025
-8.874998474121094,138.975
-8.824998474121093,138.975
-8.849998474121094,139.0
-8.874998474121094,139.07500305175782
-8.824998474121093,139.07500305175782
-8.874998474121094,139.0250030517578
-8.824998474121093,139.0250030517578
-8.849998474121094,139.0500030517578
-8.874998474121094,139.525
-8.824998474121093,139.525
-8.874998474121094,139.475
-8.824998474121093,139.475
-8.849998474121094,139.5
-8.874998474121094,139.57500305175782
-8.824998474121093,139.57500305175782
-8.874998474121094,139.5250030517578
-8.824998474121093,139.5250030517578
-8.849998474121094,139.5500030517578
-8.925001525878907,100.07500305175782
-8.875001525878906,100.07500305175782
-8.925001525878907,100.0250030517578
-8.875001525878906,100.0250030517578
-8.900001525878906,100.05000305175781
-8.925001525878907,114.17500152587891
-8.875001525878906,114.17500152587891
-8.925001525878907,114.1250015258789
-8.875001525878906,114.1250015258789
-8.900001525878906,114.1500015258789
-8.925001525878907,114.42500152587891
-8.875001525878906,114.42500152587891
-8.925001525878907,114.3750015258789
-8.875001525878906,114.3750015258789
-8.900001525878906,114.4000015258789
-8.925001525878907,114.57500305175782
-8.875001525878906,114.57500305175782
-8.925001525878907,114.5250030517578
-8.875001525878906,114.5250030517578
-8.900001525878906,114.55000305175781
-8.925001525878907,114.67500152587891
-8.875001525878906,114.67500152587891
-8.925001525878907,114.6250015258789
-8.875001525878906,114.6250015258789
-8.900001525878906,114.6500015258789
-8.925001525878907,114.82500305175782
-8.875001525878906,114.82500305175782
-8.925001525878907,114.7750030517578
-8.875001525878906,114.7750030517578
-8.900001525878906,114.80000305175781
-8.925001525878907,115.025
-8.875001525878906,115.025
-8.925001525878907,114.975
-8.875001525878906,114.975
-8.900001525878906,115.0
-8.925001525878907,115.07500305175782
-8.875001525878906,115.07500305175782
-8.925001525878907,115.0250030517578
-8.875001525878906,115.0250030517578
-8.900001525878906,115.05000305175781
-8.925001525878907,115.9749969482422
-8.875001525878906,115.9749969482422
-8.925001525878907,115.92499694824218
-8.875001525878906,115.92499694824218
-8.900001525878906,115.94999694824219
-8.925001525878907,118.4749969482422
-8.875001525878906,118.4749969482422
-8.925001525878907,118.42499694824218
-8.875001525878906,118.42499694824218
-8.900001525878906,118.44999694824219
-8.925001525878907,118.525
-8.875001525878906,118.525
-8.925001525878907,118.475
-8.875001525878906,118.475
-8.900001525878906,118.5
-8.925001525878907,119.87500610351563
-8.875001525878906,119.87500610351563
-8.925001525878907,119.82500610351562
-8.875001525878906,119.82500610351562
-8.900001525878906,119.85000610351562
-8.925001525878907,120.12500610351563
-8.875001525878906,120.12500610351563
-8.925001525878907,120.07500610351562
-8.875001525878906,120.07500610351562
-8.900001525878906,120.10000610351562
-8.925001525878907,120.2249969482422
-8.875001525878906,120.2249969482422
-8.925001525878907,120.17499694824218
-8.875001525878906,120.17499694824218
-8.900001525878906,120.19999694824219
-8.925001525878907,120.7249969482422
-8.875001525878906,120.7249969482422
-8.925001525878907,120.67499694824218
-8.875001525878906,120.67499694824218
-8.900001525878906,120.69999694824219
-8.925001525878907,121.62500610351563
-8.875001525878906,121.62500610351563
-8.925001525878907,121.57500610351562
-8.875001525878906,121.57500610351562
-8.900001525878906,121.60000610351562
-8.925001525878907,135.57500305175782
-8.875001525878906,135.57500305175782
-8.925001525878907,135.5250030517578
-8.875001525878906,135.5250030517578
-8.900001525878906,135.5500030517578
-8.925001525878907,135.62500610351563
-8.875001525878906,135.62500610351563
-8.925001525878907,135.57500610351562
-8.875001525878906,135.57500610351562
-8.900001525878906,135.60000610351562
-8.925001525878907,135.82500305175782
-8.875001525878906,135.82500305175782
-8.925001525878907,135.7750030517578
-8.875001525878906,135.7750030517578
-8.900001525878906,135.8000030517578
-8.925001525878907,135.87500610351563
-8.875001525878906,135.87500610351563
-8.925001525878907,135.82500610351562
-8.875001525878906,135.82500610351562
-8.900001525878906,135.85000610351562
-8.925001525878907,136.07500305175782
-8.875001525878906,136.07500305175782
-8.925001525878907,136.0250030517578
-8.875001525878906,136.0250030517578
-8.900001525878906,136.0500030517578
-8.925001525878907,136.4749969482422
-8.875001525878906,136.4749969482422
-8.925001525878907,136.42499694824218
-8.875001525878906,136.42499694824218
-8.900001525878906,136.4499969482422
-8.925001525878907,136.57500305175782
-8.875001525878906,136.57500305175782
-8.925001525878907,136.5250030517578
-8.875001525878906,136.5250030517578
-8.900001525878906,136.5500030517578
-8.925001525878907,136.62500610351563
-8.875001525878906,136.62500610351563
-8.925001525878907,136.57500610351562
-8.875001525878906,136.57500610351562
-8.900001525878906,136.60000610351562
-8.925001525878907,136.67499389648438
-8.875001525878906,136.67499389648438
-8.925001525878907,136.62499389648437
-8.875001525878906,136.62499389648437
-8.900001525878906,136.64999389648438
-8.925001525878907,136.7249969482422
-8.875001525878906,136.7249969482422
-8.925001525878907,136.67499694824218
-8.875001525878906,136.67499694824218
-8.900001525878906,136.6999969482422
-8.925001525878907,137.82500305175782
-8.875001525878906,137.82500305175782
-8.925001525878907,137.7750030517578
-8.875001525878906,137.7750030517578
-8.900001525878906,137.8000030517578
-8.925001525878907,137.87500610351563
-8.875001525878906,137.87500610351563
-8.925001525878907,137.82500610351562
-8.875001525878906,137.82500610351562
-8.900001525878906,137.85000610351562
-8.925001525878907,137.92499389648438
-8.875001525878906,137.92499389648438
-8.925001525878907,137.87499389648437
-8.875001525878906,137.87499389648437
-8.900001525878906,137.89999389648438
-8.925001525878907,137.9749969482422
-8.875001525878906,137.9749969482422
-8.925001525878907,137.92499694824218
-8.875001525878906,137.92499694824218
-8.900001525878906,137.9499969482422
-8.925001525878907,138.025
-8.875001525878906,138.025
-8.925001525878907,137.975
-8.875001525878906,137.975
-8.900001525878906,138.0
-8.925001525878907,138.07500305175782
-8.875001525878906,138.07500305175782
-8.925001525878907,138.0250030517578
-8.875001525878906,138.0250030517578
-8.900001525878906,138.0500030517578
-8.925001525878907,138.12500610351563
-8.875001525878906,138.12500610351563
-8.925001525878907,138.07500610351562
-8.875001525878906,138.07500610351562
-8.900001525878906,138.10000610351562
-8.925001525878907,138.17499389648438
-8.875001525878906,138.17499389648438
-8.925001525878907,138.12499389648437
-8.875001525878906,138.12499389648437
-8.900001525878906,138.14999389648438
-8.925001525878907,138.275
-8.875001525878906,138.275
-8.925001525878907,138.225
-8.875001525878906,138.225
-8.900001525878906,138.25
-8.925001525878907,138.32500305175782
-8.875001525878906,138.32500305175782
-8.925001525878907,138.2750030517578
-8.875001525878906,138.2750030517578
-8.900001525878906,138.3000030517578
-8.925001525878907,139.82500305175782
-8.875001525878906,139.82500305175782
-8.925001525878907,139.7750030517578
-8.875001525878906,139.7750030517578
-8.900001525878906,139.8000030517578
-8.975004577636719,97.17500152587891
-8.925004577636718,97.17500152587891
-8.975004577636719,97.1250015258789
-8.925004577636718,97.1250015258789
-8.950004577636719,97.1500015258789
-8.975004577636719,114.17500152587891
-8.925004577636718,114.17500152587891
-8.975004577636719,114.1250015258789
-8.925004577636718,114.1250015258789
-8.950004577636719,114.1500015258789
-8.975004577636719,114.32500305175782
-8.925004577636718,114.32500305175782
-8.975004577636719,114.2750030517578
-8.925004577636718,114.2750030517578
-8.950004577636719,114.30000305175781
-8.975004577636719,114.67500152587891
-8.925004577636718,114.67500152587891
-8.975004577636719,114.6250015258789
-8.925004577636718,114.6250015258789
-8.950004577636719,114.6500015258789
-8.975004577636719,114.92500152587891
-8.925004577636718,114.92500152587891
-8.975004577636719,114.8750015258789
-8.925004577636718,114.8750015258789
-8.950004577636719,114.9000015258789
-8.975004577636719,116.37500610351563
-8.925004577636718,116.37500610351563
-8.975004577636719,116.32500610351562
-8.925004577636718,116.32500610351562
-8.950004577636719,116.35000610351562
-8.975004577636719,116.4749969482422
-8.925004577636718,116.4749969482422
-8.975004577636719,116.42499694824218
-8.925004577636718,116.42499694824218
-8.950004577636719,116.44999694824219
-8.975004577636719,120.92500152587891
-8.925004577636718,120.92500152587891
-8.975004577636719,120.8750015258789
-8.925004577636718,120.8750015258789
-8.950004577636719,120.9000015258789
-8.975004577636719,126.525
-8.925004577636718,126.525
-8.975004577636719,126.475
-8.925004577636718,126.475
-8.950004577636719,126.5
-8.975004577636719,135.82500305175782
-8.925004577636718,135.82500305175782
-8.975004577636719,135.7750030517578
-8.925004577636718,135.7750030517578
-8.950004577636719,135.8000030517578
-8.975004577636719,135.87500610351563
-8.925004577636718,135.87500610351563
-8.975004577636719,135.82500610351562
-8.925004577636718,135.82500610351562
-8.950004577636719,135.85000610351562
-8.975004577636719,135.92499389648438
-8.925004577636718,135.92499389648438
-8.975004577636719,135.87499389648437
-8.925004577636718,135.87499389648437
-8.950004577636719,135.89999389648438
-8.975004577636719,136.2249969482422
-8.925004577636718,136.2249969482422
-8.975004577636719,136.17499694824218
-8.925004577636718,136.17499694824218
-8.950004577636719,136.1999969482422
-8.975004577636719,136.275
-8.925004577636718,136.275
-8.975004577636719,136.225
-8.925004577636718,136.225
-8.950004577636719,136.25
-8.975004577636719,136.32500305175782
-8.925004577636718,136.32500305175782
-8.975004577636719,136.2750030517578
-8.925004577636718,136.2750030517578
-8.950004577636719,136.3000030517578
-8.975004577636719,136.4749969482422
-8.925004577636718,136.4749969482422
-8.975004577636719,136.42499694824218
-8.925004577636718,136.42499694824218
-8.950004577636719,136.4499969482422
-8.975004577636719,136.525
-8.925004577636718,136.525
-8.975004577636719,136.475
-8.925004577636718,136.475
-8.950004577636719,136.5
-8.975004577636719,136.57500305175782
-8.925004577636718,136.57500305175782
-8.975004577636719,136.5250030517578
-8.925004577636718,136.5250030517578
-8.950004577636719,136.5500030517578
-8.975004577636719,136.67499389648438
-8.925004577636718,136.67499389648438
-8.975004577636719,136.62499389648437
-8.925004577636718,136.62499389648437
-8.950004577636719,136.64999389648438
-8.975004577636719,136.7249969482422
-8.925004577636718,136.7249969482422
-8.975004577636719,136.67499694824218
-8.925004577636718,136.67499694824218
-8.950004577636719,136.6999969482422
-8.975004577636719,136.775
-8.925004577636718,136.775
-8.975004577636719,136.725
-8.925004577636718,136.725
-8.950004577636719,136.75
-8.975004577636719,136.82500305175782
-8.925004577636718,136.82500305175782
-8.975004577636719,136.7750030517578
-8.925004577636718,136.7750030517578
-8.950004577636719,136.8000030517578
-8.975004577636719,137.7249969482422
-8.925004577636718,137.7249969482422
-8.975004577636719,137.67499694824218
-8.925004577636718,137.67499694824218
-8.950004577636719,137.6999969482422
-8.975004577636719,137.775
-8.925004577636718,137.775
-8.975004577636719,137.725
-8.925004577636718,137.725
-8.950004577636719,137.75
-8.975004577636719,137.82500305175782
-8.925004577636718,137.82500305175782
-8.975004577636719,137.7750030517578
-8.925004577636718,137.7750030517578
-8.950004577636719,137.8000030517578
-8.975004577636719,137.87500610351563
-8.925004577636718,137.87500610351563
-8.975004577636719,137.82500610351562
-8.925004577636718,137.82500610351562
-8.950004577636719,137.85000610351562
-8.975004577636719,137.92499389648438
-8.925004577636718,137.92499389648438
-8.975004577636719,137.87499389648437
-8.925004577636718,137.87499389648437
-8.950004577636719,137.89999389648438
-8.975004577636719,137.9749969482422
-8.925004577636718,137.9749969482422
-8.975004577636719,137.92499694824218
-8.925004577636718,137.92499694824218
-8.950004577636719,137.9499969482422
-8.975004577636719,138.07500305175782
-8.925004577636718,138.07500305175782
-8.975004577636719,138.0250030517578
-8.925004577636718,138.0250030517578
-8.950004577636719,138.0500030517578
-8.975004577636719,138.12500610351563
-8.925004577636718,138.12500610351563
-8.975004577636719,138.07500610351562
-8.925004577636718,138.07500610351562
-8.950004577636719,138.10000610351562
-8.975004577636719,139.525
-8.925004577636718,139.525
-8.975004577636719,139.475
-8.925004577636718,139.475
-8.950004577636719,139.5
-8.975004577636719,139.57500305175782
-8.925004577636718,139.57500305175782
-8.975004577636719,139.5250030517578
-8.925004577636718,139.5250030517578
-8.950004577636719,139.5500030517578
-8.975004577636719,139.62500610351563
-8.925004577636718,139.62500610351563
-8.975004577636719,139.57500610351562
-8.925004577636718,139.57500610351562
-8.950004577636719,139.60000610351562
-8.975004577636719,139.67499389648438
-8.925004577636718,139.67499389648438
-8.975004577636719,139.62499389648437
-8.925004577636718,139.62499389648437
-8.950004577636719,139.64999389648438
-8.975004577636719,139.7249969482422
-8.925004577636718,139.7249969482422
-8.975004577636719,139.67499694824218
-8.925004577636718,139.67499694824218
-8.950004577636719,139.6999969482422
-8.975004577636719,139.775
-8.925004577636718,139.775
-8.975004577636719,139.725
-8.925004577636718,139.725
-8.950004577636719,139.75
-9.025,97.32500305175782
-8.975,97.32500305175782
-9.025,97.2750030517578
-8.975,97.2750030517578
-9.0,97.30000305175781
-9.025,114.17500152587891
-8.975,114.17500152587891
-9.025,114.1250015258789
-8.975,114.1250015258789
-9.0,114.1500015258789
-9.025,114.525
-8.975,114.525
-9.025,114.475
-8.975,114.475
-9.0,114.5
-9.025,114.62500610351563
-8.975,114.62500610351563
-9.025,114.57500610351562
-8.975,114.57500610351562
-9.0,114.60000610351562
-9.025,114.67500152587891
-8.975,114.67500152587891
-9.025,114.6250015258789
-8.975,114.6250015258789
-9.0,114.6500015258789
-9.025,114.92500152587891
-8.975,114.92500152587891
-9.025,114.8750015258789
-8.975,114.8750015258789
-9.0,114.9000015258789
-9.025,114.9749969482422
-8.975,114.9749969482422
-9.025,114.92499694824218
-8.975,114.92499694824218
-9.0,114.94999694824219
-9.025,115.025
-8.975,115.025
-9.025,114.975
-8.975,114.975
-9.0,115.0
-9.025,115.12500610351563
-8.975,115.12500610351563
-9.025,115.07500610351562
-8.975,115.07500610351562
-9.0,115.10000610351562
-9.025,124.07500305175782
-8.975,124.07500305175782
-9.025,124.0250030517578
-8.975,124.0250030517578
-9.0,124.05000305175781
-9.025,126.42500152587891
-8.975,126.42500152587891
-9.025,126.3750015258789
-8.975,126.3750015258789
-9.0,126.4000015258789
-9.025,134.87500610351563
-8.975,134.87500610351563
-9.025,134.82500610351562
-8.975,134.82500610351562
-9.0,134.85000610351562
-9.025,135.32500305175782
-8.975,135.32500305175782
-9.025,135.2750030517578
-8.975,135.2750030517578
-9.0,135.3000030517578
-9.025,135.87500610351563
-8.975,135.87500610351563
-9.025,135.82500610351562
-8.975,135.82500610351562
-9.0,135.85000610351562
-9.025,136.275
-8.975,136.275
-9.025,136.225
-8.975,136.225
-9.0,136.25
-9.025,136.4749969482422
-8.975,136.4749969482422
-9.025,136.42499694824218
-8.975,136.42499694824218
-9.0,136.4499969482422
-9.025,136.525
-8.975,136.525
-9.025,136.475
-8.975,136.475
-9.0,136.5
-9.025,136.67499389648438
-8.975,136.67499389648438
-9.025,136.62499389648437
-8.975,136.62499389648437
-9.0,136.64999389648438
-9.025,136.7249969482422
-8.975,136.7249969482422
-9.025,136.67499694824218
-8.975,136.67499694824218
-9.0,136.6999969482422
-9.025,136.82500305175782
-8.975,136.82500305175782
-9.025,136.7750030517578
-8.975,136.7750030517578
-9.0,136.8000030517578
-9.025,136.92499389648438
-8.975,136.92499389648438
-9.025,136.87499389648437
-8.975,136.87499389648437
-9.0,136.89999389648438
-9.025,137.62500610351563
-8.975,137.62500610351563
-9.025,137.57500610351562
-8.975,137.57500610351562
-9.0,137.60000610351562
-9.025,137.67499389648438
-8.975,137.67499389648438
-9.025,137.62499389648437
-8.975,137.62499389648437
-9.0,137.64999389648438
-9.025,137.7249969482422
-8.975,137.7249969482422
-9.025,137.67499694824218
-8.975,137.67499694824218
-9.0,137.6999969482422
-9.025,137.775
-8.975,137.775
-9.025,137.725
-8.975,137.725
-9.0,137.75
-9.025,137.82500305175782
-8.975,137.82500305175782
-9.025,137.7750030517578
-8.975,137.7750030517578
-9.0,137.8000030517578
-9.025,137.87500610351563
-8.975,137.87500610351563
-9.025,137.82500610351562
-8.975,137.82500610351562
-9.0,137.85000610351562
-9.025,137.92499389648438
-8.975,137.92499389648438
-9.025,137.87499389648437
-8.975,137.87499389648437
-9.0,137.89999389648438
-9.025,137.9749969482422
-8.975,137.9749969482422
-9.025,137.92499694824218
-8.975,137.92499694824218
-9.0,137.9499969482422
-9.025,138.025
-8.975,138.025
-9.025,137.975
-8.975,137.975
-9.0,138.0
-9.025,139.42499389648438
-8.975,139.42499389648438
-9.025,139.37499389648437
-8.975,139.37499389648437
-9.0,139.39999389648438
-9.025,139.67499389648438
-8.975,139.67499389648438
-9.025,139.62499389648437
-8.975,139.62499389648437
-9.0,139.64999389648438
-9.025,139.775
-8.975,139.775
-9.025,139.725
-8.975,139.725
-9.0,139.75
-9.075003051757813,114.2249969482422
-9.025003051757812,114.2249969482422
-9.075003051757813,114.17499694824218
-9.025003051757812,114.17499694824218
-9.050003051757812,114.19999694824219
-9.075003051757813,114.275
-9.025003051757812,114.275
-9.075003051757813,114.225
-9.025003051757812,114.225
-9.050003051757812,114.25
-9.075003051757813,114.32500305175782
-9.025003051757812,114.32500305175782
-9.075003051757813,114.2750030517578
-9.025003051757812,114.2750030517578
-9.050003051757812,114.30000305175781
-9.075003051757813,114.37500610351563
-9.025003051757812,114.37500610351563
-9.075003051757813,114.32500610351562
-9.025003051757812,114.32500610351562
-9.050003051757812,114.35000610351562
-9.075003051757813,114.4749969482422
-9.025003051757812,114.4749969482422
-9.075003051757813,114.42499694824218
-9.025003051757812,114.42499694824218
-9.050003051757812,114.44999694824219
-9.075003051757813,114.525
-9.025003051757812,114.525
-9.075003051757813,114.475
-9.025003051757812,114.475
-9.050003051757812,114.5
-9.075003051757813,114.62500610351563
-9.025003051757812,114.62500610351563
-9.075003051757813,114.57500610351562
-9.025003051757812,114.57500610351562
-9.050003051757812,114.60000610351562
-9.075003051757813,114.7249969482422
-9.025003051757812,114.7249969482422
-9.075003051757813,114.67499694824218
-9.025003051757812,114.67499694824218
-9.050003051757812,114.69999694824219
-9.075003051757813,114.775
-9.025003051757812,114.775
-9.075003051757813,114.725
-9.025003051757812,114.725
-9.050003051757812,114.75
-9.075003051757813,114.82500305175782
-9.025003051757812,114.82500305175782
-9.075003051757813,114.7750030517578
-9.025003051757812,114.7750030517578
-9.050003051757812,114.80000305175781
-9.075003051757813,114.92500152587891
-9.025003051757812,114.92500152587891
-9.075003051757813,114.8750015258789
-9.025003051757812,114.8750015258789
-9.050003051757812,114.9000015258789
-9.075003051757813,134.62500610351563
-9.025003051757812,134.62500610351563
-9.075003051757813,134.57500610351562
-9.025003051757812,134.57500610351562
-9.050003051757812,134.60000610351562
-9.075003051757813,134.7249969482422
-9.025003051757812,134.7249969482422
-9.075003051757813,134.67499694824218
-9.025003051757812,134.67499694824218
-9.050003051757812,134.6999969482422
-9.075003051757813,135.07500305175782
-9.025003051757812,135.07500305175782
-9.075003051757813,135.0250030517578
-9.025003051757812,135.0250030517578
-9.050003051757812,135.0500030517578
-9.075003051757813,135.7249969482422
-9.025003051757812,135.7249969482422
-9.075003051757813,135.67499694824218
-9.025003051757812,135.67499694824218
-9.050003051757812,135.6999969482422
-9.075003051757813,135.82500305175782
-9.025003051757812,135.82500305175782
-9.075003051757813,135.7750030517578
-9.025003051757812,135.7750030517578
-9.050003051757812,135.8000030517578
-9.075003051757813,135.87500610351563
-9.025003051757812,135.87500610351563
-9.075003051757813,135.82500610351562
-9.025003051757812,135.82500610351562
-9.050003051757812,135.85000610351562
-9.075003051757813,135.92499389648438
-9.025003051757812,135.92499389648438
-9.075003051757813,135.87499389648437
-9.025003051757812,135.87499389648437
-9.050003051757812,135.89999389648438
-9.075003051757813,136.025
-9.025003051757812,136.025
-9.075003051757813,135.975
-9.025003051757812,135.975
-9.050003051757812,136.0
-9.075003051757813,136.07500305175782
-9.025003051757812,136.07500305175782
-9.075003051757813,136.0250030517578
-9.025003051757812,136.0250030517578
-9.050003051757812,136.0500030517578
-9.075003051757813,136.12500610351563
-9.025003051757812,136.12500610351563
-9.075003051757813,136.07500610351562
-9.025003051757812,136.07500610351562
-9.050003051757812,136.10000610351562
-9.075003051757813,136.2249969482422
-9.025003051757812,136.2249969482422
-9.075003051757813,136.17499694824218
-9.025003051757812,136.17499694824218
-9.050003051757812,136.1999969482422
-9.075003051757813,136.525
-9.025003051757812,136.525
-9.075003051757813,136.475
-9.025003051757812,136.475
-9.050003051757812,136.5
-9.075003051757813,136.67499389648438
-9.025003051757812,136.67499389648438
-9.075003051757813,136.62499389648437
-9.025003051757812,136.62499389648437
-9.050003051757812,136.64999389648438
-9.075003051757813,136.7249969482422
-9.025003051757812,136.7249969482422
-9.075003051757813,136.67499694824218
-9.025003051757812,136.67499694824218
-9.050003051757812,136.6999969482422
-9.075003051757813,136.775
-9.025003051757812,136.775
-9.075003051757813,136.725
-9.025003051757812,136.725
-9.050003051757812,136.75
-9.075003051757813,136.82500305175782
-9.025003051757812,136.82500305175782
-9.075003051757813,136.7750030517578
-9.025003051757812,136.7750030517578
-9.050003051757812,136.8000030517578
-9.075003051757813,136.87500610351563
-9.025003051757812,136.87500610351563
-9.075003051757813,136.82500610351562
-9.025003051757812,136.82500610351562
-9.050003051757812,136.85000610351562
-9.075003051757813,136.92499389648438
-9.025003051757812,136.92499389648438
-9.075003051757813,136.87499389648437
-9.025003051757812,136.87499389648437
-9.050003051757812,136.89999389648438
-9.075003051757813,137.62500610351563
-9.025003051757812,137.62500610351563
-9.075003051757813,137.57500610351562
-9.025003051757812,137.57500610351562
-9.050003051757812,137.60000610351562
-9.075003051757813,137.67499389648438
-9.025003051757812,137.67499389648438
-9.075003051757813,137.62499389648437
-9.025003051757812,137.62499389648437
-9.050003051757812,137.64999389648438
-9.075003051757813,137.7249969482422
-9.025003051757812,137.7249969482422
-9.075003051757813,137.67499694824218
-9.025003051757812,137.67499694824218
-9.050003051757812,137.6999969482422
-9.075003051757813,137.775
-9.025003051757812,137.775
-9.075003051757813,137.725
-9.025003051757812,137.725
-9.050003051757812,137.75
-9.075003051757813,137.82500305175782
-9.025003051757812,137.82500305175782
-9.075003051757813,137.7750030517578
-9.025003051757812,137.7750030517578
-9.050003051757812,137.8000030517578
-9.075003051757813,137.87500610351563
-9.025003051757812,137.87500610351563
-9.075003051757813,137.82500610351562
-9.025003051757812,137.82500610351562
-9.050003051757812,137.85000610351562
-9.075003051757813,137.92499389648438
-9.025003051757812,137.92499389648438
-9.075003051757813,137.87499389648437
-9.025003051757812,137.87499389648437
-9.050003051757812,137.89999389648438
-9.075003051757813,137.9749969482422
-9.025003051757812,137.9749969482422
-9.075003051757813,137.92499694824218
-9.025003051757812,137.92499694824218
-9.050003051757812,137.9499969482422
-9.075003051757813,139.7249969482422
-9.025003051757812,139.7249969482422
-9.075003051757813,139.67499694824218
-9.025003051757812,139.67499694824218
-9.050003051757812,139.6999969482422
-9.075003051757813,139.82500305175782
-9.025003051757812,139.82500305175782
-9.075003051757813,139.7750030517578
-9.025003051757812,139.7750030517578
-9.050003051757812,139.8000030517578
-9.075003051757813,140.2249969482422
-9.025003051757812,140.2249969482422
-9.075003051757813,140.17499694824218
-9.025003051757812,140.17499694824218
-9.050003051757812,140.1999969482422
-9.124998474121094,97.2249969482422
-9.074998474121093,97.2249969482422
-9.124998474121094,97.17499694824218
-9.074998474121093,97.17499694824218
-9.099998474121094,97.19999694824219
-9.124998474121094,114.37500610351563
-9.074998474121093,114.37500610351563
-9.124998474121094,114.32500610351562
-9.074998474121093,114.32500610351562
-9.099998474121094,114.35000610351562
-9.124998474121094,114.57500305175782
-9.074998474121093,114.57500305175782
-9.124998474121094,114.5250030517578
-9.074998474121093,114.5250030517578
-9.099998474121094,114.55000305175781
-9.124998474121094,114.67500152587891
-9.074998474121093,114.67500152587891
-9.124998474121094,114.6250015258789
-9.074998474121093,114.6250015258789
-9.099998474121094,114.6500015258789
-9.124998474121094,114.7249969482422
-9.074998474121093,114.7249969482422
-9.124998474121094,114.67499694824218
-9.074998474121093,114.67499694824218
-9.099998474121094,114.69999694824219
-9.124998474121094,114.775
-9.074998474121093,114.775
-9.124998474121094,114.725
-9.074998474121093,114.725
-9.099998474121094,114.75
-9.124998474121094,114.82500305175782
-9.074998474121093,114.82500305175782
-9.124998474121094,114.7750030517578
-9.074998474121093,114.7750030517578
-9.099998474121094,114.80000305175781
-9.124998474121094,114.87500610351563
-9.074998474121093,114.87500610351563
-9.124998474121094,114.82500610351562
-9.074998474121093,114.82500610351562
-9.099998474121094,114.85000610351562
-9.124998474121094,135.525
-9.074998474121093,135.525
-9.124998474121094,135.475
-9.074998474121093,135.475
-9.099998474121094,135.5
-9.124998474121094,135.67499389648438
-9.074998474121093,135.67499389648438
-9.124998474121094,135.62499389648437
-9.074998474121093,135.62499389648437
-9.099998474121094,135.64999389648438
-9.124998474121094,136.2249969482422
-9.074998474121093,136.2249969482422
-9.124998474121094,136.17499694824218
-9.074998474121093,136.17499694824218
-9.099998474121094,136.1999969482422
-9.124998474121094,136.42499389648438
-9.074998474121093,136.42499389648438
-9.124998474121094,136.37499389648437
-9.074998474121093,136.37499389648437
-9.099998474121094,136.39999389648438
-9.124998474121094,136.4749969482422
-9.074998474121093,136.4749969482422
-9.124998474121094,136.42499694824218
-9.074998474121093,136.42499694824218
-9.099998474121094,136.4499969482422
-9.124998474121094,136.525
-9.074998474121093,136.525
-9.124998474121094,136.475
-9.074998474121093,136.475
-9.099998474121094,136.5
-9.124998474121094,136.57500305175782
-9.074998474121093,136.57500305175782
-9.124998474121094,136.5250030517578
-9.074998474121093,136.5250030517578
-9.099998474121094,136.5500030517578
-9.124998474121094,136.9749969482422
-9.074998474121093,136.9749969482422
-9.124998474121094,136.92499694824218
-9.074998474121093,136.92499694824218
-9.099998474121094,136.9499969482422
-9.124998474121094,137.07500305175782
-9.074998474121093,137.07500305175782
-9.124998474121094,137.0250030517578
-9.074998474121093,137.0250030517578
-9.099998474121094,137.0500030517578
-9.124998474121094,137.42499389648438
-9.074998474121093,137.42499389648438
-9.124998474121094,137.37499389648437
-9.074998474121093,137.37499389648437
-9.099998474121094,137.39999389648438
-9.124998474121094,137.4749969482422
-9.074998474121093,137.4749969482422
-9.124998474121094,137.42499694824218
-9.074998474121093,137.42499694824218
-9.099998474121094,137.4499969482422
-9.124998474121094,137.525
-9.074998474121093,137.525
-9.124998474121094,137.475
-9.074998474121093,137.475
-9.099998474121094,137.5
-9.124998474121094,137.57500305175782
-9.074998474121093,137.57500305175782
-9.124998474121094,137.5250030517578
-9.074998474121093,137.5250030517578
-9.099998474121094,137.5500030517578
-9.124998474121094,137.62500610351563
-9.074998474121093,137.62500610351563
-9.124998474121094,137.57500610351562
-9.074998474121093,137.57500610351562
-9.099998474121094,137.60000610351562
-9.124998474121094,137.67499389648438
-9.074998474121093,137.67499389648438
-9.124998474121094,137.62499389648437
-9.074998474121093,137.62499389648437
-9.099998474121094,137.64999389648438
-9.124998474121094,137.7249969482422
-9.074998474121093,137.7249969482422
-9.124998474121094,137.67499694824218
-9.074998474121093,137.67499694824218
-9.099998474121094,137.6999969482422
-9.124998474121094,137.775
-9.074998474121093,137.775
-9.124998474121094,137.725
-9.074998474121093,137.725
-9.099998474121094,137.75
-9.124998474121094,137.82500305175782
-9.074998474121093,137.82500305175782
-9.124998474121094,137.7750030517578
-9.074998474121093,137.7750030517578
-9.099998474121094,137.8000030517578
-9.124998474121094,139.07500305175782
-9.074998474121093,139.07500305175782
-9.124998474121094,139.0250030517578
-9.074998474121093,139.0250030517578
-9.099998474121094,139.0500030517578
-9.124998474121094,139.12500610351563
-9.074998474121093,139.12500610351563
-9.124998474121094,139.07500610351562
-9.074998474121093,139.07500610351562
-9.099998474121094,139.10000610351562
-9.175001525878907,96.82500305175782
-9.125001525878906,96.82500305175782
-9.175001525878907,96.7750030517578
-9.125001525878906,96.7750030517578
-9.150001525878906,96.80000305175781
-9.175001525878907,97.57500305175782
-9.125001525878906,97.57500305175782
-9.175001525878907,97.5250030517578
-9.125001525878906,97.5250030517578
-9.150001525878906,97.55000305175781
-9.175001525878907,114.42500152587891
-9.125001525878906,114.42500152587891
-9.175001525878907,114.3750015258789
-9.125001525878906,114.3750015258789
-9.150001525878906,114.4000015258789
-9.175001525878907,114.4749969482422
-9.125001525878906,114.4749969482422
-9.175001525878907,114.42499694824218
-9.125001525878906,114.42499694824218
-9.150001525878906,114.44999694824219
-9.175001525878907,114.57500305175782
-9.125001525878906,114.57500305175782
-9.175001525878907,114.5250030517578
-9.125001525878906,114.5250030517578
-9.150001525878906,114.55000305175781
-9.175001525878907,114.62500610351563
-9.125001525878906,114.62500610351563
-9.175001525878907,114.57500610351562
-9.125001525878906,114.57500610351562
-9.150001525878906,114.60000610351562
-9.175001525878907,135.42499389648438
-9.125001525878906,135.42499389648438
-9.175001525878907,135.37499389648437
-9.125001525878906,135.37499389648437
-9.150001525878906,135.39999389648438
-9.175001525878907,135.67499389648438
-9.125001525878906,135.67499389648438
-9.175001525878907,135.62499389648437
-9.125001525878906,135.62499389648437
-9.150001525878906,135.64999389648438
-9.175001525878907,135.7249969482422
-9.125001525878906,135.7249969482422
-9.175001525878907,135.67499694824218
-9.125001525878906,135.67499694824218
-9.150001525878906,135.6999969482422
-9.175001525878907,135.9749969482422
-9.125001525878906,135.9749969482422
-9.175001525878907,135.92499694824218
-9.125001525878906,135.92499694824218
-9.150001525878906,135.9499969482422
-9.175001525878907,136.12500610351563
-9.125001525878906,136.12500610351563
-9.175001525878907,136.07500610351562
-9.125001525878906,136.07500610351562
-9.150001525878906,136.10000610351562
-9.175001525878907,136.525
-9.125001525878906,136.525
-9.175001525878907,136.475
-9.125001525878906,136.475
-9.150001525878906,136.5
-9.175001525878907,137.07500305175782
-9.125001525878906,137.07500305175782
-9.175001525878907,137.0250030517578
-9.125001525878906,137.0250030517578
-9.150001525878906,137.0500030517578
-9.175001525878907,137.12500610351563
-9.125001525878906,137.12500610351563
-9.175001525878907,137.07500610351562
-9.125001525878906,137.07500610351562
-9.150001525878906,137.10000610351562
-9.175001525878907,137.17499389648438
-9.125001525878906,137.17499389648438
-9.175001525878907,137.12499389648437
-9.125001525878906,137.12499389648437
-9.150001525878906,137.14999389648438
-9.175001525878907,137.2249969482422
-9.125001525878906,137.2249969482422
-9.175001525878907,137.17499694824218
-9.125001525878906,137.17499694824218
-9.150001525878906,137.1999969482422
-9.175001525878907,137.4749969482422
-9.125001525878906,137.4749969482422
-9.175001525878907,137.42499694824218
-9.125001525878906,137.42499694824218
-9.150001525878906,137.4499969482422
-9.175001525878907,137.525
-9.125001525878906,137.525
-9.175001525878907,137.475
-9.125001525878906,137.475
-9.150001525878906,137.5
-9.175001525878907,137.57500305175782
-9.125001525878906,137.57500305175782
-9.175001525878907,137.5250030517578
-9.125001525878906,137.5250030517578
-9.150001525878906,137.5500030517578
-9.175001525878907,137.62500610351563
-9.125001525878906,137.62500610351563
-9.175001525878907,137.57500610351562
-9.125001525878906,137.57500610351562
-9.150001525878906,137.60000610351562
-9.175001525878907,137.67499389648438
-9.125001525878906,137.67499389648438
-9.175001525878907,137.62499389648437
-9.125001525878906,137.62499389648437
-9.150001525878906,137.64999389648438
-9.175001525878907,137.7249969482422
-9.125001525878906,137.7249969482422
-9.175001525878907,137.67499694824218
-9.125001525878906,137.67499694824218
-9.150001525878906,137.6999969482422
-9.175001525878907,139.2249969482422
-9.125001525878906,139.2249969482422
-9.175001525878907,139.17499694824218
-9.125001525878906,139.17499694824218
-9.150001525878906,139.1999969482422
-9.175001525878907,139.775
-9.125001525878906,139.775
-9.175001525878907,139.725
-9.125001525878906,139.725
-9.150001525878906,139.75
-9.175001525878907,140.275
-9.125001525878906,140.275
-9.175001525878907,140.225
-9.125001525878906,140.225
-9.150001525878906,140.25
-9.175001525878907,140.32500305175782
-9.125001525878906,140.32500305175782
-9.175001525878907,140.2750030517578
-9.125001525878906,140.2750030517578
-9.150001525878906,140.3000030517578
-9.175001525878907,140.42499389648438
-9.125001525878906,140.42499389648438
-9.175001525878907,140.37499389648437
-9.125001525878906,140.37499389648437
-9.150001525878906,140.39999389648438
-9.225004577636719,114.42500152587891
-9.175004577636718,114.42500152587891
-9.225004577636719,114.3750015258789
-9.175004577636718,114.3750015258789
-9.200004577636719,114.4000015258789
-9.225004577636719,114.57500305175782
-9.175004577636718,114.57500305175782
-9.225004577636719,114.5250030517578
-9.175004577636718,114.5250030517578
-9.200004577636719,114.55000305175781
-9.225004577636719,114.62500610351563
-9.175004577636718,114.62500610351563
-9.225004577636719,114.57500610351562
-9.175004577636718,114.57500610351562
-9.200004577636719,114.60000610351562
-9.225004577636719,114.7249969482422
-9.175004577636718,114.7249969482422
-9.225004577636719,114.67499694824218
-9.175004577636718,114.67499694824218
-9.200004577636719,114.69999694824219
-9.225004577636719,134.62500610351563
-9.175004577636718,134.62500610351563
-9.225004577636719,134.57500610351562
-9.175004577636718,134.57500610351562
-9.200004577636719,134.60000610351562
-9.225004577636719,134.67499389648438
-9.175004577636718,134.67499389648438
-9.225004577636719,134.62499389648437
-9.175004577636718,134.62499389648437
-9.200004577636719,134.64999389648438
-9.225004577636719,135.92499389648438
-9.175004577636718,135.92499389648438
-9.225004577636719,135.87499389648437
-9.175004577636718,135.87499389648437
-9.200004577636719,135.89999389648438
-9.225004577636719,136.32500305175782
-9.175004577636718,136.32500305175782
-9.225004577636719,136.2750030517578
-9.175004577636718,136.2750030517578
-9.200004577636719,136.3000030517578
-9.225004577636719,136.37500610351563
-9.175004577636718,136.37500610351563
-9.225004577636719,136.32500610351562
-9.175004577636718,136.32500610351562
-9.200004577636719,136.35000610351562
-9.225004577636719,136.42499389648438
-9.175004577636718,136.42499389648438
-9.225004577636719,136.37499389648437
-9.175004577636718,136.37499389648437
-9.200004577636719,136.39999389648438
-9.225004577636719,136.4749969482422
-9.175004577636718,136.4749969482422
-9.225004577636719,136.42499694824218
-9.175004577636718,136.42499694824218
-9.200004577636719,136.4499969482422
-9.225004577636719,136.525
-9.175004577636718,136.525
-9.225004577636719,136.475
-9.175004577636718,136.475
-9.200004577636719,136.5
-9.225004577636719,137.07500305175782
-9.175004577636718,137.07500305175782
-9.225004577636719,137.0250030517578
-9.175004577636718,137.0250030517578
-9.200004577636719,137.0500030517578
-9.225004577636719,137.12500610351563
-9.175004577636718,137.12500610351563
-9.225004577636719,137.07500610351562
-9.175004577636718,137.07500610351562
-9.200004577636719,137.10000610351562
-9.225004577636719,137.17499389648438
-9.175004577636718,137.17499389648438
-9.225004577636719,137.12499389648437
-9.175004577636718,137.12499389648437
-9.200004577636719,137.14999389648438
-9.225004577636719,137.2249969482422
-9.175004577636718,137.2249969482422
-9.225004577636719,137.17499694824218
-9.175004577636718,137.17499694824218
-9.200004577636719,137.1999969482422
-9.225004577636719,137.275
-9.175004577636718,137.275
-9.225004577636719,137.225
-9.175004577636718,137.225
-9.200004577636719,137.25
-9.225004577636719,137.57500305175782
-9.175004577636718,137.57500305175782
-9.225004577636719,137.5250030517578
-9.175004577636718,137.5250030517578
-9.200004577636719,137.5500030517578
-9.225004577636719,137.62500610351563
-9.175004577636718,137.62500610351563
-9.225004577636719,137.57500610351562
-9.175004577636718,137.57500610351562
-9.200004577636719,137.60000610351562
-9.225004577636719,137.7249969482422
-9.175004577636718,137.7249969482422
-9.225004577636719,137.67499694824218
-9.175004577636718,137.67499694824218
-9.200004577636719,137.6999969482422
-9.225004577636719,137.775
-9.175004577636718,137.775
-9.225004577636719,137.725
-9.175004577636718,137.725
-9.200004577636719,137.75
-9.225004577636719,139.275
-9.175004577636718,139.275
-9.225004577636719,139.225
-9.175004577636718,139.225
-9.200004577636719,139.25
-9.225004577636719,139.7249969482422
-9.175004577636718,139.7249969482422
-9.225004577636719,139.67499694824218
-9.175004577636718,139.67499694824218
-9.200004577636719,139.6999969482422
-9.225004577636719,139.87500610351563
-9.175004577636718,139.87500610351563
-9.225004577636719,139.82500610351562
-9.175004577636718,139.82500610351562
-9.200004577636719,139.85000610351562
-9.225004577636719,140.37500610351563
-9.175004577636718,140.37500610351563
-9.225004577636719,140.32500610351562
-9.175004577636718,140.32500610351562
-9.200004577636719,140.35000610351562
-9.225004577636719,140.42499389648438
-9.175004577636718,140.42499389648438
-9.225004577636719,140.37499389648437
-9.175004577636718,140.37499389648437
-9.200004577636719,140.39999389648438
-9.275,114.37500610351563
-9.225,114.37500610351563
-9.275,114.32500610351562
-9.225,114.32500610351562
-9.25,114.35000610351562
-9.275,114.42500152587891
-9.225,114.42500152587891
-9.275,114.3750015258789
-9.225,114.3750015258789
-9.25,114.4000015258789
-9.275,114.525
-9.225,114.525
-9.275,114.475
-9.225,114.475
-9.25,114.5
-9.275,135.67499389648438
-9.225,135.67499389648438
-9.275,135.62499389648437
-9.225,135.62499389648437
-9.25,135.64999389648438
-9.275,135.7249969482422
-9.225,135.7249969482422
-9.275,135.67499694824218
-9.225,135.67499694824218
-9.25,135.6999969482422
-9.275,135.9749969482422
-9.225,135.9749969482422
-9.275,135.92499694824218
-9.225,135.92499694824218
-9.25,135.9499969482422
-9.275,136.12500610351563
-9.225,136.12500610351563
-9.275,136.07500610351562
-9.225,136.07500610351562
-9.25,136.10000610351562
-9.275,136.62500610351563
-9.225,136.62500610351563
-9.275,136.57500610351562
-9.225,136.57500610351562
-9.25,136.60000610351562
-9.275,137.07500305175782
-9.225,137.07500305175782
-9.275,137.0250030517578
-9.225,137.0250030517578
-9.25,137.0500030517578
-9.275,137.12500610351563
-9.225,137.12500610351563
-9.275,137.07500610351562
-9.225,137.07500610351562
-9.25,137.10000610351562
-9.275,137.17499389648438
-9.225,137.17499389648438
-9.275,137.12499389648437
-9.225,137.12499389648437
-9.25,137.14999389648438
-9.275,137.2249969482422
-9.225,137.2249969482422
-9.275,137.17499694824218
-9.225,137.17499694824218
-9.25,137.1999969482422
-9.275,137.275
-9.225,137.275
-9.275,137.225
-9.225,137.225
-9.25,137.25
-9.275,137.32500305175782
-9.225,137.32500305175782
-9.275,137.2750030517578
-9.225,137.2750030517578
-9.25,137.3000030517578
-9.275,137.62500610351563
-9.225,137.62500610351563
-9.275,137.57500610351562
-9.225,137.57500610351562
-9.25,137.60000610351562
-9.275,137.67499389648438
-9.225,137.67499389648438
-9.275,137.62499389648437
-9.225,137.62499389648437
-9.25,137.64999389648438
-9.275,137.82500305175782
-9.225,137.82500305175782
-9.275,137.7750030517578
-9.225,137.7750030517578
-9.25,137.8000030517578
-9.275,139.37500610351563
-9.225,139.37500610351563
-9.275,139.32500610351562
-9.225,139.32500610351562
-9.25,139.35000610351562
-9.275,140.37500610351563
-9.225,140.37500610351563
-9.275,140.32500610351562
-9.225,140.32500610351562
-9.25,140.35000610351562
-9.275,140.42499389648438
-9.225,140.42499389648438
-9.275,140.37499389648437
-9.225,140.37499389648437
-9.25,140.39999389648438
-9.275,140.4749969482422
-9.225,140.4749969482422
-9.275,140.42499694824218
-9.225,140.42499694824218
-9.25,140.4499969482422
-9.275,140.525
-9.225,140.525
-9.275,140.475
-9.225,140.475
-9.25,140.5
-9.325003051757813,95.42500152587891
-9.275003051757812,95.42500152587891
-9.325003051757813,95.3750015258789
-9.275003051757812,95.3750015258789
-9.300003051757812,95.4000015258789
-9.325003051757813,98.4749969482422
-9.275003051757812,98.4749969482422
-9.325003051757813,98.42499694824218
-9.275003051757812,98.42499694824218
-9.300003051757812,98.44999694824219
-9.325003051757813,114.525
-9.275003051757812,114.525
-9.325003051757813,114.475
-9.275003051757812,114.475
-9.300003051757812,114.5
-9.325003051757813,114.57500305175782
-9.275003051757812,114.57500305175782
-9.325003051757813,114.5250030517578
-9.275003051757812,114.5250030517578
-9.300003051757812,114.55000305175781
-9.325003051757813,114.62500610351563
-9.275003051757812,114.62500610351563
-9.325003051757813,114.57500610351562
-9.275003051757812,114.57500610351562
-9.300003051757812,114.60000610351562
-9.325003051757813,116.07500305175782
-9.275003051757812,116.07500305175782
-9.325003051757813,116.0250030517578
-9.275003051757812,116.0250030517578
-9.300003051757812,116.05000305175781
-9.325003051757813,125.42500152587891
-9.275003051757812,125.42500152587891
-9.325003051757813,125.3750015258789
-9.275003051757812,125.3750015258789
-9.300003051757812,125.4000015258789
-9.325003051757813,135.9749969482422
-9.275003051757812,135.9749969482422
-9.325003051757813,135.92499694824218
-9.275003051757812,135.92499694824218
-9.300003051757812,135.9499969482422
-9.325003051757813,136.025
-9.275003051757812,136.025
-9.325003051757813,135.975
-9.275003051757812,135.975
-9.300003051757812,136.0
-9.325003051757813,137.07500305175782
-9.275003051757812,137.07500305175782
-9.325003051757813,137.0250030517578
-9.275003051757812,137.0250030517578
-9.300003051757812,137.0500030517578
-9.325003051757813,137.12500610351563
-9.275003051757812,137.12500610351563
-9.325003051757813,137.07500610351562
-9.275003051757812,137.07500610351562
-9.300003051757812,137.10000610351562
-9.325003051757813,137.17499389648438
-9.275003051757812,137.17499389648438
-9.325003051757813,137.12499389648437
-9.275003051757812,137.12499389648437
-9.300003051757812,137.14999389648438
-9.325003051757813,137.2249969482422
-9.275003051757812,137.2249969482422
-9.325003051757813,137.17499694824218
-9.275003051757812,137.17499694824218
-9.300003051757812,137.1999969482422
-9.325003051757813,137.275
-9.275003051757812,137.275
-9.325003051757813,137.225
-9.275003051757812,137.225
-9.300003051757812,137.25
-9.325003051757813,137.32500305175782
-9.275003051757812,137.32500305175782
-9.325003051757813,137.2750030517578
-9.275003051757812,137.2750030517578
-9.300003051757812,137.3000030517578
-9.325003051757813,137.37500610351563
-9.275003051757812,137.37500610351563
-9.325003051757813,137.32500610351562
-9.275003051757812,137.32500610351562
-9.300003051757812,137.35000610351562
-9.325003051757813,137.67499389648438
-9.275003051757812,137.67499389648438
-9.325003051757813,137.62499389648437
-9.275003051757812,137.62499389648437
-9.300003051757812,137.64999389648438
-9.325003051757813,137.7249969482422
-9.275003051757812,137.7249969482422
-9.325003051757813,137.67499694824218
-9.275003051757812,137.67499694824218
-9.300003051757812,137.6999969482422
-9.325003051757813,140.4749969482422
-9.275003051757812,140.4749969482422
-9.325003051757813,140.42499694824218
-9.275003051757812,140.42499694824218
-9.300003051757812,140.4499969482422
-9.374998474121094,114.275
-9.324998474121093,114.275
-9.374998474121094,114.225
-9.324998474121093,114.225
-9.349998474121094,114.25
-9.374998474121094,114.32500305175782
-9.324998474121093,114.32500305175782
-9.374998474121094,114.2750030517578
-9.324998474121093,114.2750030517578
-9.349998474121094,114.30000305175781
-9.374998474121094,114.525
-9.324998474121093,114.525
-9.374998474121094,114.475
-9.324998474121093,114.475
-9.349998474121094,114.5
-9.374998474121094,114.57500305175782
-9.324998474121093,114.57500305175782
-9.374998474121094,114.5250030517578
-9.324998474121093,114.5250030517578
-9.349998474121094,114.55000305175781
-9.374998474121094,114.62500610351563
-9.324998474121093,114.62500610351563
-9.374998474121094,114.57500610351562
-9.324998474121093,114.57500610351562
-9.349998474121094,114.60000610351562
-9.374998474121094,114.7249969482422
-9.324998474121093,114.7249969482422
-9.374998474121094,114.67499694824218
-9.324998474121093,114.67499694824218
-9.349998474121094,114.69999694824219
-9.374998474121094,135.87500610351563
-9.324998474121093,135.87500610351563
-9.374998474121094,135.82500610351562
-9.324998474121093,135.82500610351562
-9.349998474121094,135.85000610351562
-9.374998474121094,135.92499389648438
-9.324998474121093,135.92499389648438
-9.374998474121094,135.87499389648437
-9.324998474121093,135.87499389648437
-9.349998474121094,135.89999389648438
-9.374998474121094,137.025
-9.324998474121093,137.025
-9.374998474121094,136.975
-9.324998474121093,136.975
-9.349998474121094,137.0
-9.374998474121094,137.12500610351563
-9.324998474121093,137.12500610351563
-9.374998474121094,137.07500610351562
-9.324998474121093,137.07500610351562
-9.349998474121094,137.10000610351562
-9.374998474121094,137.17499389648438
-9.324998474121093,137.17499389648438
-9.374998474121094,137.12499389648437
-9.324998474121093,137.12499389648437
-9.349998474121094,137.14999389648438
-9.374998474121094,137.2249969482422
-9.324998474121093,137.2249969482422
-9.374998474121094,137.17499694824218
-9.324998474121093,137.17499694824218
-9.349998474121094,137.1999969482422
-9.374998474121094,137.275
-9.324998474121093,137.275
-9.374998474121094,137.225
-9.324998474121093,137.225
-9.349998474121094,137.25
-9.374998474121094,137.32500305175782
-9.324998474121093,137.32500305175782
-9.374998474121094,137.2750030517578
-9.324998474121093,137.2750030517578
-9.349998474121094,137.3000030517578
-9.374998474121094,137.37500610351563
-9.324998474121093,137.37500610351563
-9.374998474121094,137.32500610351562
-9.324998474121093,137.32500610351562
-9.349998474121094,137.35000610351562
-9.374998474121094,137.42499389648438
-9.324998474121093,137.42499389648438
-9.374998474121094,137.37499389648437
-9.324998474121093,137.37499389648437
-9.349998474121094,137.39999389648438
-9.374998474121094,137.7249969482422
-9.324998474121093,137.7249969482422
-9.374998474121094,137.67499694824218
-9.324998474121093,137.67499694824218
-9.349998474121094,137.6999969482422
-9.374998474121094,139.42499389648438
-9.324998474121093,139.42499389648438
-9.374998474121094,139.37499389648437
-9.324998474121093,139.37499389648437
-9.349998474121094,139.39999389648438
-9.374998474121094,140.525
-9.324998474121093,140.525
-9.374998474121094,140.475
-9.324998474121093,140.475
-9.349998474121094,140.5
-9.374998474121094,140.62500610351563
-9.324998474121093,140.62500610351563
-9.374998474121094,140.57500610351562
-9.324998474121093,140.57500610351562
-9.349998474121094,140.60000610351562
-9.425001525878907,97.275
-9.375001525878906,97.275
-9.425001525878907,97.225
-9.375001525878906,97.225
-9.400001525878906,97.25
-9.425001525878907,98.7249969482422
-9.375001525878906,98.7249969482422
-9.425001525878907,98.67499694824218
-9.375001525878906,98.67499694824218
-9.400001525878906,98.69999694824219
-9.425001525878907,114.32500305175782
-9.375001525878906,114.32500305175782
-9.425001525878907,114.2750030517578
-9.375001525878906,114.2750030517578
-9.400001525878906,114.30000305175781
-9.425001525878907,114.4749969482422
-9.375001525878906,114.4749969482422
-9.425001525878907,114.42499694824218
-9.375001525878906,114.42499694824218
-9.400001525878906,114.44999694824219
-9.425001525878907,114.525
-9.375001525878906,114.525
-9.425001525878907,114.475
-9.375001525878906,114.475
-9.400001525878906,114.5
-9.425001525878907,114.57500305175782
-9.375001525878906,114.57500305175782
-9.425001525878907,114.5250030517578
-9.375001525878906,114.5250030517578
-9.400001525878906,114.55000305175781
-9.425001525878907,114.62500610351563
-9.375001525878906,114.62500610351563
-9.425001525878907,114.57500610351562
-9.375001525878906,114.57500610351562
-9.400001525878906,114.60000610351562
-9.425001525878907,114.7249969482422
-9.375001525878906,114.7249969482422
-9.425001525878907,114.67499694824218
-9.375001525878906,114.67499694824218
-9.400001525878906,114.69999694824219
-9.425001525878907,114.87500610351563
-9.375001525878906,114.87500610351563
-9.425001525878907,114.82500610351562
-9.375001525878906,114.82500610351562
-9.400001525878906,114.85000610351562
-9.425001525878907,135.57500305175782
-9.375001525878906,135.57500305175782
-9.425001525878907,135.5250030517578
-9.375001525878906,135.5250030517578
-9.400001525878906,135.5500030517578
-9.425001525878907,137.025
-9.375001525878906,137.025
-9.425001525878907,136.975
-9.375001525878906,136.975
-9.400001525878906,137.0
-9.425001525878907,137.07500305175782
-9.375001525878906,137.07500305175782
-9.425001525878907,137.0250030517578
-9.375001525878906,137.0250030517578
-9.400001525878906,137.0500030517578
-9.425001525878907,137.12500610351563
-9.375001525878906,137.12500610351563
-9.425001525878907,137.07500610351562
-9.375001525878906,137.07500610351562
-9.400001525878906,137.10000610351562
-9.425001525878907,137.17499389648438
-9.375001525878906,137.17499389648438
-9.425001525878907,137.12499389648437
-9.375001525878906,137.12499389648437
-9.400001525878906,137.14999389648438
-9.425001525878907,137.2249969482422
-9.375001525878906,137.2249969482422
-9.425001525878907,137.17499694824218
-9.375001525878906,137.17499694824218
-9.400001525878906,137.1999969482422
-9.425001525878907,137.275
-9.375001525878906,137.275
-9.425001525878907,137.225
-9.375001525878906,137.225
-9.400001525878906,137.25
-9.425001525878907,137.32500305175782
-9.375001525878906,137.32500305175782
-9.425001525878907,137.2750030517578
-9.375001525878906,137.2750030517578
-9.400001525878906,137.3000030517578
-9.425001525878907,137.42499389648438
-9.375001525878906,137.42499389648438
-9.425001525878907,137.37499389648437
-9.375001525878906,137.37499389648437
-9.400001525878906,137.39999389648438
-9.425001525878907,137.4749969482422
-9.375001525878906,137.4749969482422
-9.425001525878907,137.42499694824218
-9.375001525878906,137.42499694824218
-9.400001525878906,137.4499969482422
-9.425001525878907,137.67499389648438
-9.375001525878906,137.67499389648438
-9.425001525878907,137.62499389648437
-9.375001525878906,137.62499389648437
-9.400001525878906,137.64999389648438
-9.425001525878907,137.7249969482422
-9.375001525878906,137.7249969482422
-9.425001525878907,137.67499694824218
-9.375001525878906,137.67499694824218
-9.400001525878906,137.6999969482422
-9.425001525878907,139.12500610351563
-9.375001525878906,139.12500610351563
-9.425001525878907,139.07500610351562
-9.375001525878906,139.07500610351562
-9.400001525878906,139.10000610351562
-9.425001525878907,139.17499389648438
-9.375001525878906,139.17499389648438
-9.425001525878907,139.12499389648437
-9.375001525878906,139.12499389648437
-9.400001525878906,139.14999389648438
-9.425001525878907,139.37500610351563
-9.375001525878906,139.37500610351563
-9.425001525878907,139.32500610351562
-9.375001525878906,139.32500610351562
-9.400001525878906,139.35000610351562
-9.425001525878907,139.4749969482422
-9.375001525878906,139.4749969482422
-9.425001525878907,139.42499694824218
-9.375001525878906,139.42499694824218
-9.400001525878906,139.4499969482422
-9.425001525878907,140.62500610351563
-9.375001525878906,140.62500610351563
-9.425001525878907,140.57500610351562
-9.375001525878906,140.57500610351562
-9.400001525878906,140.60000610351562
-9.475004577636719,114.32500305175782
-9.425004577636718,114.32500305175782
-9.475004577636719,114.2750030517578
-9.425004577636718,114.2750030517578
-9.450004577636719,114.30000305175781
-9.475004577636719,114.525
-9.425004577636718,114.525
-9.475004577636719,114.475
-9.425004577636718,114.475
-9.450004577636719,114.5
-9.475004577636719,114.62500610351563
-9.425004577636718,114.62500610351563
-9.475004577636719,114.57500610351562
-9.425004577636718,114.57500610351562
-9.450004577636719,114.60000610351562
-9.475004577636719,115.9749969482422
-9.425004577636718,115.9749969482422
-9.475004577636719,115.92499694824218
-9.425004577636718,115.92499694824218
-9.450004577636719,115.94999694824219
-9.475004577636719,116.025
-9.425004577636718,116.025
-9.475004577636719,115.975
-9.425004577636718,115.975
-9.450004577636719,116.0
-9.475004577636719,137.025
-9.425004577636718,137.025
-9.475004577636719,136.975
-9.425004577636718,136.975
-9.450004577636719,137.0
-9.475004577636719,137.07500305175782
-9.425004577636718,137.07500305175782
-9.475004577636719,137.0250030517578
-9.425004577636718,137.0250030517578
-9.450004577636719,137.0500030517578
-9.475004577636719,137.12500610351563
-9.425004577636718,137.12500610351563
-9.475004577636719,137.07500610351562
-9.425004577636718,137.07500610351562
-9.450004577636719,137.10000610351562
-9.475004577636719,137.17499389648438
-9.425004577636718,137.17499389648438
-9.475004577636719,137.12499389648437
-9.425004577636718,137.12499389648437
-9.450004577636719,137.14999389648438
-9.475004577636719,137.2249969482422
-9.425004577636718,137.2249969482422
-9.475004577636719,137.17499694824218
-9.425004577636718,137.17499694824218
-9.450004577636719,137.1999969482422
-9.475004577636719,137.275
-9.425004577636718,137.275
-9.475004577636719,137.225
-9.425004577636718,137.225
-9.450004577636719,137.25
-9.475004577636719,137.32500305175782
-9.425004577636718,137.32500305175782
-9.475004577636719,137.2750030517578
-9.425004577636718,137.2750030517578
-9.450004577636719,137.3000030517578
-9.475004577636719,137.37500610351563
-9.425004577636718,137.37500610351563
-9.475004577636719,137.32500610351562
-9.425004577636718,137.32500610351562
-9.450004577636719,137.35000610351562
-9.475004577636719,137.42499389648438
-9.425004577636718,137.42499389648438
-9.475004577636719,137.37499389648437
-9.425004577636718,137.37499389648437
-9.450004577636719,137.39999389648438
-9.475004577636719,137.4749969482422
-9.425004577636718,137.4749969482422
-9.475004577636719,137.42499694824218
-9.425004577636718,137.42499694824218
-9.450004577636719,137.4499969482422
-9.475004577636719,137.7249969482422
-9.425004577636718,137.7249969482422
-9.475004577636719,137.67499694824218
-9.425004577636718,137.67499694824218
-9.450004577636719,137.6999969482422
-9.475004577636719,137.92499389648438
-9.425004577636718,137.92499389648438
-9.475004577636719,137.87499389648437
-9.425004577636718,137.87499389648437
-9.450004577636719,137.89999389648438
-9.475004577636719,139.42499389648438
-9.425004577636718,139.42499389648438
-9.475004577636719,139.37499389648437
-9.425004577636718,139.37499389648437
-9.450004577636719,139.39999389648438
-9.475004577636719,139.525
-9.425004577636718,139.525
-9.475004577636719,139.475
-9.425004577636718,139.475
-9.450004577636719,139.5
-9.475004577636719,139.57500305175782
-9.425004577636718,139.57500305175782
-9.475004577636719,139.5250030517578
-9.425004577636718,139.5250030517578
-9.450004577636719,139.5500030517578
-9.475004577636719,140.4749969482422
-9.425004577636718,140.4749969482422
-9.475004577636719,140.42499694824218
-9.425004577636718,140.42499694824218
-9.450004577636719,140.4499969482422
-9.475004577636719,140.57500305175782
-9.425004577636718,140.57500305175782
-9.475004577636719,140.5250030517578
-9.425004577636718,140.5250030517578
-9.450004577636719,140.5500030517578
-9.475004577636719,140.62500610351563
-9.425004577636718,140.62500610351563
-9.475004577636719,140.57500610351562
-9.425004577636718,140.57500610351562
-9.450004577636719,140.60000610351562
-9.525,114.32500305175782
-9.475,114.32500305175782
-9.525,114.2750030517578
-9.475,114.2750030517578
-9.5,114.30000305175781
-9.525,114.4749969482422
-9.475,114.4749969482422
-9.525,114.42499694824218
-9.475,114.42499694824218
-9.5,114.44999694824219
-9.525,114.57500305175782
-9.475,114.57500305175782
-9.525,114.5250030517578
-9.475,114.5250030517578
-9.5,114.55000305175781
-9.525,114.62500610351563
-9.475,114.62500610351563
-9.525,114.57500610351562
-9.475,114.57500610351562
-9.5,114.60000610351562
-9.525,114.67500152587891
-9.475,114.67500152587891
-9.525,114.6250015258789
-9.475,114.6250015258789
-9.5,114.6500015258789
-9.525,114.7249969482422
-9.475,114.7249969482422
-9.525,114.67499694824218
-9.475,114.67499694824218
-9.5,114.69999694824219
-9.525,115.92500152587891
-9.475,115.92500152587891
-9.525,115.8750015258789
-9.475,115.8750015258789
-9.5,115.9000015258789
-9.525,134.67499389648438
-9.475,134.67499389648438
-9.525,134.62499389648437
-9.475,134.62499389648437
-9.5,134.64999389648438
-9.525,136.9749969482422
-9.475,136.9749969482422
-9.525,136.92499694824218
-9.475,136.92499694824218
-9.5,136.9499969482422
-9.525,137.025
-9.475,137.025
-9.525,136.975
-9.475,136.975
-9.5,137.0
-9.525,137.07500305175782
-9.475,137.07500305175782
-9.525,137.0250030517578
-9.475,137.0250030517578
-9.5,137.0500030517578
-9.525,137.12500610351563
-9.475,137.12500610351563
-9.525,137.07500610351562
-9.475,137.07500610351562
-9.5,137.10000610351562
-9.525,137.17499389648438
-9.475,137.17499389648438
-9.525,137.12499389648437
-9.475,137.12499389648437
-9.5,137.14999389648438
-9.525,137.2249969482422
-9.475,137.2249969482422
-9.525,137.17499694824218
-9.475,137.17499694824218
-9.5,137.1999969482422
-9.525,137.275
-9.475,137.275
-9.525,137.225
-9.475,137.225
-9.5,137.25
-9.525,137.32500305175782
-9.475,137.32500305175782
-9.525,137.2750030517578
-9.475,137.2750030517578
-9.5,137.3000030517578
-9.525,137.37500610351563
-9.475,137.37500610351563
-9.525,137.32500610351562
-9.475,137.32500610351562
-9.5,137.35000610351562
-9.525,137.42499389648438
-9.475,137.42499389648438
-9.525,137.37499389648437
-9.475,137.37499389648437
-9.5,137.39999389648438
-9.525,137.4749969482422
-9.475,137.4749969482422
-9.525,137.42499694824218
-9.475,137.42499694824218
-9.5,137.4499969482422
-9.525,137.525
-9.475,137.525
-9.525,137.475
-9.475,137.475
-9.5,137.5
-9.525,137.775
-9.475,137.775
-9.525,137.725
-9.475,137.725
-9.5,137.75
-9.525,137.92499389648438
-9.475,137.92499389648438
-9.525,137.87499389648437
-9.475,137.87499389648437
-9.5,137.89999389648438
-9.525,139.57500305175782
-9.475,139.57500305175782
-9.525,139.5250030517578
-9.475,139.5250030517578
-9.5,139.5500030517578
-9.525,139.62500610351563
-9.475,139.62500610351563
-9.525,139.57500610351562
-9.475,139.57500610351562
-9.5,139.60000610351562
-9.525,139.67499389648438
-9.475,139.67499389648438
-9.525,139.62499389648437
-9.475,139.62499389648437
-9.5,139.64999389648438
-9.525,139.7249969482422
-9.475,139.7249969482422
-9.525,139.67499694824218
-9.475,139.67499694824218
-9.5,139.6999969482422
-9.525,140.57500305175782
-9.475,140.57500305175782
-9.525,140.5250030517578
-9.475,140.5250030517578
-9.5,140.5500030517578
-9.525,140.62500610351563
-9.475,140.62500610351563
-9.525,140.57500610351562
-9.475,140.57500610351562
-9.5,140.60000610351562
-9.575003051757813,114.42500152587891
-9.525003051757812,114.42500152587891
-9.575003051757813,114.3750015258789
-9.525003051757812,114.3750015258789
-9.550003051757812,114.4000015258789
-9.575003051757813,114.4749969482422
-9.525003051757812,114.4749969482422
-9.575003051757813,114.42499694824218
-9.525003051757812,114.42499694824218
-9.550003051757812,114.44999694824219
-9.575003051757813,114.57500305175782
-9.525003051757812,114.57500305175782
-9.575003051757813,114.5250030517578
-9.525003051757812,114.5250030517578
-9.550003051757812,114.55000305175781
-9.575003051757813,114.67500152587891
-9.525003051757812,114.67500152587891
-9.575003051757813,114.6250015258789
-9.525003051757812,114.6250015258789
-9.550003051757812,114.6500015258789
-9.575003051757813,136.92499389648438
-9.525003051757812,136.92499389648438
-9.575003051757813,136.87499389648437
-9.525003051757812,136.87499389648437
-9.550003051757812,136.89999389648438
-9.575003051757813,137.07500305175782
-9.525003051757812,137.07500305175782
-9.575003051757813,137.0250030517578
-9.525003051757812,137.0250030517578
-9.550003051757812,137.0500030517578
-9.575003051757813,137.12500610351563
-9.525003051757812,137.12500610351563
-9.575003051757813,137.07500610351562
-9.525003051757812,137.07500610351562
-9.550003051757812,137.10000610351562
-9.575003051757813,137.17499389648438
-9.525003051757812,137.17499389648438
-9.575003051757813,137.12499389648437
-9.525003051757812,137.12499389648437
-9.550003051757812,137.14999389648438
-9.575003051757813,137.2249969482422
-9.525003051757812,137.2249969482422
-9.575003051757813,137.17499694824218
-9.525003051757812,137.17499694824218
-9.550003051757812,137.1999969482422
-9.575003051757813,137.275
-9.525003051757812,137.275
-9.575003051757813,137.225
-9.525003051757812,137.225
-9.550003051757812,137.25
-9.575003051757813,137.32500305175782
-9.525003051757812,137.32500305175782
-9.575003051757813,137.2750030517578
-9.525003051757812,137.2750030517578
-9.550003051757812,137.3000030517578
-9.575003051757813,137.37500610351563
-9.525003051757812,137.37500610351563
-9.575003051757813,137.32500610351562
-9.525003051757812,137.32500610351562
-9.550003051757812,137.35000610351562
-9.575003051757813,137.42499389648438
-9.525003051757812,137.42499389648438
-9.575003051757813,137.37499389648437
-9.525003051757812,137.37499389648437
-9.550003051757812,137.39999389648438
-9.575003051757813,137.4749969482422
-9.525003051757812,137.4749969482422
-9.575003051757813,137.42499694824218
-9.525003051757812,137.42499694824218
-9.550003051757812,137.4499969482422
-9.575003051757813,137.525
-9.525003051757812,137.525
-9.575003051757813,137.475
-9.525003051757812,137.475
-9.550003051757812,137.5
-9.575003051757813,137.775
-9.525003051757812,137.775
-9.575003051757813,137.725
-9.525003051757812,137.725
-9.550003051757812,137.75
-9.575003051757813,137.82500305175782
-9.525003051757812,137.82500305175782
-9.575003051757813,137.7750030517578
-9.525003051757812,137.7750030517578
-9.550003051757812,137.8000030517578
-9.575003051757813,137.92499389648438
-9.525003051757812,137.92499389648438
-9.575003051757813,137.87499389648437
-9.525003051757812,137.87499389648437
-9.550003051757812,137.89999389648438
-9.575003051757813,139.62500610351563
-9.525003051757812,139.62500610351563
-9.575003051757813,139.57500610351562
-9.525003051757812,139.57500610351562
-9.550003051757812,139.60000610351562
-9.575003051757813,139.67499389648438
-9.525003051757812,139.67499389648438
-9.575003051757813,139.62499389648437
-9.525003051757812,139.62499389648437
-9.550003051757812,139.64999389648438
-9.575003051757813,139.7249969482422
-9.525003051757812,139.7249969482422
-9.575003051757813,139.67499694824218
-9.525003051757812,139.67499694824218
-9.550003051757812,139.6999969482422
-9.575003051757813,139.775
-9.525003051757812,139.775
-9.575003051757813,139.725
-9.525003051757812,139.725
-9.550003051757812,139.75
-9.575003051757813,139.82500305175782
-9.525003051757812,139.82500305175782
-9.575003051757813,139.7750030517578
-9.525003051757812,139.7750030517578
-9.550003051757812,139.8000030517578
-9.575003051757813,140.57500305175782
-9.525003051757812,140.57500305175782
-9.575003051757813,140.5250030517578
-9.525003051757812,140.5250030517578
-9.550003051757812,140.5500030517578
-9.575003051757813,140.62500610351563
-9.525003051757812,140.62500610351563
-9.575003051757813,140.57500610351562
-9.525003051757812,140.57500610351562
-9.550003051757812,140.60000610351562
-9.624998474121094,114.4749969482422
-9.574998474121093,114.4749969482422
-9.624998474121094,114.42499694824218
-9.574998474121093,114.42499694824218
-9.599998474121094,114.44999694824219
-9.624998474121094,114.525
-9.574998474121093,114.525
-9.624998474121094,114.475
-9.574998474121093,114.475
-9.599998474121094,114.5
-9.624998474121094,114.57500305175782
-9.574998474121093,114.57500305175782
-9.624998474121094,114.5250030517578
-9.574998474121093,114.5250030517578
-9.599998474121094,114.55000305175781
-9.624998474121094,114.62500610351563
-9.574998474121093,114.62500610351563
-9.624998474121094,114.57500610351562
-9.574998474121093,114.57500610351562
-9.599998474121094,114.60000610351562
-9.624998474121094,136.92499389648438
-9.574998474121093,136.92499389648438
-9.624998474121094,136.87499389648437
-9.574998474121093,136.87499389648437
-9.599998474121094,136.89999389648438
-9.624998474121094,136.9749969482422
-9.574998474121093,136.9749969482422
-9.624998474121094,136.92499694824218
-9.574998474121093,136.92499694824218
-9.599998474121094,136.9499969482422
-9.624998474121094,137.025
-9.574998474121093,137.025
-9.624998474121094,136.975
-9.574998474121093,136.975
-9.599998474121094,137.0
-9.624998474121094,137.07500305175782
-9.574998474121093,137.07500305175782
-9.624998474121094,137.0250030517578
-9.574998474121093,137.0250030517578
-9.599998474121094,137.0500030517578
-9.624998474121094,137.12500610351563
-9.574998474121093,137.12500610351563
-9.624998474121094,137.07500610351562
-9.574998474121093,137.07500610351562
-9.599998474121094,137.10000610351562
-9.624998474121094,137.17499389648438
-9.574998474121093,137.17499389648438
-9.624998474121094,137.12499389648437
-9.574998474121093,137.12499389648437
-9.599998474121094,137.14999389648438
-9.624998474121094,137.32500305175782
-9.574998474121093,137.32500305175782
-9.624998474121094,137.2750030517578
-9.574998474121093,137.2750030517578
-9.599998474121094,137.3000030517578
-9.624998474121094,137.37500610351563
-9.574998474121093,137.37500610351563
-9.624998474121094,137.32500610351562
-9.574998474121093,137.32500610351562
-9.599998474121094,137.35000610351562
-9.624998474121094,137.42499389648438
-9.574998474121093,137.42499389648438
-9.624998474121094,137.37499389648437
-9.574998474121093,137.37499389648437
-9.599998474121094,137.39999389648438
-9.624998474121094,137.4749969482422
-9.574998474121093,137.4749969482422
-9.624998474121094,137.42499694824218
-9.574998474121093,137.42499694824218
-9.599998474121094,137.4499969482422
-9.624998474121094,137.525
-9.574998474121093,137.525
-9.624998474121094,137.475
-9.574998474121093,137.475
-9.599998474121094,137.5
-9.624998474121094,137.775
-9.574998474121093,137.775
-9.624998474121094,137.725
-9.574998474121093,137.725
-9.599998474121094,137.75
-9.624998474121094,139.4749969482422
-9.574998474121093,139.4749969482422
-9.624998474121094,139.42499694824218
-9.574998474121093,139.42499694824218
-9.599998474121094,139.4499969482422
-9.624998474121094,139.525
-9.574998474121093,139.525
-9.624998474121094,139.475
-9.574998474121093,139.475
-9.599998474121094,139.5
-9.624998474121094,139.62500610351563
-9.574998474121093,139.62500610351563
-9.624998474121094,139.57500610351562
-9.574998474121093,139.57500610351562
-9.599998474121094,139.60000610351562
-9.624998474121094,139.67499389648438
-9.574998474121093,139.67499389648438
-9.624998474121094,139.62499389648437
-9.574998474121093,139.62499389648437
-9.599998474121094,139.64999389648438
-9.624998474121094,139.87500610351563
-9.574998474121093,139.87500610351563
-9.624998474121094,139.82500610351562
-9.574998474121093,139.82500610351562
-9.599998474121094,139.85000610351562
-9.624998474121094,140.67499389648438
-9.574998474121093,140.67499389648438
-9.624998474121094,140.62499389648437
-9.574998474121093,140.62499389648437
-9.599998474121094,140.64999389648438
-9.675001525878907,114.4749969482422
-9.625001525878906,114.4749969482422
-9.675001525878907,114.42499694824218
-9.625001525878906,114.42499694824218
-9.650001525878906,114.44999694824219
-9.675001525878907,114.525
-9.625001525878906,114.525
-9.675001525878907,114.475
-9.625001525878906,114.475
-9.650001525878906,114.5
-9.675001525878907,119.025
-9.625001525878906,119.025
-9.675001525878907,118.975
-9.625001525878906,118.975
-9.650001525878906,119.0
-9.675001525878907,136.775
-9.625001525878906,136.775
-9.675001525878907,136.725
-9.625001525878906,136.725
-9.650001525878906,136.75
-9.675001525878907,136.87500610351563
-9.625001525878906,136.87500610351563
-9.675001525878907,136.82500610351562
-9.625001525878906,136.82500610351562
-9.650001525878906,136.85000610351562
-9.675001525878907,136.9749969482422
-9.625001525878906,136.9749969482422
-9.675001525878907,136.92499694824218
-9.625001525878906,136.92499694824218
-9.650001525878906,136.9499969482422
-9.675001525878907,137.025
-9.625001525878906,137.025
-9.675001525878907,136.975
-9.625001525878906,136.975
-9.650001525878906,137.0
-9.675001525878907,137.07500305175782
-9.625001525878906,137.07500305175782
-9.675001525878907,137.0250030517578
-9.625001525878906,137.0250030517578
-9.650001525878906,137.0500030517578
-9.675001525878907,137.2249969482422
-9.625001525878906,137.2249969482422
-9.675001525878907,137.17499694824218
-9.625001525878906,137.17499694824218
-9.650001525878906,137.1999969482422
-9.675001525878907,137.275
-9.625001525878906,137.275
-9.675001525878907,137.225
-9.625001525878906,137.225
-9.650001525878906,137.25
-9.675001525878907,137.32500305175782
-9.625001525878906,137.32500305175782
-9.675001525878907,137.2750030517578
-9.625001525878906,137.2750030517578
-9.650001525878906,137.3000030517578
-9.675001525878907,137.37500610351563
-9.625001525878906,137.37500610351563
-9.675001525878907,137.32500610351562
-9.625001525878906,137.32500610351562
-9.650001525878906,137.35000610351562
-9.675001525878907,137.42499389648438
-9.625001525878906,137.42499389648438
-9.675001525878907,137.37499389648437
-9.625001525878906,137.37499389648437
-9.650001525878906,137.39999389648438
-9.675001525878907,137.4749969482422
-9.625001525878906,137.4749969482422
-9.675001525878907,137.42499694824218
-9.625001525878906,137.42499694824218
-9.650001525878906,137.4499969482422
-9.675001525878907,137.525
-9.625001525878906,137.525
-9.675001525878907,137.475
-9.625001525878906,137.475
-9.650001525878906,137.5
-9.675001525878907,137.775
-9.625001525878906,137.775
-9.675001525878907,137.725
-9.625001525878906,137.725
-9.650001525878906,137.75
-9.675001525878907,137.82500305175782
-9.625001525878906,137.82500305175782
-9.675001525878907,137.7750030517578
-9.625001525878906,137.7750030517578
-9.650001525878906,137.8000030517578
-9.675001525878907,138.12500610351563
-9.625001525878906,138.12500610351563
-9.675001525878907,138.07500610351562
-9.625001525878906,138.07500610351562
-9.650001525878906,138.10000610351562
-9.675001525878907,139.62500610351563
-9.625001525878906,139.62500610351563
-9.675001525878907,139.57500610351562
-9.625001525878906,139.57500610351562
-9.650001525878906,139.60000610351562
-9.675001525878907,139.7249969482422
-9.625001525878906,139.7249969482422
-9.675001525878907,139.67499694824218
-9.625001525878906,139.67499694824218
-9.650001525878906,139.6999969482422
-9.675001525878907,139.87500610351563
-9.625001525878906,139.87500610351563
-9.675001525878907,139.82500610351562
-9.625001525878906,139.82500610351562
-9.650001525878906,139.85000610351562
-9.675001525878907,139.92499389648438
-9.625001525878906,139.92499389648438
-9.675001525878907,139.87499389648437
-9.625001525878906,139.87499389648437
-9.650001525878906,139.89999389648438
-9.675001525878907,140.775
-9.625001525878906,140.775
-9.675001525878907,140.725
-9.625001525878906,140.725
-9.650001525878906,140.75
-9.725004577636719,114.57500305175782
-9.675004577636718,114.57500305175782
-9.725004577636719,114.5250030517578
-9.675004577636718,114.5250030517578
-9.700004577636719,114.55000305175781
-9.725004577636719,136.87500610351563
-9.675004577636718,136.87500610351563
-9.725004577636719,136.82500610351562
-9.675004577636718,136.82500610351562
-9.700004577636719,136.85000610351562
-9.725004577636719,136.92499389648438
-9.675004577636718,136.92499389648438
-9.725004577636719,136.87499389648437
-9.675004577636718,136.87499389648437
-9.700004577636719,136.89999389648438
-9.725004577636719,136.9749969482422
-9.675004577636718,136.9749969482422
-9.725004577636719,136.92499694824218
-9.675004577636718,136.92499694824218
-9.700004577636719,136.9499969482422
-9.725004577636719,137.025
-9.675004577636718,137.025
-9.725004577636719,136.975
-9.675004577636718,136.975
-9.700004577636719,137.0
-9.725004577636719,137.07500305175782
-9.675004577636718,137.07500305175782
-9.725004577636719,137.0250030517578
-9.675004577636718,137.0250030517578
-9.700004577636719,137.0500030517578
-9.725004577636719,137.12500610351563
-9.675004577636718,137.12500610351563
-9.725004577636719,137.07500610351562
-9.675004577636718,137.07500610351562
-9.700004577636719,137.10000610351562
-9.725004577636719,137.17499389648438
-9.675004577636718,137.17499389648438
-9.725004577636719,137.12499389648437
-9.675004577636718,137.12499389648437
-9.700004577636719,137.14999389648438
-9.725004577636719,137.2249969482422
-9.675004577636718,137.2249969482422
-9.725004577636719,137.17499694824218
-9.675004577636718,137.17499694824218
-9.700004577636719,137.1999969482422
-9.725004577636719,137.275
-9.675004577636718,137.275
-9.725004577636719,137.225
-9.675004577636718,137.225
-9.700004577636719,137.25
-9.725004577636719,137.32500305175782
-9.675004577636718,137.32500305175782
-9.725004577636719,137.2750030517578
-9.675004577636718,137.2750030517578
-9.700004577636719,137.3000030517578
-9.725004577636719,137.37500610351563
-9.675004577636718,137.37500610351563
-9.725004577636719,137.32500610351562
-9.675004577636718,137.32500610351562
-9.700004577636719,137.35000610351562
-9.725004577636719,137.42499389648438
-9.675004577636718,137.42499389648438
-9.725004577636719,137.37499389648437
-9.675004577636718,137.37499389648437
-9.700004577636719,137.39999389648438
-9.725004577636719,137.4749969482422
-9.675004577636718,137.4749969482422
-9.725004577636719,137.42499694824218
-9.675004577636718,137.42499694824218
-9.700004577636719,137.4499969482422
-9.725004577636719,137.525
-9.675004577636718,137.525
-9.725004577636719,137.475
-9.675004577636718,137.475
-9.700004577636719,137.5
-9.725004577636719,137.57500305175782
-9.675004577636718,137.57500305175782
-9.725004577636719,137.5250030517578
-9.675004577636718,137.5250030517578
-9.700004577636719,137.5500030517578
-9.725004577636719,137.775
-9.675004577636718,137.775
-9.725004577636719,137.725
-9.675004577636718,137.725
-9.700004577636719,137.75
-9.725004577636719,137.82500305175782
-9.675004577636718,137.82500305175782
-9.725004577636719,137.7750030517578
-9.675004577636718,137.7750030517578
-9.700004577636719,137.8000030517578
-9.725004577636719,137.92499389648438
-9.675004577636718,137.92499389648438
-9.725004577636719,137.87499389648437
-9.675004577636718,137.87499389648437
-9.700004577636719,137.89999389648438
-9.725004577636719,139.57500305175782
-9.675004577636718,139.57500305175782
-9.725004577636719,139.5250030517578
-9.675004577636718,139.5250030517578
-9.700004577636719,139.5500030517578
-9.725004577636719,139.62500610351563
-9.675004577636718,139.62500610351563
-9.725004577636719,139.57500610351562
-9.675004577636718,139.57500610351562
-9.700004577636719,139.60000610351562
-9.725004577636719,139.775
-9.675004577636718,139.775
-9.725004577636719,139.725
-9.675004577636718,139.725
-9.700004577636719,139.75
-9.725004577636719,139.87500610351563
-9.675004577636718,139.87500610351563
-9.725004577636719,139.82500610351562
-9.675004577636718,139.82500610351562
-9.700004577636719,139.85000610351562
-9.725004577636719,140.82500305175782
-9.675004577636718,140.82500305175782
-9.725004577636719,140.7750030517578
-9.675004577636718,140.7750030517578
-9.700004577636719,140.8000030517578
-9.725004577636719,140.87500610351563
-9.675004577636718,140.87500610351563
-9.725004577636719,140.82500610351562
-9.675004577636718,140.82500610351562
-9.700004577636719,140.85000610351562
-9.725004577636719,140.92499389648438
-9.675004577636718,140.92499389648438
-9.725004577636719,140.87499389648437
-9.675004577636718,140.87499389648437
-9.700004577636719,140.89999389648438
-9.725004577636719,140.9749969482422
-9.675004577636718,140.9749969482422
-9.725004577636719,140.92499694824218
-9.675004577636718,140.92499694824218
-9.700004577636719,140.9499969482422
-9.775,135.025
-9.725,135.025
-9.775,134.975
-9.725,134.975
-9.75,135.0
-9.775,136.9749969482422
-9.725,136.9749969482422
-9.775,136.92499694824218
-9.725,136.92499694824218
-9.75,136.9499969482422
-9.775,137.025
-9.725,137.025
-9.775,136.975
-9.725,136.975
-9.75,137.0
-9.775,137.07500305175782
-9.725,137.07500305175782
-9.775,137.0250030517578
-9.725,137.0250030517578
-9.75,137.0500030517578
-9.775,137.12500610351563
-9.725,137.12500610351563
-9.775,137.07500610351562
-9.725,137.07500610351562
-9.75,137.10000610351562
-9.775,137.17499389648438
-9.725,137.17499389648438
-9.775,137.12499389648437
-9.725,137.12499389648437
-9.75,137.14999389648438
-9.775,137.2249969482422
-9.725,137.2249969482422
-9.775,137.17499694824218
-9.725,137.17499694824218
-9.75,137.1999969482422
-9.775,137.275
-9.725,137.275
-9.775,137.225
-9.725,137.225
-9.75,137.25
-9.775,137.32500305175782
-9.725,137.32500305175782
-9.775,137.2750030517578
-9.725,137.2750030517578
-9.75,137.3000030517578
-9.775,137.42499389648438
-9.725,137.42499389648438
-9.775,137.37499389648437
-9.725,137.37499389648437
-9.75,137.39999389648438
-9.775,137.4749969482422
-9.725,137.4749969482422
-9.775,137.42499694824218
-9.725,137.42499694824218
-9.75,137.4499969482422
-9.775,137.525
-9.725,137.525
-9.775,137.475
-9.725,137.475
-9.75,137.5
-9.775,137.775
-9.725,137.775
-9.775,137.725
-9.725,137.725
-9.75,137.75
-9.775,137.92499389648438
-9.725,137.92499389648438
-9.775,137.87499389648437
-9.725,137.87499389648437
-9.75,137.89999389648438
-9.775,139.17499389648438
-9.725,139.17499389648438
-9.775,139.12499389648437
-9.725,139.12499389648437
-9.75,139.14999389648438
-9.775,139.9749969482422
-9.725,139.9749969482422
-9.775,139.92499694824218
-9.725,139.92499694824218
-9.75,139.9499969482422
-9.775,140.87500610351563
-9.725,140.87500610351563
-9.775,140.82500610351562
-9.725,140.82500610351562
-9.75,140.85000610351562
-9.775,140.92499389648438
-9.725,140.92499389648438
-9.775,140.87499389648437
-9.725,140.87499389648437
-9.75,140.89999389648438
-9.775,140.9749969482422
-9.725,140.9749969482422
-9.775,140.92499694824218
-9.725,140.92499694824218
-9.75,140.9499969482422
-9.775,141.025
-9.725,141.025
-9.775,140.975
-9.725,140.975
-9.75,141.0
-9.775,141.07500305175782
-9.725,141.07500305175782
-9.775,141.0250030517578
-9.725,141.0250030517578
-9.75,141.0500030517578
-9.775,141.12500610351563
-9.725,141.12500610351563
-9.775,141.07500610351562
-9.725,141.07500610351562
-9.75,141.10000610351562
-9.825003051757813,137.12500610351563
-9.775003051757812,137.12500610351563
-9.825003051757813,137.07500610351562
-9.775003051757812,137.07500610351562
-9.800003051757812,137.10000610351562
-9.825003051757813,137.17499389648438
-9.775003051757812,137.17499389648438
-9.825003051757813,137.12499389648437
-9.775003051757812,137.12499389648437
-9.800003051757812,137.14999389648438
-9.825003051757813,137.275
-9.775003051757812,137.275
-9.825003051757813,137.225
-9.775003051757812,137.225
-9.800003051757812,137.25
-9.825003051757813,137.32500305175782
-9.775003051757812,137.32500305175782
-9.825003051757813,137.2750030517578
-9.775003051757812,137.2750030517578
-9.800003051757812,137.3000030517578
-9.825003051757813,137.37500610351563
-9.775003051757812,137.37500610351563
-9.825003051757813,137.32500610351562
-9.775003051757812,137.32500610351562
-9.800003051757812,137.35000610351562
-9.825003051757813,137.42499389648438
-9.775003051757812,137.42499389648438
-9.825003051757813,137.37499389648437
-9.775003051757812,137.37499389648437
-9.800003051757812,137.39999389648438
-9.825003051757813,137.4749969482422
-9.775003051757812,137.4749969482422
-9.825003051757813,137.42499694824218
-9.775003051757812,137.42499694824218
-9.800003051757812,137.4499969482422
-9.825003051757813,137.775
-9.775003051757812,137.775
-9.825003051757813,137.725
-9.775003051757812,137.725
-9.800003051757812,137.75
-9.825003051757813,137.82500305175782
-9.775003051757812,137.82500305175782
-9.825003051757813,137.7750030517578
-9.775003051757812,137.7750030517578
-9.800003051757812,137.8000030517578
-9.825003051757813,137.87500610351563
-9.775003051757812,137.87500610351563
-9.825003051757813,137.82500610351562
-9.775003051757812,137.82500610351562
-9.800003051757812,137.85000610351562
-9.825003051757813,137.92499389648438
-9.775003051757812,137.92499389648438
-9.825003051757813,137.87499389648437
-9.775003051757812,137.87499389648437
-9.800003051757812,137.89999389648438
-9.825003051757813,137.9749969482422
-9.775003051757812,137.9749969482422
-9.825003051757813,137.92499694824218
-9.775003051757812,137.92499694824218
-9.800003051757812,137.9499969482422
-9.825003051757813,138.025
-9.775003051757812,138.025
-9.825003051757813,137.975
-9.775003051757812,137.975
-9.800003051757812,138.0
-9.825003051757813,140.9749969482422
-9.775003051757812,140.9749969482422
-9.825003051757813,140.92499694824218
-9.775003051757812,140.92499694824218
-9.800003051757812,140.9499969482422
-9.874998474121094,96.025
-9.824998474121093,96.025
-9.874998474121094,95.975
-9.824998474121093,95.975
-9.849998474121094,96.0
-9.874998474121094,114.57500305175782
-9.824998474121093,114.57500305175782
-9.874998474121094,114.5250030517578
-9.824998474121093,114.5250030517578
-9.849998474121094,114.55000305175781
-9.874998474121094,114.62500610351563
-9.824998474121093,114.62500610351563
-9.874998474121094,114.57500610351562
-9.824998474121093,114.57500610351562
-9.849998474121094,114.60000610351562
-9.874998474121094,114.82500305175782
-9.824998474121093,114.82500305175782
-9.874998474121094,114.7750030517578
-9.824998474121093,114.7750030517578
-9.849998474121094,114.80000305175781
-9.874998474121094,114.87500610351563
-9.824998474121093,114.87500610351563
-9.874998474121094,114.82500610351562
-9.824998474121093,114.82500610351562
-9.849998474121094,114.85000610351562
-9.874998474121094,137.12500610351563
-9.824998474121093,137.12500610351563
-9.874998474121094,137.07500610351562
-9.824998474121093,137.07500610351562
-9.849998474121094,137.10000610351562
-9.874998474121094,137.17499389648438
-9.824998474121093,137.17499389648438
-9.874998474121094,137.12499389648437
-9.824998474121093,137.12499389648437
-9.849998474121094,137.14999389648438
-9.874998474121094,137.2249969482422
-9.824998474121093,137.2249969482422
-9.874998474121094,137.17499694824218
-9.824998474121093,137.17499694824218
-9.849998474121094,137.1999969482422
-9.874998474121094,137.275
-9.824998474121093,137.275
-9.874998474121094,137.225
-9.824998474121093,137.225
-9.849998474121094,137.25
-9.874998474121094,137.37500610351563
-9.824998474121093,137.37500610351563
-9.874998474121094,137.32500610351562
-9.824998474121093,137.32500610351562
-9.849998474121094,137.35000610351562
-9.874998474121094,137.42499389648438
-9.824998474121093,137.42499389648438
-9.874998474121094,137.37499389648437
-9.824998474121093,137.37499389648437
-9.849998474121094,137.39999389648438
-9.874998474121094,137.82500305175782
-9.824998474121093,137.82500305175782
-9.874998474121094,137.7750030517578
-9.824998474121093,137.7750030517578
-9.849998474121094,137.8000030517578
-9.874998474121094,137.87500610351563
-9.824998474121093,137.87500610351563
-9.874998474121094,137.82500610351562
-9.824998474121093,137.82500610351562
-9.849998474121094,137.85000610351562
-9.874998474121094,137.92499389648438
-9.824998474121093,137.92499389648438
-9.874998474121094,137.87499389648437
-9.824998474121093,137.87499389648437
-9.849998474121094,137.89999389648438
-9.874998474121094,138.17499389648438
-9.824998474121093,138.17499389648438
-9.874998474121094,138.12499389648437
-9.824998474121093,138.12499389648437
-9.849998474121094,138.14999389648438
-9.874998474121094,138.275
-9.824998474121093,138.275
-9.874998474121094,138.225
-9.824998474121093,138.225
-9.849998474121094,138.25
-9.874998474121094,139.525
-9.824998474121093,139.525
-9.874998474121094,139.475
-9.824998474121093,139.475
-9.849998474121094,139.5
-9.925001525878907,96.67500152587891
-9.875001525878906,96.67500152587891
-9.925001525878907,96.6250015258789
-9.875001525878906,96.6250015258789
-9.900001525878906,96.6500015258789
-9.925001525878907,96.8749984741211
-9.875001525878906,96.8749984741211
-9.925001525878907,96.82499847412109
-9.875001525878906,96.82499847412109
-9.900001525878906,96.8499984741211
-9.925001525878907,114.67500152587891
-9.875001525878906,114.67500152587891
-9.925001525878907,114.6250015258789
-9.875001525878906,114.6250015258789
-9.900001525878906,114.6500015258789
-9.925001525878907,114.775
-9.875001525878906,114.775
-9.925001525878907,114.725
-9.875001525878906,114.725
-9.900001525878906,114.75
-9.925001525878907,119.775
-9.875001525878906,119.775
-9.925001525878907,119.725
-9.875001525878906,119.725
-9.900001525878906,119.75
-9.925001525878907,137.17499389648438
-9.875001525878906,137.17499389648438
-9.925001525878907,137.12499389648437
-9.875001525878906,137.12499389648437
-9.900001525878906,137.14999389648438
-9.925001525878907,137.42499389648438
-9.875001525878906,137.42499389648438
-9.925001525878907,137.37499389648437
-9.875001525878906,137.37499389648437
-9.900001525878906,137.39999389648438
-9.925001525878907,137.82500305175782
-9.875001525878906,137.82500305175782
-9.925001525878907,137.7750030517578
-9.875001525878906,137.7750030517578
-9.900001525878906,137.8000030517578
-9.925001525878907,139.07500305175782
-9.875001525878906,139.07500305175782
-9.925001525878907,139.0250030517578
-9.875001525878906,139.0250030517578
-9.900001525878906,139.0500030517578
-9.925001525878907,139.32500305175782
-9.875001525878906,139.32500305175782
-9.925001525878907,139.2750030517578
-9.875001525878906,139.2750030517578
-9.900001525878906,139.3000030517578
-9.975004577636719,137.42499389648438
-9.925004577636718,137.42499389648438
-9.975004577636719,137.37499389648437
-9.925004577636718,137.37499389648437
-9.950004577636719,137.39999389648438
-9.975004577636719,137.82500305175782
-9.925004577636718,137.82500305175782
-9.975004577636719,137.7750030517578
-9.925004577636718,137.7750030517578
-9.950004577636719,137.8000030517578
-9.975004577636719,137.87500610351563
-9.925004577636718,137.87500610351563
-9.975004577636719,137.82500610351562
-9.925004577636718,137.82500610351562
-9.950004577636719,137.85000610351562
-9.975004577636719,137.92499389648438
-9.925004577636718,137.92499389648438
-9.975004577636719,137.87499389648437
-9.925004577636718,137.87499389648437
-9.950004577636719,137.89999389648438
-10.025,96.275
-9.975,96.275
-10.025,96.225
-9.975,96.225
-10.0,96.25
-10.025,137.4749969482422
-9.975,137.4749969482422
-10.025,137.42499694824218
-9.975,137.42499694824218
-10.0,137.4499969482422
-10.025,137.82500305175782
-9.975,137.82500305175782
-10.025,137.7750030517578
-9.975,137.7750030517578
-10.0,137.8000030517578
-10.025,137.87500610351563
-9.975,137.87500610351563
-10.025,137.82500610351562
-9.975,137.82500610351562
-10.0,137.85000610351562
-10.075003051757813,137.82500305175782
-10.025003051757812,137.82500305175782
-10.075003051757813,137.7750030517578
-10.025003051757812,137.7750030517578
-10.050003051757812,137.8000030517578
-10.124998474121094,137.4749969482422
-10.074998474121093,137.4749969482422
-10.124998474121094,137.42499694824218
-10.074998474121093,137.42499694824218
-10.099998474121094,137.4499969482422
-10.124998474121094,137.82500305175782
-10.074998474121093,137.82500305175782
-10.124998474121094,137.7750030517578
-10.074998474121093,137.7750030517578
-10.099998474121094,137.8000030517578
-10.175001525878907,96.6249984741211
-10.125001525878906,96.6249984741211
-10.175001525878907,96.57499847412109
-10.125001525878906,96.57499847412109
-10.150001525878906,96.5999984741211
-10.175001525878907,120.025
-10.125001525878906,120.025
-10.175001525878907,119.975
-10.125001525878906,119.975
-10.150001525878906,120.0
-10.175001525878907,137.92499389648438
-10.125001525878906,137.92499389648438
-10.175001525878907,137.87499389648437
-10.125001525878906,137.87499389648437
-10.150001525878906,137.89999389648438
-10.175001525878907,137.9749969482422
-10.125001525878906,137.9749969482422
-10.175001525878907,137.92499694824218
-10.125001525878906,137.92499694824218
-10.150001525878906,137.9499969482422
-10.175001525878907,138.025
-10.125001525878906,138.025
-10.175001525878907,137.975
-10.125001525878906,137.975
-10.150001525878906,138.0
-10.225004577636719,96.57500305175782
-10.175004577636718,96.57500305175782
-10.225004577636719,96.5250030517578
-10.175004577636718,96.5250030517578
-10.200004577636719,96.55000305175781
-10.225004577636719,98.6249984741211
-10.175004577636718,98.6249984741211
-10.225004577636719,98.57499847412109
-10.175004577636718,98.57499847412109
-10.200004577636719,98.5999984741211
-10.225004577636719,120.07500305175782
-10.175004577636718,120.07500305175782
-10.225004577636719,120.0250030517578
-10.175004577636718,120.0250030517578
-10.200004577636719,120.05000305175781
-10.225004577636719,123.37500610351563
-10.175004577636718,123.37500610351563
-10.225004577636719,123.32500610351562
-10.175004577636718,123.32500610351562
-10.200004577636719,123.35000610351562
-10.225004577636719,124.37500610351563
-10.175004577636718,124.37500610351563
-10.225004577636719,124.32500610351562
-10.175004577636718,124.32500610351562
-10.200004577636719,124.35000610351562
-10.225004577636719,137.57500305175782
-10.175004577636718,137.57500305175782
-10.225004577636719,137.5250030517578
-10.175004577636718,137.5250030517578
-10.200004577636719,137.5500030517578
-10.225004577636719,137.62500610351563
-10.175004577636718,137.62500610351563
-10.225004577636719,137.57500610351562
-10.175004577636718,137.57500610351562
-10.200004577636719,137.60000610351562
-10.225004577636719,137.87500610351563
-10.175004577636718,137.87500610351563
-10.225004577636719,137.82500610351562
-10.175004577636718,137.82500610351562
-10.200004577636719,137.85000610351562
-10.225004577636719,137.92499389648438
-10.175004577636718,137.92499389648438
-10.225004577636719,137.87499389648437
-10.175004577636718,137.87499389648437
-10.200004577636719,137.89999389648438
-10.225004577636719,137.9749969482422
-10.175004577636718,137.9749969482422
-10.225004577636719,137.92499694824218
-10.175004577636718,137.92499694824218
-10.200004577636719,137.9499969482422
-10.225004577636719,138.62500610351563
-10.175004577636718,138.62500610351563
-10.225004577636719,138.57500610351562
-10.175004577636718,138.57500610351562
-10.200004577636719,138.60000610351562
-10.225004577636719,138.7249969482422
-10.175004577636718,138.7249969482422
-10.225004577636719,138.67499694824218
-10.175004577636718,138.67499694824218
-10.200004577636719,138.6999969482422
-10.275,120.12500610351563
-10.225,120.12500610351563
-10.275,120.07500610351562
-10.225,120.07500610351562
-10.25,120.10000610351562
-10.275,123.32500305175782
-10.225,123.32500305175782
-10.275,123.2750030517578
-10.225,123.2750030517578
-10.25,123.30000305175781
-10.275,123.4749969482422
-10.225,123.4749969482422
-10.275,123.42499694824218
-10.225,123.42499694824218
-10.25,123.44999694824219
-10.275,124.17500152587891
-10.225,124.17500152587891
-10.275,124.1250015258789
-10.225,124.1250015258789
-10.25,124.1500015258789
-10.275,138.4749969482422
-10.225,138.4749969482422
-10.275,138.42499694824218
-10.225,138.42499694824218
-10.25,138.4499969482422
-10.275,138.525
-10.225,138.525
-10.275,138.475
-10.225,138.475
-10.25,138.5
-10.275,138.57500305175782
-10.225,138.57500305175782
-10.275,138.5250030517578
-10.225,138.5250030517578
-10.25,138.5500030517578
-10.275,138.62500610351563
-10.225,138.62500610351563
-10.275,138.57500610351562
-10.225,138.57500610351562
-10.25,138.60000610351562
-10.275,138.67499389648438
-10.225,138.67499389648438
-10.275,138.62499389648437
-10.225,138.62499389648437
-10.25,138.64999389648438
-10.275,138.7249969482422
-10.225,138.7249969482422
-10.275,138.67499694824218
-10.225,138.67499694824218
-10.25,138.6999969482422
-10.325003051757813,95.3749984741211
-10.275003051757812,95.3749984741211
-10.325003051757813,95.32499847412109
-10.275003051757812,95.32499847412109
-10.300003051757812,95.3499984741211
-10.325003051757813,98.57500305175782
-10.275003051757812,98.57500305175782
-10.325003051757813,98.5250030517578
-10.275003051757812,98.5250030517578
-10.300003051757812,98.55000305175781
-10.325003051757813,120.17500152587891
-10.275003051757812,120.17500152587891
-10.325003051757813,120.1250015258789
-10.275003051757812,120.1250015258789
-10.300003051757812,120.1500015258789
-10.325003051757813,120.275
-10.275003051757812,120.275
-10.325003051757813,120.225
-10.275003051757812,120.225
-10.300003051757812,120.25
-10.325003051757813,120.525
-10.275003051757812,120.525
-10.325003051757813,120.475
-10.275003051757812,120.475
-10.300003051757812,120.5
-10.325003051757813,120.57500305175782
-10.275003051757812,120.57500305175782
-10.325003051757813,120.5250030517578
-10.275003051757812,120.5250030517578
-10.300003051757812,120.55000305175781
-10.325003051757813,124.07500305175782
-10.275003051757812,124.07500305175782
-10.325003051757813,124.0250030517578
-10.275003051757812,124.0250030517578
-10.300003051757812,124.05000305175781
-10.325003051757813,137.67499389648438
-10.275003051757812,137.67499389648438
-10.325003051757813,137.62499389648437
-10.275003051757812,137.62499389648437
-10.300003051757812,137.64999389648438
-10.325003051757813,138.025
-10.275003051757812,138.025
-10.325003051757813,137.975
-10.275003051757812,137.975
-10.300003051757812,138.0
-10.325003051757813,138.2249969482422
-10.275003051757812,138.2249969482422
-10.325003051757813,138.17499694824218
-10.275003051757812,138.17499694824218
-10.300003051757812,138.1999969482422
-10.325003051757813,138.275
-10.275003051757812,138.275
-10.325003051757813,138.225
-10.275003051757812,138.225
-10.300003051757812,138.25
-10.325003051757813,138.32500305175782
-10.275003051757812,138.32500305175782
-10.325003051757813,138.2750030517578
-10.275003051757812,138.2750030517578
-10.300003051757812,138.3000030517578
-10.325003051757813,138.37500610351563
-10.275003051757812,138.37500610351563
-10.325003051757813,138.32500610351562
-10.275003051757812,138.32500610351562
-10.300003051757812,138.35000610351562
-10.325003051757813,138.4749969482422
-10.275003051757812,138.4749969482422
-10.325003051757813,138.42499694824218
-10.275003051757812,138.42499694824218
-10.300003051757812,138.4499969482422
-10.325003051757813,138.57500305175782
-10.275003051757812,138.57500305175782
-10.325003051757813,138.5250030517578
-10.275003051757812,138.5250030517578
-10.300003051757812,138.5500030517578
-10.325003051757813,138.62500610351563
-10.275003051757812,138.62500610351563
-10.325003051757813,138.57500610351562
-10.275003051757812,138.57500610351562
-10.300003051757812,138.60000610351562
-10.325003051757813,138.67499389648438
-10.275003051757812,138.67499389648438
-10.325003051757813,138.62499389648437
-10.275003051757812,138.62499389648437
-10.300003051757812,138.64999389648438
-10.325003051757813,138.7249969482422
-10.275003051757812,138.7249969482422
-10.325003051757813,138.67499694824218
-10.275003051757812,138.67499694824218
-10.300003051757812,138.6999969482422
-10.374998474121094,135.62500610351563
-10.324998474121093,135.62500610351563
-10.374998474121094,135.57500610351562
-10.324998474121093,135.57500610351562
-10.349998474121094,135.60000610351562
-10.374998474121094,135.67499389648438
-10.324998474121093,135.67499389648438
-10.374998474121094,135.62499389648437
-10.324998474121093,135.62499389648437
-10.349998474121094,135.64999389648438
-10.374998474121094,137.67499389648438
-10.324998474121093,137.67499389648438
-10.374998474121094,137.62499389648437
-10.324998474121093,137.62499389648437
-10.349998474121094,137.64999389648438
-10.374998474121094,138.62500610351563
-10.324998474121093,138.62500610351563
-10.374998474121094,138.57500610351562
-10.324998474121093,138.57500610351562
-10.349998474121094,138.60000610351562
-10.374998474121094,138.67499389648438
-10.324998474121093,138.67499389648438
-10.374998474121094,138.62499389648437
-10.324998474121093,138.62499389648437
-10.349998474121094,138.64999389648438
-10.374998474121094,138.7249969482422
-10.324998474121093,138.7249969482422
-10.374998474121094,138.67499694824218
-10.324998474121093,138.67499694824218
-10.349998474121094,138.6999969482422
-10.374998474121094,138.775
-10.324998474121093,138.775
-10.374998474121094,138.725
-10.324998474121093,138.725
-10.349998474121094,138.75
-10.425001525878907,123.67500152587891
-10.375001525878906,123.67500152587891
-10.425001525878907,123.6250015258789
-10.375001525878906,123.6250015258789
-10.400001525878906,123.6500015258789
-10.425001525878907,123.7249969482422
-10.375001525878906,123.7249969482422
-10.425001525878907,123.67499694824218
-10.375001525878906,123.67499694824218
-10.400001525878906,123.69999694824219
-10.425001525878907,135.62500610351563
-10.375001525878906,135.62500610351563
-10.425001525878907,135.57500610351562
-10.375001525878906,135.57500610351562
-10.400001525878906,135.60000610351562
-10.425001525878907,135.67499389648438
-10.375001525878906,135.67499389648438
-10.425001525878907,135.62499389648437
-10.375001525878906,135.62499389648437
-10.400001525878906,135.64999389648438
-10.425001525878907,137.67499389648438
-10.375001525878906,137.67499389648438
-10.425001525878907,137.62499389648437
-10.375001525878906,137.62499389648437
-10.400001525878906,137.64999389648438
-10.425001525878907,138.62500610351563
-10.375001525878906,138.62500610351563
-10.425001525878907,138.57500610351562
-10.375001525878906,138.57500610351562
-10.400001525878906,138.60000610351562
-10.425001525878907,138.67499389648438
-10.375001525878906,138.67499389648438
-10.425001525878907,138.62499389648437
-10.375001525878906,138.62499389648437
-10.400001525878906,138.64999389648438
-10.425001525878907,138.7249969482422
-10.375001525878906,138.7249969482422
-10.425001525878907,138.67499694824218
-10.375001525878906,138.67499694824218
-10.400001525878906,138.6999969482422
-10.425001525878907,138.775
-10.375001525878906,138.775
-10.425001525878907,138.725
-10.375001525878906,138.725
-10.400001525878906,138.75
-10.475004577636719,97.025
-10.425004577636718,97.025
-10.475004577636719,96.975
-10.425004577636718,96.975
-10.450004577636719,97.0
-10.475004577636719,120.42500152587891
-10.425004577636718,120.42500152587891
-10.475004577636719,120.3750015258789
-10.425004577636718,120.3750015258789
-10.450004577636719,120.4000015258789
-10.475004577636719,123.62500610351563
-10.425004577636718,123.62500610351563
-10.475004577636719,123.57500610351562
-10.425004577636718,123.57500610351562
-10.450004577636719,123.60000610351562
-10.475004577636719,137.62500610351563
-10.425004577636718,137.62500610351563
-10.475004577636719,137.57500610351562
-10.425004577636718,137.57500610351562
-10.450004577636719,137.60000610351562
-10.475004577636719,138.82500305175782
-10.425004577636718,138.82500305175782
-10.475004577636719,138.7750030517578
-10.425004577636718,138.7750030517578
-10.450004577636719,138.8000030517578
-10.525,123.4749969482422
-10.475,123.4749969482422
-10.525,123.42499694824218
-10.475,123.42499694824218
-10.5,123.44999694824219
-10.525,138.82500305175782
-10.475,138.82500305175782
-10.525,138.7750030517578
-10.475,138.7750030517578
-10.5,138.8000030517578
-10.525,138.87500610351563
-10.475,138.87500610351563
-10.525,138.82500610351562
-10.475,138.82500610351562
-10.5,138.85000610351562
-10.575003051757813,122.025
-10.525003051757812,122.025
-10.575003051757813,121.975
-10.525003051757812,121.975
-10.550003051757812,122.0
-10.575003051757813,131.82500305175782
-10.525003051757812,131.82500305175782
-10.575003051757813,131.7750030517578
-10.525003051757812,131.7750030517578
-10.550003051757812,131.8000030517578
-10.575003051757813,131.87500610351563
-10.525003051757812,131.87500610351563
-10.575003051757813,131.82500610351562
-10.525003051757812,131.82500610351562
-10.550003051757812,131.85000610351562
-10.575003051757813,131.92499389648438
-10.525003051757812,131.92499389648438
-10.575003051757813,131.87499389648437
-10.525003051757812,131.87499389648437
-10.550003051757812,131.89999389648438
-10.575003051757813,138.62500610351563
-10.525003051757812,138.62500610351563
-10.575003051757813,138.57500610351562
-10.525003051757812,138.57500610351562
-10.550003051757812,138.60000610351562
-10.575003051757813,138.775
-10.525003051757812,138.775
-10.575003051757813,138.725
-10.525003051757812,138.725
-10.550003051757812,138.75
-10.575003051757813,138.87500610351563
-10.525003051757812,138.87500610351563
-10.575003051757813,138.82500610351562
-10.525003051757812,138.82500610351562
-10.550003051757812,138.85000610351562
-10.575003051757813,138.92499389648438
-10.525003051757812,138.92499389648438
-10.575003051757813,138.87499389648437
-10.525003051757812,138.87499389648437
-10.550003051757812,138.89999389648438
-10.624998474121094,132.07500305175782
-10.574998474121093,132.07500305175782
-10.624998474121094,132.0250030517578
-10.574998474121093,132.0250030517578
-10.599998474121094,132.0500030517578
-10.624998474121094,132.7249969482422
-10.574998474121093,132.7249969482422
-10.624998474121094,132.67499694824218
-10.574998474121093,132.67499694824218
-10.599998474121094,132.6999969482422
-10.624998474121094,138.82500305175782
-10.574998474121093,138.82500305175782
-10.624998474121094,138.7750030517578
-10.574998474121093,138.7750030517578
-10.599998474121094,138.8000030517578
-10.675001525878907,121.525
-10.625001525878906,121.525
-10.675001525878907,121.475
-10.625001525878906,121.475
-10.650001525878906,121.5
-10.675001525878907,131.7249969482422
-10.625001525878906,131.7249969482422
-10.675001525878907,131.67499694824218
-10.625001525878906,131.67499694824218
-10.650001525878906,131.6999969482422
-10.675001525878907,131.775
-10.625001525878906,131.775
-10.675001525878907,131.725
-10.625001525878906,131.725
-10.650001525878906,131.75
-10.675001525878907,131.82500305175782
-10.625001525878906,131.82500305175782
-10.675001525878907,131.7750030517578
-10.625001525878906,131.7750030517578
-10.650001525878906,131.8000030517578
-10.675001525878907,131.87500610351563
-10.625001525878906,131.87500610351563
-10.675001525878907,131.82500610351562
-10.625001525878906,131.82500610351562
-10.650001525878906,131.85000610351562
-10.675001525878907,132.7249969482422
-10.625001525878906,132.7249969482422
-10.675001525878907,132.67499694824218
-10.625001525878906,132.67499694824218
-10.650001525878906,132.6999969482422
-10.675001525878907,132.775
-10.625001525878906,132.775
-10.675001525878907,132.725
-10.625001525878906,132.725
-10.650001525878906,132.75
-10.675001525878907,134.17499389648438
-10.625001525878906,134.17499389648438
-10.675001525878907,134.12499389648437
-10.625001525878906,134.12499389648437
-10.650001525878906,134.14999389648438
-10.675001525878907,134.2249969482422
-10.625001525878906,134.2249969482422
-10.675001525878907,134.17499694824218
-10.625001525878906,134.17499694824218
-10.650001525878906,134.1999969482422
-10.675001525878907,137.775
-10.625001525878906,137.775
-10.675001525878907,137.725
-10.625001525878906,137.725
-10.650001525878906,137.75
-10.675001525878907,138.7249969482422
-10.625001525878906,138.7249969482422
-10.675001525878907,138.67499694824218
-10.625001525878906,138.67499694824218
-10.650001525878906,138.6999969482422
-10.675001525878907,138.82500305175782
-10.625001525878906,138.82500305175782
-10.675001525878907,138.7750030517578
-10.625001525878906,138.7750030517578
-10.650001525878906,138.8000030517578
-10.675001525878907,138.87500610351563
-10.625001525878906,138.87500610351563
-10.675001525878907,138.82500610351562
-10.625001525878906,138.82500610351562
-10.650001525878906,138.85000610351562
-10.675001525878907,138.92499389648438
-10.625001525878906,138.92499389648438
-10.675001525878907,138.87499389648437
-10.625001525878906,138.87499389648437
-10.650001525878906,138.89999389648438
-10.675001525878907,138.9749969482422
-10.625001525878906,138.9749969482422
-10.675001525878907,138.92499694824218
-10.625001525878906,138.92499694824218
-10.650001525878906,138.9499969482422
-10.675001525878907,139.025
-10.625001525878906,139.025
-10.675001525878907,138.975
-10.625001525878906,138.975
-10.650001525878906,139.0
-10.725004577636719,131.67499389648438
-10.675004577636718,131.67499389648438
-10.725004577636719,131.62499389648437
-10.675004577636718,131.62499389648437
-10.700004577636719,131.64999389648438
-10.725004577636719,131.7249969482422
-10.675004577636718,131.7249969482422
-10.725004577636719,131.67499694824218
-10.675004577636718,131.67499694824218
-10.700004577636719,131.6999969482422
-10.725004577636719,131.775
-10.675004577636718,131.775
-10.725004577636719,131.725
-10.675004577636718,131.725
-10.700004577636719,131.75
-10.725004577636719,131.82500305175782
-10.675004577636718,131.82500305175782
-10.725004577636719,131.7750030517578
-10.675004577636718,131.7750030517578
-10.700004577636719,131.8000030517578
-10.725004577636719,131.87500610351563
-10.675004577636718,131.87500610351563
-10.725004577636719,131.82500610351562
-10.675004577636718,131.82500610351562
-10.700004577636719,131.85000610351562
-10.725004577636719,131.92499389648438
-10.675004577636718,131.92499389648438
-10.725004577636719,131.87499389648437
-10.675004577636718,131.87499389648437
-10.700004577636719,131.89999389648438
-10.725004577636719,131.9749969482422
-10.675004577636718,131.9749969482422
-10.725004577636719,131.92499694824218
-10.675004577636718,131.92499694824218
-10.700004577636719,131.9499969482422
-10.725004577636719,132.275
-10.675004577636718,132.275
-10.725004577636719,132.225
-10.675004577636718,132.225
-10.700004577636719,132.25
-10.725004577636719,132.32500305175782
-10.675004577636718,132.32500305175782
-10.725004577636719,132.2750030517578
-10.675004577636718,132.2750030517578
-10.700004577636719,132.3000030517578
-10.725004577636719,132.37500610351563
-10.675004577636718,132.37500610351563
-10.725004577636719,132.32500610351562
-10.675004577636718,132.32500610351562
-10.700004577636719,132.35000610351562
-10.725004577636719,132.42499389648438
-10.675004577636718,132.42499389648438
-10.725004577636719,132.37499389648437
-10.675004577636718,132.37499389648437
-10.700004577636719,132.39999389648438
-10.725004577636719,132.4749969482422
-10.675004577636718,132.4749969482422
-10.725004577636719,132.42499694824218
-10.675004577636718,132.42499694824218
-10.700004577636719,132.4499969482422
-10.725004577636719,132.525
-10.675004577636718,132.525
-10.725004577636719,132.475
-10.675004577636718,132.475
-10.700004577636719,132.5
-10.725004577636719,132.57500305175782
-10.675004577636718,132.57500305175782
-10.725004577636719,132.5250030517578
-10.675004577636718,132.5250030517578
-10.700004577636719,132.5500030517578
-10.725004577636719,132.62500610351563
-10.675004577636718,132.62500610351563
-10.725004577636719,132.57500610351562
-10.675004577636718,132.57500610351562
-10.700004577636719,132.60000610351562
-10.725004577636719,134.275
-10.675004577636718,134.275
-10.725004577636719,134.225
-10.675004577636718,134.225
-10.700004577636719,134.25
-10.725004577636719,137.87500610351563
-10.675004577636718,137.87500610351563
-10.725004577636719,137.82500610351562
-10.675004577636718,137.82500610351562
-10.700004577636719,137.85000610351562
-10.725004577636719,137.92499389648438
-10.675004577636718,137.92499389648438
-10.725004577636719,137.87499389648437
-10.675004577636718,137.87499389648437
-10.700004577636719,137.89999389648438
-10.725004577636719,138.82500305175782
-10.675004577636718,138.82500305175782
-10.725004577636719,138.7750030517578
-10.675004577636718,138.7750030517578
-10.700004577636719,138.8000030517578
-10.725004577636719,138.92499389648438
-10.675004577636718,138.92499389648438
-10.725004577636719,138.87499389648437
-10.675004577636718,138.87499389648437
-10.700004577636719,138.89999389648438
-10.725004577636719,138.9749969482422
-10.675004577636718,138.9749969482422
-10.725004577636719,138.92499694824218
-10.675004577636718,138.92499694824218
-10.700004577636719,138.9499969482422
-10.725004577636719,139.025
-10.675004577636718,139.025
-10.725004577636719,138.975
-10.675004577636718,138.975
-10.700004577636719,139.0
-10.775,122.82500305175782
-10.725,122.82500305175782
-10.775,122.7750030517578
-10.725,122.7750030517578
-10.75,122.80000305175781
-10.775,131.62500610351563
-10.725,131.62500610351563
-10.775,131.57500610351562
-10.725,131.57500610351562
-10.75,131.60000610351562
-10.775,131.67499389648438
-10.725,131.67499389648438
-10.775,131.62499389648437
-10.725,131.62499389648437
-10.75,131.64999389648438
-10.775,131.7249969482422
-10.725,131.7249969482422
-10.775,131.67499694824218
-10.725,131.67499694824218
-10.75,131.6999969482422
-10.775,131.92499389648438
-10.725,131.92499389648438
-10.775,131.87499389648437
-10.725,131.87499389648437
-10.75,131.89999389648438
-10.775,131.9749969482422
-10.725,131.9749969482422
-10.775,131.92499694824218
-10.725,131.92499694824218
-10.75,131.9499969482422
-10.775,132.025
-10.725,132.025
-10.775,131.975
-10.725,131.975
-10.75,132.0
-10.775,132.07500305175782
-10.725,132.07500305175782
-10.775,132.0250030517578
-10.725,132.0250030517578
-10.75,132.0500030517578
-10.775,132.12500610351563
-10.725,132.12500610351563
-10.775,132.07500610351562
-10.725,132.07500610351562
-10.75,132.10000610351562
-10.775,132.17499389648438
-10.725,132.17499389648438
-10.775,132.12499389648437
-10.725,132.12499389648437
-10.75,132.14999389648438
-10.775,132.2249969482422
-10.725,132.2249969482422
-10.775,132.17499694824218
-10.725,132.17499694824218
-10.75,132.1999969482422
-10.775,132.32500305175782
-10.725,132.32500305175782
-10.775,132.2750030517578
-10.725,132.2750030517578
-10.75,132.3000030517578
-10.775,132.37500610351563
-10.725,132.37500610351563
-10.775,132.32500610351562
-10.725,132.32500610351562
-10.75,132.35000610351562
-10.775,132.42499389648438
-10.725,132.42499389648438
-10.775,132.37499389648437
-10.725,132.37499389648437
-10.75,132.39999389648438
-10.775,132.4749969482422
-10.725,132.4749969482422
-10.775,132.42499694824218
-10.725,132.42499694824218
-10.75,132.4499969482422
-10.775,137.9749969482422
-10.725,137.9749969482422
-10.775,137.92499694824218
-10.725,137.92499694824218
-10.75,137.9499969482422
-10.775,138.525
-10.725,138.525
-10.775,138.475
-10.725,138.475
-10.75,138.5
-10.775,138.57500305175782
-10.725,138.57500305175782
-10.775,138.5250030517578
-10.725,138.5250030517578
-10.75,138.5500030517578
-10.775,138.92499389648438
-10.725,138.92499389648438
-10.775,138.87499389648437
-10.725,138.87499389648437
-10.75,138.89999389648438
-10.825003051757813,131.62500610351563
-10.775003051757812,131.62500610351563
-10.825003051757813,131.57500610351562
-10.775003051757812,131.57500610351562
-10.800003051757812,131.60000610351562
-10.825003051757813,131.67499389648438
-10.775003051757812,131.67499389648438
-10.825003051757813,131.62499389648437
-10.775003051757812,131.62499389648437
-10.800003051757812,131.64999389648438
-10.825003051757813,131.7249969482422
-10.775003051757812,131.7249969482422
-10.825003051757813,131.67499694824218
-10.775003051757812,131.67499694824218
-10.800003051757812,131.6999969482422
-10.825003051757813,131.775
-10.775003051757812,131.775
-10.825003051757813,131.725
-10.775003051757812,131.725
-10.800003051757812,131.75
-10.825003051757813,131.92499389648438
-10.775003051757812,131.92499389648438
-10.825003051757813,131.87499389648437
-10.775003051757812,131.87499389648437
-10.800003051757812,131.89999389648438
-10.825003051757813,131.9749969482422
-10.775003051757812,131.9749969482422
-10.825003051757813,131.92499694824218
-10.775003051757812,131.92499694824218
-10.800003051757812,131.9499969482422
-10.825003051757813,132.025
-10.775003051757812,132.025
-10.825003051757813,131.975
-10.775003051757812,131.975
-10.800003051757812,132.0
-10.825003051757813,132.07500305175782
-10.775003051757812,132.07500305175782
-10.825003051757813,132.0250030517578
-10.775003051757812,132.0250030517578
-10.800003051757812,132.0500030517578
-10.825003051757813,132.12500610351563
-10.775003051757812,132.12500610351563
-10.825003051757813,132.07500610351562
-10.775003051757812,132.07500610351562
-10.800003051757812,132.10000610351562
-10.825003051757813,132.17499389648438
-10.775003051757812,132.17499389648438
-10.825003051757813,132.12499389648437
-10.775003051757812,132.12499389648437
-10.800003051757812,132.14999389648438
-10.825003051757813,132.2249969482422
-10.775003051757812,132.2249969482422
-10.825003051757813,132.17499694824218
-10.775003051757812,132.17499694824218
-10.800003051757812,132.1999969482422
-10.825003051757813,132.275
-10.775003051757812,132.275
-10.825003051757813,132.225
-10.775003051757812,132.225
-10.800003051757812,132.25
-10.825003051757813,132.32500305175782
-10.775003051757812,132.32500305175782
-10.825003051757813,132.2750030517578
-10.775003051757812,132.2750030517578
-10.800003051757812,132.3000030517578
-10.825003051757813,132.37500610351563
-10.775003051757812,132.37500610351563
-10.825003051757813,132.32500610351562
-10.775003051757812,132.32500610351562
-10.800003051757812,132.35000610351562
-10.825003051757813,132.4749969482422
-10.775003051757812,132.4749969482422
-10.825003051757813,132.42499694824218
-10.775003051757812,132.42499694824218
-10.800003051757812,132.4499969482422
-10.825003051757813,133.17499389648438
-10.775003051757812,133.17499389648438
-10.825003051757813,133.12499389648437
-10.775003051757812,133.12499389648437
-10.800003051757812,133.14999389648438
-10.825003051757813,134.525
-10.775003051757812,134.525
-10.825003051757813,134.475
-10.775003051757812,134.475
-10.800003051757812,134.5
-10.825003051757813,134.57500305175782
-10.775003051757812,134.57500305175782
-10.825003051757813,134.5250030517578
-10.775003051757812,134.5250030517578
-10.800003051757812,134.5500030517578
-10.825003051757813,136.4749969482422
-10.775003051757812,136.4749969482422
-10.825003051757813,136.42499694824218
-10.775003051757812,136.42499694824218
-10.800003051757812,136.4499969482422
-10.825003051757813,137.9749969482422
-10.775003051757812,137.9749969482422
-10.825003051757813,137.92499694824218
-10.775003051757812,137.92499694824218
-10.800003051757812,137.9499969482422
-10.825003051757813,138.57500305175782
-10.775003051757812,138.57500305175782
-10.825003051757813,138.5250030517578
-10.775003051757812,138.5250030517578
-10.800003051757812,138.5500030517578
-10.825003051757813,139.025
-10.775003051757812,139.025
-10.825003051757813,138.975
-10.775003051757812,138.975
-10.800003051757812,139.0
-10.874998474121094,98.4749969482422
-10.824998474121093,98.4749969482422
-10.874998474121094,98.42499694824218
-10.824998474121093,98.42499694824218
-10.849998474121094,98.44999694824219
-10.874998474121094,131.62500610351563
-10.824998474121093,131.62500610351563
-10.874998474121094,131.57500610351562
-10.824998474121093,131.57500610351562
-10.849998474121094,131.60000610351562
-10.874998474121094,131.67499389648438
-10.824998474121093,131.67499389648438
-10.874998474121094,131.62499389648437
-10.824998474121093,131.62499389648437
-10.849998474121094,131.64999389648438
-10.874998474121094,131.7249969482422
-10.824998474121093,131.7249969482422
-10.874998474121094,131.67499694824218
-10.824998474121093,131.67499694824218
-10.849998474121094,131.6999969482422
-10.874998474121094,131.775
-10.824998474121093,131.775
-10.874998474121094,131.725
-10.824998474121093,131.725
-10.849998474121094,131.75
-10.874998474121094,131.9749969482422
-10.824998474121093,131.9749969482422
-10.874998474121094,131.92499694824218
-10.824998474121093,131.92499694824218
-10.849998474121094,131.9499969482422
-10.874998474121094,132.025
-10.824998474121093,132.025
-10.874998474121094,131.975
-10.824998474121093,131.975
-10.849998474121094,132.0
-10.874998474121094,132.07500305175782
-10.824998474121093,132.07500305175782
-10.874998474121094,132.0250030517578
-10.824998474121093,132.0250030517578
-10.849998474121094,132.0500030517578
-10.874998474121094,132.275
-10.824998474121093,132.275
-10.874998474121094,132.225
-10.824998474121093,132.225
-10.849998474121094,132.25
-10.874998474121094,132.32500305175782
-10.824998474121093,132.32500305175782
-10.874998474121094,132.2750030517578
-10.824998474121093,132.2750030517578
-10.849998474121094,132.3000030517578
-10.874998474121094,132.37500610351563
-10.824998474121093,132.37500610351563
-10.874998474121094,132.32500610351562
-10.824998474121093,132.32500610351562
-10.849998474121094,132.35000610351562
-10.874998474121094,132.42499389648438
-10.824998474121093,132.42499389648438
-10.874998474121094,132.37499389648437
-10.824998474121093,132.37499389648437
-10.849998474121094,132.39999389648438
-10.874998474121094,132.4749969482422
-10.824998474121093,132.4749969482422
-10.874998474121094,132.42499694824218
-10.824998474121093,132.42499694824218
-10.849998474121094,132.4499969482422
-10.874998474121094,132.67499389648438
-10.824998474121093,132.67499389648438
-10.874998474121094,132.62499389648437
-10.824998474121093,132.62499389648437
-10.849998474121094,132.64999389648438
-10.874998474121094,132.7249969482422
-10.824998474121093,132.7249969482422
-10.874998474121094,132.67499694824218
-10.824998474121093,132.67499694824218
-10.849998474121094,132.6999969482422
-10.874998474121094,132.775
-10.824998474121093,132.775
-10.874998474121094,132.725
-10.824998474121093,132.725
-10.849998474121094,132.75
-10.874998474121094,133.775
-10.824998474121093,133.775
-10.874998474121094,133.725
-10.824998474121093,133.725
-10.849998474121094,133.75
-10.874998474121094,133.92499389648438
-10.824998474121093,133.92499389648438
-10.874998474121094,133.87499389648437
-10.824998474121093,133.87499389648437
-10.849998474121094,133.89999389648438
-10.874998474121094,134.32500305175782
-10.824998474121093,134.32500305175782
-10.874998474121094,134.2750030517578
-10.824998474121093,134.2750030517578
-10.849998474121094,134.3000030517578
-10.874998474121094,134.37500610351563
-10.824998474121093,134.37500610351563
-10.874998474121094,134.32500610351562
-10.824998474121093,134.32500610351562
-10.849998474121094,134.35000610351562
-10.874998474121094,134.42499389648438
-10.824998474121093,134.42499389648438
-10.874998474121094,134.37499389648437
-10.824998474121093,134.37499389648437
-10.849998474121094,134.39999389648438
-10.874998474121094,134.57500305175782
-10.824998474121093,134.57500305175782
-10.874998474121094,134.5250030517578
-10.824998474121093,134.5250030517578
-10.849998474121094,134.5500030517578
-10.874998474121094,134.62500610351563
-10.824998474121093,134.62500610351563
-10.874998474121094,134.57500610351562
-10.824998474121093,134.57500610351562
-10.849998474121094,134.60000610351562
-10.874998474121094,134.67499389648438
-10.824998474121093,134.67499389648438
-10.874998474121094,134.62499389648437
-10.824998474121093,134.62499389648437
-10.849998474121094,134.64999389648438
-10.874998474121094,134.7249969482422
-10.824998474121093,134.7249969482422
-10.874998474121094,134.67499694824218
-10.824998474121093,134.67499694824218
-10.849998474121094,134.6999969482422
-10.874998474121094,134.775
-10.824998474121093,134.775
-10.874998474121094,134.725
-10.824998474121093,134.725
-10.849998474121094,134.75
-10.874998474121094,136.525
-10.824998474121093,136.525
-10.874998474121094,136.475
-10.824998474121093,136.475
-10.849998474121094,136.5
-10.874998474121094,138.4749969482422
-10.824998474121093,138.4749969482422
-10.874998474121094,138.42499694824218
-10.824998474121093,138.42499694824218
-10.849998474121094,138.4499969482422
-10.874998474121094,138.525
-10.824998474121093,138.525
-10.874998474121094,138.475
-10.824998474121093,138.475
-10.849998474121094,138.5
-10.874998474121094,138.57500305175782
-10.824998474121093,138.57500305175782
-10.874998474121094,138.5250030517578
-10.824998474121093,138.5250030517578
-10.849998474121094,138.5500030517578
-10.925001525878907,109.7249969482422
-10.875001525878906,109.7249969482422
-10.925001525878907,109.67499694824218
-10.875001525878906,109.67499694824218
-10.900001525878906,109.69999694824219
-10.925001525878907,131.62500610351563
-10.875001525878906,131.62500610351563
-10.925001525878907,131.57500610351562
-10.875001525878906,131.57500610351562
-10.900001525878906,131.60000610351562
-10.925001525878907,131.67499389648438
-10.875001525878906,131.67499389648438
-10.925001525878907,131.62499389648437
-10.875001525878906,131.62499389648437
-10.900001525878906,131.64999389648438
-10.925001525878907,131.7249969482422
-10.875001525878906,131.7249969482422
-10.925001525878907,131.67499694824218
-10.875001525878906,131.67499694824218
-10.900001525878906,131.6999969482422
-10.925001525878907,131.775
-10.875001525878906,131.775
-10.925001525878907,131.725
-10.875001525878906,131.725
-10.900001525878906,131.75
-10.925001525878907,131.82500305175782
-10.875001525878906,131.82500305175782
-10.925001525878907,131.7750030517578
-10.875001525878906,131.7750030517578
-10.900001525878906,131.8000030517578
-10.925001525878907,131.87500610351563
-10.875001525878906,131.87500610351563
-10.925001525878907,131.82500610351562
-10.875001525878906,131.82500610351562
-10.900001525878906,131.85000610351562
-10.925001525878907,131.92499389648438
-10.875001525878906,131.92499389648438
-10.925001525878907,131.87499389648437
-10.875001525878906,131.87499389648437
-10.900001525878906,131.89999389648438
-10.925001525878907,131.9749969482422
-10.875001525878906,131.9749969482422
-10.925001525878907,131.92499694824218
-10.875001525878906,131.92499694824218
-10.900001525878906,131.9499969482422
-10.925001525878907,132.025
-10.875001525878906,132.025
-10.925001525878907,131.975
-10.875001525878906,131.975
-10.900001525878906,132.0
-10.925001525878907,132.7249969482422
-10.875001525878906,132.7249969482422
-10.925001525878907,132.67499694824218
-10.875001525878906,132.67499694824218
-10.900001525878906,132.6999969482422
-10.925001525878907,132.775
-10.875001525878906,132.775
-10.925001525878907,132.725
-10.875001525878906,132.725
-10.900001525878906,132.75
-10.925001525878907,132.82500305175782
-10.875001525878906,132.82500305175782
-10.925001525878907,132.7750030517578
-10.875001525878906,132.7750030517578
-10.900001525878906,132.8000030517578
-10.925001525878907,133.9749969482422
-10.875001525878906,133.9749969482422
-10.925001525878907,133.92499694824218
-10.875001525878906,133.92499694824218
-10.900001525878906,133.9499969482422
-10.925001525878907,134.025
-10.875001525878906,134.025
-10.925001525878907,133.975
-10.875001525878906,133.975
-10.900001525878906,134.0
-10.925001525878907,134.07500305175782
-10.875001525878906,134.07500305175782
-10.925001525878907,134.0250030517578
-10.875001525878906,134.0250030517578
-10.900001525878906,134.0500030517578
-10.925001525878907,134.7249969482422
-10.875001525878906,134.7249969482422
-10.925001525878907,134.67499694824218
-10.875001525878906,134.67499694824218
-10.900001525878906,134.6999969482422
-10.925001525878907,136.32500305175782
-10.875001525878906,136.32500305175782
-10.925001525878907,136.2750030517578
-10.875001525878906,136.2750030517578
-10.900001525878906,136.3000030517578
-10.925001525878907,136.7249969482422
-10.875001525878906,136.7249969482422
-10.925001525878907,136.67499694824218
-10.875001525878906,136.67499694824218
-10.900001525878906,136.6999969482422
-10.925001525878907,136.775
-10.875001525878906,136.775
-10.925001525878907,136.725
-10.875001525878906,136.725
-10.900001525878906,136.75
-10.925001525878907,136.82500305175782
-10.875001525878906,136.82500305175782
-10.925001525878907,136.7750030517578
-10.875001525878906,136.7750030517578
-10.900001525878906,136.8000030517578
-10.925001525878907,136.87500610351563
-10.875001525878906,136.87500610351563
-10.925001525878907,136.82500610351562
-10.875001525878906,136.82500610351562
-10.900001525878906,136.85000610351562
-10.925001525878907,137.9749969482422
-10.875001525878906,137.9749969482422
-10.925001525878907,137.92499694824218
-10.875001525878906,137.92499694824218
-10.900001525878906,137.9499969482422
-10.925001525878907,138.2249969482422
-10.875001525878906,138.2249969482422
-10.925001525878907,138.17499694824218
-10.875001525878906,138.17499694824218
-10.900001525878906,138.1999969482422
-10.925001525878907,138.37500610351563
-10.875001525878906,138.37500610351563
-10.925001525878907,138.32500610351562
-10.875001525878906,138.32500610351562
-10.900001525878906,138.35000610351562
-10.925001525878907,138.42499389648438
-10.875001525878906,138.42499389648438
-10.925001525878907,138.37499389648437
-10.875001525878906,138.37499389648437
-10.900001525878906,138.39999389648438
-10.925001525878907,138.4749969482422
-10.875001525878906,138.4749969482422
-10.925001525878907,138.42499694824218
-10.875001525878906,138.42499694824218
-10.900001525878906,138.4499969482422
-10.925001525878907,138.57500305175782
-10.875001525878906,138.57500305175782
-10.925001525878907,138.5250030517578
-10.875001525878906,138.5250030517578
-10.900001525878906,138.5500030517578
-10.925001525878907,138.9749969482422
-10.875001525878906,138.9749969482422
-10.925001525878907,138.92499694824218
-10.875001525878906,138.92499694824218
-10.900001525878906,138.9499969482422
-10.925001525878907,139.025
-10.875001525878906,139.025
-10.925001525878907,138.975
-10.875001525878906,138.975
-10.900001525878906,139.0
-10.975004577636719,109.775
-10.925004577636718,109.775
-10.975004577636719,109.725
-10.925004577636718,109.725
-10.950004577636719,109.75
-10.975004577636719,130.12500610351563
-10.925004577636718,130.12500610351563
-10.975004577636719,130.07500610351562
-10.925004577636718,130.07500610351562
-10.950004577636719,130.10000610351562
-10.975004577636719,130.17499389648438
-10.925004577636718,130.17499389648438
-10.975004577636719,130.12499389648437
-10.925004577636718,130.12499389648437
-10.950004577636719,130.14999389648438
-10.975004577636719,130.92499389648438
-10.925004577636718,130.92499389648438
-10.975004577636719,130.87499389648437
-10.925004577636718,130.87499389648437
-10.950004577636719,130.89999389648438
-10.975004577636719,131.67499389648438
-10.925004577636718,131.67499389648438
-10.975004577636719,131.62499389648437
-10.925004577636718,131.62499389648437
-10.950004577636719,131.64999389648438
-10.975004577636719,131.7249969482422
-10.925004577636718,131.7249969482422
-10.975004577636719,131.67499694824218
-10.925004577636718,131.67499694824218
-10.950004577636719,131.6999969482422
-10.975004577636719,131.775
-10.925004577636718,131.775
-10.975004577636719,131.725
-10.925004577636718,131.725
-10.950004577636719,131.75
-10.975004577636719,132.775
-10.925004577636718,132.775
-10.975004577636719,132.725
-10.925004577636718,132.725
-10.950004577636719,132.75
-10.975004577636719,132.82500305175782
-10.925004577636718,132.82500305175782
-10.975004577636719,132.7750030517578
-10.925004577636718,132.7750030517578
-10.950004577636719,132.8000030517578
-10.975004577636719,132.87500610351563
-10.925004577636718,132.87500610351563
-10.975004577636719,132.82500610351562
-10.925004577636718,132.82500610351562
-10.950004577636719,132.85000610351562
-10.975004577636719,136.42499389648438
-10.925004577636718,136.42499389648438
-10.975004577636719,136.37499389648437
-10.925004577636718,136.37499389648437
-10.950004577636719,136.39999389648438
-10.975004577636719,136.4749969482422
-10.925004577636718,136.4749969482422
-10.975004577636719,136.42499694824218
-10.925004577636718,136.42499694824218
-10.950004577636719,136.4499969482422
-10.975004577636719,136.525
-10.925004577636718,136.525
-10.975004577636719,136.475
-10.925004577636718,136.475
-10.950004577636719,136.5
-10.975004577636719,136.57500305175782
-10.925004577636718,136.57500305175782
-10.975004577636719,136.5250030517578
-10.925004577636718,136.5250030517578
-10.950004577636719,136.5500030517578
-10.975004577636719,136.82500305175782
-10.925004577636718,136.82500305175782
-10.975004577636719,136.7750030517578
-10.925004577636718,136.7750030517578
-10.950004577636719,136.8000030517578
-10.975004577636719,136.87500610351563
-10.925004577636718,136.87500610351563
-10.975004577636719,136.82500610351562
-10.925004577636718,136.82500610351562
-10.950004577636719,136.85000610351562
-10.975004577636719,137.9749969482422
-10.925004577636718,137.9749969482422
-10.975004577636719,137.92499694824218
-10.925004577636718,137.92499694824218
-10.950004577636719,137.9499969482422
-10.975004577636719,138.12500610351563
-10.925004577636718,138.12500610351563
-10.975004577636719,138.07500610351562
-10.925004577636718,138.07500610351562
-10.950004577636719,138.10000610351562
-10.975004577636719,138.17499389648438
-10.925004577636718,138.17499389648438
-10.975004577636719,138.12499389648437
-10.925004577636718,138.12499389648437
-10.950004577636719,138.14999389648438
-10.975004577636719,138.2249969482422
-10.925004577636718,138.2249969482422
-10.975004577636719,138.17499694824218
-10.925004577636718,138.17499694824218
-10.950004577636719,138.1999969482422
-10.975004577636719,138.275
-10.925004577636718,138.275
-10.975004577636719,138.225
-10.925004577636718,138.225
-10.950004577636719,138.25
-10.975004577636719,138.32500305175782
-10.925004577636718,138.32500305175782
-10.975004577636719,138.2750030517578
-10.925004577636718,138.2750030517578
-10.950004577636719,138.3000030517578
-10.975004577636719,138.9749969482422
-10.925004577636718,138.9749969482422
-10.975004577636719,138.92499694824218
-10.925004577636718,138.92499694824218
-10.950004577636719,138.9499969482422
-11.025,130.775
-10.975,130.775
-11.025,130.725
-10.975,130.725
-11.0,130.75
-11.025,130.82500305175782
-10.975,130.82500305175782
-11.025,130.7750030517578
-10.975,130.7750030517578
-11.0,130.8000030517578
-11.025,130.87500610351563
-10.975,130.87500610351563
-11.025,130.82500610351562
-10.975,130.82500610351562
-11.0,130.85000610351562
-11.025,130.92499389648438
-10.975,130.92499389648438
-11.025,130.87499389648437
-10.975,130.87499389648437
-11.0,130.89999389648438
-11.025,130.9749969482422
-10.975,130.9749969482422
-11.025,130.92499694824218
-10.975,130.92499694824218
-11.0,130.9499969482422
-11.025,131.025
-10.975,131.025
-11.025,130.975
-10.975,130.975
-11.0,131.0
-11.025,131.07500305175782
-10.975,131.07500305175782
-11.025,131.0250030517578
-10.975,131.0250030517578
-11.0,131.0500030517578
-11.025,131.12500610351563
-10.975,131.12500610351563
-11.025,131.07500610351562
-10.975,131.07500610351562
-11.0,131.10000610351562
-11.025,131.17499389648438
-10.975,131.17499389648438
-11.025,131.12499389648437
-10.975,131.12499389648437
-11.0,131.14999389648438
-11.025,131.2249969482422
-10.975,131.2249969482422
-11.025,131.17499694824218
-10.975,131.17499694824218
-11.0,131.1999969482422
-11.025,131.275
-10.975,131.275
-11.025,131.225
-10.975,131.225
-11.0,131.25
-11.025,131.32500305175782
-10.975,131.32500305175782
-11.025,131.2750030517578
-10.975,131.2750030517578
-11.0,131.3000030517578
-11.025,131.67499389648438
-10.975,131.67499389648438
-11.025,131.62499389648437
-10.975,131.62499389648437
-11.0,131.64999389648438
-11.025,131.7249969482422
-10.975,131.7249969482422
-11.025,131.67499694824218
-10.975,131.67499694824218
-11.0,131.6999969482422
-11.025,131.775
-10.975,131.775
-11.025,131.725
-10.975,131.725
-11.0,131.75
-11.025,132.7249969482422
-10.975,132.7249969482422
-11.025,132.67499694824218
-10.975,132.67499694824218
-11.0,132.6999969482422
-11.025,132.775
-10.975,132.775
-11.025,132.725
-10.975,132.725
-11.0,132.75
-11.025,132.82500305175782
-10.975,132.82500305175782
-11.025,132.7750030517578
-10.975,132.7750030517578
-11.0,132.8000030517578
-11.025,132.87500610351563
-10.975,132.87500610351563
-11.025,132.82500610351562
-10.975,132.82500610351562
-11.0,132.85000610351562
-11.025,133.025
-10.975,133.025
-11.025,132.975
-10.975,132.975
-11.0,133.0
-11.025,136.32500305175782
-10.975,136.32500305175782
-11.025,136.2750030517578
-10.975,136.2750030517578
-11.0,136.3000030517578
-11.025,136.42499389648438
-10.975,136.42499389648438
-11.025,136.37499389648437
-10.975,136.37499389648437
-11.0,136.39999389648438
-11.025,136.4749969482422
-10.975,136.4749969482422
-11.025,136.42499694824218
-10.975,136.42499694824218
-11.0,136.4499969482422
-11.025,136.525
-10.975,136.525
-11.025,136.475
-10.975,136.475
-11.0,136.5
-11.025,136.57500305175782
-10.975,136.57500305175782
-11.025,136.5250030517578
-10.975,136.5250030517578
-11.0,136.5500030517578
-11.025,136.62500610351563
-10.975,136.62500610351563
-11.025,136.57500610351562
-10.975,136.57500610351562
-11.0,136.60000610351562
-11.025,136.87500610351563
-10.975,136.87500610351563
-11.025,136.82500610351562
-10.975,136.82500610351562
-11.0,136.85000610351562
-11.025,137.025
-10.975,137.025
-11.025,136.975
-10.975,136.975
-11.0,137.0
-11.025,138.07500305175782
-10.975,138.07500305175782
-11.025,138.0250030517578
-10.975,138.0250030517578
-11.0,138.0500030517578
-11.025,138.12500610351563
-10.975,138.12500610351563
-11.025,138.07500610351562
-10.975,138.07500610351562
-11.0,138.10000610351562
-11.025,138.17499389648438
-10.975,138.17499389648438
-11.025,138.12499389648437
-10.975,138.12499389648437
-11.0,138.14999389648438
-11.075003051757813,97.92500152587891
-11.025003051757812,97.92500152587891
-11.075003051757813,97.8750015258789
-11.025003051757812,97.8750015258789
-11.050003051757812,97.9000015258789
-11.075003051757813,130.4749969482422
-11.025003051757812,130.4749969482422
-11.075003051757813,130.42499694824218
-11.025003051757812,130.42499694824218
-11.050003051757812,130.4499969482422
-11.075003051757813,130.62500610351563
-11.025003051757812,130.62500610351563
-11.075003051757813,130.57500610351562
-11.025003051757812,130.57500610351562
-11.050003051757812,130.60000610351562
-11.075003051757813,130.67499389648438
-11.025003051757812,130.67499389648438
-11.075003051757813,130.62499389648437
-11.025003051757812,130.62499389648437
-11.050003051757812,130.64999389648438
-11.075003051757813,130.7249969482422
-11.025003051757812,130.7249969482422
-11.075003051757813,130.67499694824218
-11.025003051757812,130.67499694824218
-11.050003051757812,130.6999969482422
-11.075003051757813,130.775
-11.025003051757812,130.775
-11.075003051757813,130.725
-11.025003051757812,130.725
-11.050003051757812,130.75
-11.075003051757813,130.82500305175782
-11.025003051757812,130.82500305175782
-11.075003051757813,130.7750030517578
-11.025003051757812,130.7750030517578
-11.050003051757812,130.8000030517578
-11.075003051757813,131.17499389648438
-11.025003051757812,131.17499389648438
-11.075003051757813,131.12499389648437
-11.025003051757812,131.12499389648437
-11.050003051757812,131.14999389648438
-11.075003051757813,131.2249969482422
-11.025003051757812,131.2249969482422
-11.075003051757813,131.17499694824218
-11.025003051757812,131.17499694824218
-11.050003051757812,131.1999969482422
-11.075003051757813,131.275
-11.025003051757812,131.275
-11.075003051757813,131.225
-11.025003051757812,131.225
-11.050003051757812,131.25
-11.075003051757813,131.32500305175782
-11.025003051757812,131.32500305175782
-11.075003051757813,131.2750030517578
-11.025003051757812,131.2750030517578
-11.050003051757812,131.3000030517578
-11.075003051757813,131.67499389648438
-11.025003051757812,131.67499389648438
-11.075003051757813,131.62499389648437
-11.025003051757812,131.62499389648437
-11.050003051757812,131.64999389648438
-11.075003051757813,132.7249969482422
-11.025003051757812,132.7249969482422
-11.075003051757813,132.67499694824218
-11.025003051757812,132.67499694824218
-11.050003051757812,132.6999969482422
-11.075003051757813,132.775
-11.025003051757812,132.775
-11.075003051757813,132.725
-11.025003051757812,132.725
-11.050003051757812,132.75
-11.075003051757813,132.82500305175782
-11.025003051757812,132.82500305175782
-11.075003051757813,132.7750030517578
-11.025003051757812,132.7750030517578
-11.050003051757812,132.8000030517578
-11.075003051757813,132.87500610351563
-11.025003051757812,132.87500610351563
-11.075003051757813,132.82500610351562
-11.025003051757812,132.82500610351562
-11.050003051757812,132.85000610351562
-11.075003051757813,132.92499389648438
-11.025003051757812,132.92499389648438
-11.075003051757813,132.87499389648437
-11.025003051757812,132.87499389648437
-11.050003051757812,132.89999389648438
-11.075003051757813,132.9749969482422
-11.025003051757812,132.9749969482422
-11.075003051757813,132.92499694824218
-11.025003051757812,132.92499694824218
-11.050003051757812,132.9499969482422
-11.075003051757813,133.07500305175782
-11.025003051757812,133.07500305175782
-11.075003051757813,133.0250030517578
-11.025003051757812,133.0250030517578
-11.050003051757812,133.0500030517578
-11.075003051757813,136.32500305175782
-11.025003051757812,136.32500305175782
-11.075003051757813,136.2750030517578
-11.025003051757812,136.2750030517578
-11.050003051757812,136.3000030517578
-11.075003051757813,136.37500610351563
-11.025003051757812,136.37500610351563
-11.075003051757813,136.32500610351562
-11.025003051757812,136.32500610351562
-11.050003051757812,136.35000610351562
-11.075003051757813,136.42499389648438
-11.025003051757812,136.42499389648438
-11.075003051757813,136.37499389648437
-11.025003051757812,136.37499389648437
-11.050003051757812,136.39999389648438
-11.075003051757813,136.4749969482422
-11.025003051757812,136.4749969482422
-11.075003051757813,136.42499694824218
-11.025003051757812,136.42499694824218
-11.050003051757812,136.4499969482422
-11.075003051757813,136.525
-11.025003051757812,136.525
-11.075003051757813,136.475
-11.025003051757812,136.475
-11.050003051757812,136.5
-11.075003051757813,136.57500305175782
-11.025003051757812,136.57500305175782
-11.075003051757813,136.5250030517578
-11.025003051757812,136.5250030517578
-11.050003051757812,136.5500030517578
-11.075003051757813,137.92499389648438
-11.025003051757812,137.92499389648438
-11.075003051757813,137.87499389648437
-11.025003051757812,137.87499389648437
-11.050003051757812,137.89999389648438
-11.075003051757813,138.12500610351563
-11.025003051757812,138.12500610351563
-11.075003051757813,138.07500610351562
-11.025003051757812,138.07500610351562
-11.050003051757812,138.10000610351562
-11.075003051757813,138.37500610351563
-11.025003051757812,138.37500610351563
-11.075003051757813,138.32500610351562
-11.025003051757812,138.32500610351562
-11.050003051757812,138.35000610351562
-11.075003051757813,138.4749969482422
-11.025003051757812,138.4749969482422
-11.075003051757813,138.42499694824218
-11.025003051757812,138.42499694824218
-11.050003051757812,138.4499969482422
-11.075003051757813,138.57500305175782
-11.025003051757812,138.57500305175782
-11.075003051757813,138.5250030517578
-11.025003051757812,138.5250030517578
-11.050003051757812,138.5500030517578
-11.075003051757813,138.775
-11.025003051757812,138.775
-11.075003051757813,138.725
-11.025003051757812,138.725
-11.050003051757812,138.75
-11.124998474121094,130.62500610351563
-11.074998474121093,130.62500610351563
-11.124998474121094,130.57500610351562
-11.074998474121093,130.57500610351562
-11.099998474121094,130.60000610351562
-11.124998474121094,130.67499389648438
-11.074998474121093,130.67499389648438
-11.124998474121094,130.62499389648437
-11.074998474121093,130.62499389648437
-11.099998474121094,130.64999389648438
-11.124998474121094,130.7249969482422
-11.074998474121093,130.7249969482422
-11.124998474121094,130.67499694824218
-11.074998474121093,130.67499694824218
-11.099998474121094,130.6999969482422
-11.124998474121094,130.775
-11.074998474121093,130.775
-11.124998474121094,130.725
-11.074998474121093,130.725
-11.099998474121094,130.75
-11.124998474121094,131.42499389648438
-11.074998474121093,131.42499389648438
-11.124998474121094,131.37499389648437
-11.074998474121093,131.37499389648437
-11.099998474121094,131.39999389648438
-11.124998474121094,131.4749969482422
-11.074998474121093,131.4749969482422
-11.124998474121094,131.42499694824218
-11.074998474121093,131.42499694824218
-11.099998474121094,131.4499969482422
-11.124998474121094,131.57500305175782
-11.074998474121093,131.57500305175782
-11.124998474121094,131.5250030517578
-11.074998474121093,131.5250030517578
-11.099998474121094,131.5500030517578
-11.124998474121094,131.62500610351563
-11.074998474121093,131.62500610351563
-11.124998474121094,131.57500610351562
-11.074998474121093,131.57500610351562
-11.099998474121094,131.60000610351562
-11.124998474121094,132.775
-11.074998474121093,132.775
-11.124998474121094,132.725
-11.074998474121093,132.725
-11.099998474121094,132.75
-11.124998474121094,132.82500305175782
-11.074998474121093,132.82500305175782
-11.124998474121094,132.7750030517578
-11.074998474121093,132.7750030517578
-11.099998474121094,132.8000030517578
-11.124998474121094,132.87500610351563
-11.074998474121093,132.87500610351563
-11.124998474121094,132.82500610351562
-11.074998474121093,132.82500610351562
-11.099998474121094,132.85000610351562
-11.124998474121094,132.92499389648438
-11.074998474121093,132.92499389648438
-11.124998474121094,132.87499389648437
-11.074998474121093,132.87499389648437
-11.099998474121094,132.89999389648438
-11.124998474121094,133.025
-11.074998474121093,133.025
-11.124998474121094,132.975
-11.074998474121093,132.975
-11.099998474121094,133.0
-11.124998474121094,133.07500305175782
-11.074998474121093,133.07500305175782
-11.124998474121094,133.0250030517578
-11.074998474121093,133.0250030517578
-11.099998474121094,133.0500030517578
-11.124998474121094,133.12500610351563
-11.074998474121093,133.12500610351563
-11.124998474121094,133.07500610351562
-11.074998474121093,133.07500610351562
-11.099998474121094,133.10000610351562
-11.124998474121094,133.17499389648438
-11.074998474121093,133.17499389648438
-11.124998474121094,133.12499389648437
-11.074998474121093,133.12499389648437
-11.099998474121094,133.14999389648438
-11.124998474121094,133.32500305175782
-11.074998474121093,133.32500305175782
-11.124998474121094,133.2750030517578
-11.074998474121093,133.2750030517578
-11.099998474121094,133.3000030517578
-11.124998474121094,135.525
-11.074998474121093,135.525
-11.124998474121094,135.475
-11.074998474121093,135.475
-11.099998474121094,135.5
-11.124998474121094,135.57500305175782
-11.074998474121093,135.57500305175782
-11.124998474121094,135.5250030517578
-11.074998474121093,135.5250030517578
-11.099998474121094,135.5500030517578
-11.124998474121094,136.4749969482422
-11.074998474121093,136.4749969482422
-11.124998474121094,136.42499694824218
-11.074998474121093,136.42499694824218
-11.099998474121094,136.4499969482422
-11.124998474121094,136.525
-11.074998474121093,136.525
-11.124998474121094,136.475
-11.074998474121093,136.475
-11.099998474121094,136.5
-11.124998474121094,136.57500305175782
-11.074998474121093,136.57500305175782
-11.124998474121094,136.5250030517578
-11.074998474121093,136.5250030517578
-11.099998474121094,136.5500030517578
-11.124998474121094,136.92499389648438
-11.074998474121093,136.92499389648438
-11.124998474121094,136.87499389648437
-11.074998474121093,136.87499389648437
-11.099998474121094,136.89999389648438
-11.124998474121094,137.92499389648438
-11.074998474121093,137.92499389648438
-11.124998474121094,137.87499389648437
-11.074998474121093,137.87499389648437
-11.099998474121094,137.89999389648438
-11.124998474121094,137.9749969482422
-11.074998474121093,137.9749969482422
-11.124998474121094,137.92499694824218
-11.074998474121093,137.92499694824218
-11.099998474121094,137.9499969482422
-11.124998474121094,138.025
-11.074998474121093,138.025
-11.124998474121094,137.975
-11.074998474121093,137.975
-11.099998474121094,138.0
-11.124998474121094,138.07500305175782
-11.074998474121093,138.07500305175782
-11.124998474121094,138.0250030517578
-11.074998474121093,138.0250030517578
-11.099998474121094,138.0500030517578
-11.124998474121094,138.4749969482422
-11.074998474121093,138.4749969482422
-11.124998474121094,138.42499694824218
-11.074998474121093,138.42499694824218
-11.099998474121094,138.4499969482422
-11.124998474121094,139.07500305175782
-11.074998474121093,139.07500305175782
-11.124998474121094,139.0250030517578
-11.074998474121093,139.0250030517578
-11.099998474121094,139.0500030517578
-11.175001525878907,131.525
-11.125001525878906,131.525
-11.175001525878907,131.475
-11.125001525878906,131.475
-11.150001525878906,131.5
-11.175001525878907,132.82500305175782
-11.125001525878906,132.82500305175782
-11.175001525878907,132.7750030517578
-11.125001525878906,132.7750030517578
-11.150001525878906,132.8000030517578
-11.175001525878907,132.9749969482422
-11.125001525878906,132.9749969482422
-11.175001525878907,132.92499694824218
-11.125001525878906,132.92499694824218
-11.150001525878906,132.9499969482422
-11.175001525878907,133.025
-11.125001525878906,133.025
-11.175001525878907,132.975
-11.125001525878906,132.975
-11.150001525878906,133.0
-11.175001525878907,133.07500305175782
-11.125001525878906,133.07500305175782
-11.175001525878907,133.0250030517578
-11.125001525878906,133.0250030517578
-11.150001525878906,133.0500030517578
-11.175001525878907,133.12500610351563
-11.125001525878906,133.12500610351563
-11.175001525878907,133.07500610351562
-11.125001525878906,133.07500610351562
-11.150001525878906,133.10000610351562
-11.175001525878907,133.17499389648438
-11.125001525878906,133.17499389648438
-11.175001525878907,133.12499389648437
-11.125001525878906,133.12499389648437
-11.150001525878906,133.14999389648438
-11.175001525878907,136.37500610351563
-11.125001525878906,136.37500610351563
-11.175001525878907,136.32500610351562
-11.125001525878906,136.32500610351562
-11.150001525878906,136.35000610351562
-11.175001525878907,136.42499389648438
-11.125001525878906,136.42499389648438
-11.175001525878907,136.37499389648437
-11.125001525878906,136.37499389648437
-11.150001525878906,136.39999389648438
-11.175001525878907,136.4749969482422
-11.125001525878906,136.4749969482422
-11.175001525878907,136.42499694824218
-11.125001525878906,136.42499694824218
-11.150001525878906,136.4499969482422
-11.175001525878907,136.525
-11.125001525878906,136.525
-11.175001525878907,136.475
-11.125001525878906,136.475
-11.150001525878906,136.5
-11.175001525878907,136.92499389648438
-11.125001525878906,136.92499389648438
-11.175001525878907,136.87499389648437
-11.125001525878906,136.87499389648437
-11.150001525878906,136.89999389648438
-11.175001525878907,136.9749969482422
-11.125001525878906,136.9749969482422
-11.175001525878907,136.92499694824218
-11.125001525878906,136.92499694824218
-11.150001525878906,136.9499969482422
-11.175001525878907,137.025
-11.125001525878906,137.025
-11.175001525878907,136.975
-11.125001525878906,136.975
-11.150001525878906,137.0
-11.175001525878907,137.9749969482422
-11.125001525878906,137.9749969482422
-11.175001525878907,137.92499694824218
-11.125001525878906,137.92499694824218
-11.150001525878906,137.9499969482422
-11.175001525878907,138.025
-11.125001525878906,138.025
-11.175001525878907,137.975
-11.125001525878906,137.975
-11.150001525878906,138.0
-11.175001525878907,138.07500305175782
-11.125001525878906,138.07500305175782
-11.175001525878907,138.0250030517578
-11.125001525878906,138.0250030517578
-11.150001525878906,138.0500030517578
-11.175001525878907,138.275
-11.125001525878906,138.275
-11.175001525878907,138.225
-11.125001525878906,138.225
-11.150001525878906,138.25
-11.175001525878907,138.32500305175782
-11.125001525878906,138.32500305175782
-11.175001525878907,138.2750030517578
-11.125001525878906,138.2750030517578
-11.150001525878906,138.3000030517578
-11.175001525878907,138.37500610351563
-11.125001525878906,138.37500610351563
-11.175001525878907,138.32500610351562
-11.125001525878906,138.32500610351562
-11.150001525878906,138.35000610351562
-11.175001525878907,138.42499389648438
-11.125001525878906,138.42499389648438
-11.175001525878907,138.37499389648437
-11.125001525878906,138.37499389648437
-11.150001525878906,138.39999389648438
-11.175001525878907,138.525
-11.125001525878906,138.525
-11.175001525878907,138.475
-11.125001525878906,138.475
-11.150001525878906,138.5
-11.175001525878907,138.57500305175782
-11.125001525878906,138.57500305175782
-11.175001525878907,138.5250030517578
-11.125001525878906,138.5250030517578
-11.150001525878906,138.5500030517578
-11.225004577636719,130.025
-11.175004577636718,130.025
-11.225004577636719,129.975
-11.175004577636718,129.975
-11.200004577636719,130.0
-11.225004577636719,132.82500305175782
-11.175004577636718,132.82500305175782
-11.225004577636719,132.7750030517578
-11.175004577636718,132.7750030517578
-11.200004577636719,132.8000030517578
-11.225004577636719,132.87500610351563
-11.175004577636718,132.87500610351563
-11.225004577636719,132.82500610351562
-11.175004577636718,132.82500610351562
-11.200004577636719,132.85000610351562
-11.225004577636719,132.92499389648438
-11.175004577636718,132.92499389648438
-11.225004577636719,132.87499389648437
-11.175004577636718,132.87499389648437
-11.200004577636719,132.89999389648438
-11.225004577636719,132.9749969482422
-11.175004577636718,132.9749969482422
-11.225004577636719,132.92499694824218
-11.175004577636718,132.92499694824218
-11.200004577636719,132.9499969482422
-11.225004577636719,133.025
-11.175004577636718,133.025
-11.225004577636719,132.975
-11.175004577636718,132.975
-11.200004577636719,133.0
-11.225004577636719,133.07500305175782
-11.175004577636718,133.07500305175782
-11.225004577636719,133.0250030517578
-11.175004577636718,133.0250030517578
-11.200004577636719,133.0500030517578
-11.225004577636719,133.12500610351563
-11.175004577636718,133.12500610351563
-11.225004577636719,133.07500610351562
-11.175004577636718,133.07500610351562
-11.200004577636719,133.10000610351562
-11.225004577636719,133.17499389648438
-11.175004577636718,133.17499389648438
-11.225004577636719,133.12499389648437
-11.175004577636718,133.12499389648437
-11.200004577636719,133.14999389648438
-11.225004577636719,133.2249969482422
-11.175004577636718,133.2249969482422
-11.225004577636719,133.17499694824218
-11.175004577636718,133.17499694824218
-11.200004577636719,133.1999969482422
-11.225004577636719,136.37500610351563
-11.175004577636718,136.37500610351563
-11.225004577636719,136.32500610351562
-11.175004577636718,136.32500610351562
-11.200004577636719,136.35000610351562
-11.225004577636719,136.42499389648438
-11.175004577636718,136.42499389648438
-11.225004577636719,136.37499389648437
-11.175004577636718,136.37499389648437
-11.200004577636719,136.39999389648438
-11.225004577636719,136.4749969482422
-11.175004577636718,136.4749969482422
-11.225004577636719,136.42499694824218
-11.175004577636718,136.42499694824218
-11.200004577636719,136.4499969482422
-11.225004577636719,136.525
-11.175004577636718,136.525
-11.225004577636719,136.475
-11.175004577636718,136.475
-11.200004577636719,136.5
-11.225004577636719,137.025
-11.175004577636718,137.025
-11.225004577636719,136.975
-11.175004577636718,136.975
-11.200004577636719,137.0
-11.225004577636719,137.07500305175782
-11.175004577636718,137.07500305175782
-11.225004577636719,137.0250030517578
-11.175004577636718,137.0250030517578
-11.200004577636719,137.0500030517578
-11.225004577636719,137.17499389648438
-11.175004577636718,137.17499389648438
-11.225004577636719,137.12499389648437
-11.175004577636718,137.12499389648437
-11.200004577636719,137.14999389648438
-11.225004577636719,137.9749969482422
-11.175004577636718,137.9749969482422
-11.225004577636719,137.92499694824218
-11.175004577636718,137.92499694824218
-11.200004577636719,137.9499969482422
-11.225004577636719,138.025
-11.175004577636718,138.025
-11.225004577636719,137.975
-11.175004577636718,137.975
-11.200004577636719,138.0
-11.225004577636719,138.32500305175782
-11.175004577636718,138.32500305175782
-11.225004577636719,138.2750030517578
-11.175004577636718,138.2750030517578
-11.200004577636719,138.3000030517578
-11.225004577636719,138.62500610351563
-11.175004577636718,138.62500610351563
-11.225004577636719,138.57500610351562
-11.175004577636718,138.57500610351562
-11.200004577636719,138.60000610351562
-11.225004577636719,138.67499389648438
-11.175004577636718,138.67499389648438
-11.225004577636719,138.62499389648437
-11.175004577636718,138.62499389648437
-11.200004577636719,138.64999389648438
-11.225004577636719,139.025
-11.175004577636718,139.025
-11.225004577636719,138.975
-11.175004577636718,138.975
-11.200004577636719,139.0
-11.225004577636719,139.12500610351563
-11.175004577636718,139.12500610351563
-11.225004577636719,139.07500610351562
-11.175004577636718,139.07500610351562
-11.200004577636719,139.10000610351562
-11.275,132.82500305175782
-11.225,132.82500305175782
-11.275,132.7750030517578
-11.225,132.7750030517578
-11.25,132.8000030517578
-11.275,132.87500610351563
-11.225,132.87500610351563
-11.275,132.82500610351562
-11.225,132.82500610351562
-11.25,132.85000610351562
-11.275,132.92499389648438
-11.225,132.92499389648438
-11.275,132.87499389648437
-11.225,132.87499389648437
-11.25,132.89999389648438
-11.275,132.9749969482422
-11.225,132.9749969482422
-11.275,132.92499694824218
-11.225,132.92499694824218
-11.25,132.9499969482422
-11.275,133.025
-11.225,133.025
-11.275,132.975
-11.225,132.975
-11.25,133.0
-11.275,133.07500305175782
-11.225,133.07500305175782
-11.275,133.0250030517578
-11.225,133.0250030517578
-11.25,133.0500030517578
-11.275,133.12500610351563
-11.225,133.12500610351563
-11.275,133.07500610351562
-11.225,133.07500610351562
-11.25,133.10000610351562
-11.275,133.17499389648438
-11.225,133.17499389648438
-11.275,133.12499389648437
-11.225,133.12499389648437
-11.25,133.14999389648438
-11.275,133.2249969482422
-11.225,133.2249969482422
-11.275,133.17499694824218
-11.225,133.17499694824218
-11.25,133.1999969482422
-11.275,136.275
-11.225,136.275
-11.275,136.225
-11.225,136.225
-11.25,136.25
-11.275,136.32500305175782
-11.225,136.32500305175782
-11.275,136.2750030517578
-11.225,136.2750030517578
-11.25,136.3000030517578
-11.275,136.37500610351563
-11.225,136.37500610351563
-11.275,136.32500610351562
-11.225,136.32500610351562
-11.25,136.35000610351562
-11.275,136.42499389648438
-11.225,136.42499389648438
-11.275,136.37499389648437
-11.225,136.37499389648437
-11.25,136.39999389648438
-11.275,136.525
-11.225,136.525
-11.275,136.475
-11.225,136.475
-11.25,136.5
-11.275,136.7249969482422
-11.225,136.7249969482422
-11.275,136.67499694824218
-11.225,136.67499694824218
-11.25,136.6999969482422
-11.275,136.92499389648438
-11.225,136.92499389648438
-11.275,136.87499389648437
-11.225,136.87499389648437
-11.25,136.89999389648438
-11.275,136.9749969482422
-11.225,136.9749969482422
-11.275,136.92499694824218
-11.225,136.92499694824218
-11.25,136.9499969482422
-11.275,137.025
-11.225,137.025
-11.275,136.975
-11.225,136.975
-11.25,137.0
-11.275,137.07500305175782
-11.225,137.07500305175782
-11.275,137.0250030517578
-11.225,137.0250030517578
-11.25,137.0500030517578
-11.275,137.12500610351563
-11.225,137.12500610351563
-11.275,137.07500610351562
-11.225,137.07500610351562
-11.25,137.10000610351562
-11.275,138.57500305175782
-11.225,138.57500305175782
-11.275,138.5250030517578
-11.225,138.5250030517578
-11.25,138.5500030517578
-11.275,138.62500610351563
-11.225,138.62500610351563
-11.275,138.57500610351562
-11.225,138.57500610351562
-11.25,138.60000610351562
-11.275,138.775
-11.225,138.775
-11.275,138.725
-11.225,138.725
-11.25,138.75
-11.275,138.82500305175782
-11.225,138.82500305175782
-11.275,138.7750030517578
-11.225,138.7750030517578
-11.25,138.8000030517578
-11.275,139.025
-11.225,139.025
-11.275,138.975
-11.225,138.975
-11.25,139.0
-11.325003051757813,133.12500610351563
-11.275003051757812,133.12500610351563
-11.325003051757813,133.07500610351562
-11.275003051757812,133.07500610351562
-11.300003051757812,133.10000610351562
-11.325003051757813,133.17499389648438
-11.275003051757812,133.17499389648438
-11.325003051757813,133.12499389648437
-11.275003051757812,133.12499389648437
-11.300003051757812,133.14999389648438
-11.325003051757813,133.2249969482422
-11.275003051757812,133.2249969482422
-11.325003051757813,133.17499694824218
-11.275003051757812,133.17499694824218
-11.300003051757812,133.1999969482422
-11.325003051757813,133.275
-11.275003051757812,133.275
-11.325003051757813,133.225
-11.275003051757812,133.225
-11.300003051757812,133.25
-11.325003051757813,136.2249969482422
-11.275003051757812,136.2249969482422
-11.325003051757813,136.17499694824218
-11.275003051757812,136.17499694824218
-11.300003051757812,136.1999969482422
-11.325003051757813,136.275
-11.275003051757812,136.275
-11.325003051757813,136.225
-11.275003051757812,136.225
-11.300003051757812,136.25
-11.325003051757813,136.92499389648438
-11.275003051757812,136.92499389648438
-11.325003051757813,136.87499389648437
-11.275003051757812,136.87499389648437
-11.300003051757812,136.89999389648438
-11.325003051757813,137.025
-11.275003051757812,137.025
-11.325003051757813,136.975
-11.275003051757812,136.975
-11.300003051757812,137.0
-11.325003051757813,137.07500305175782
-11.275003051757812,137.07500305175782
-11.325003051757813,137.0250030517578
-11.275003051757812,137.0250030517578
-11.300003051757812,137.0500030517578
-11.325003051757813,137.12500610351563
-11.275003051757812,137.12500610351563
-11.325003051757813,137.07500610351562
-11.275003051757812,137.07500610351562
-11.300003051757812,137.10000610351562
-11.325003051757813,137.9749969482422
-11.275003051757812,137.9749969482422
-11.325003051757813,137.92499694824218
-11.275003051757812,137.92499694824218
-11.300003051757812,137.9499969482422
-11.325003051757813,138.775
-11.275003051757812,138.775
-11.325003051757813,138.725
-11.275003051757812,138.725
-11.300003051757812,138.75
-11.325003051757813,138.82500305175782
-11.275003051757812,138.82500305175782
-11.325003051757813,138.7750030517578
-11.275003051757812,138.7750030517578
-11.300003051757812,138.8000030517578
-11.325003051757813,138.9749969482422
-11.275003051757812,138.9749969482422
-11.325003051757813,138.92499694824218
-11.275003051757812,138.92499694824218
-11.300003051757812,138.9499969482422
-11.325003051757813,139.025
-11.275003051757812,139.025
-11.325003051757813,138.975
-11.275003051757812,138.975
-11.300003051757812,139.0
-11.325003051757813,139.07500305175782
-11.275003051757812,139.07500305175782
-11.325003051757813,139.0250030517578
-11.275003051757812,139.0250030517578
-11.300003051757812,139.0500030517578
-11.374998474121094,133.17499389648438
-11.324998474121093,133.17499389648438
-11.374998474121094,133.12499389648437
-11.324998474121093,133.12499389648437
-11.349998474121094,133.14999389648438
-11.374998474121094,133.2249969482422
-11.324998474121093,133.2249969482422
-11.374998474121094,133.17499694824218
-11.324998474121093,133.17499694824218
-11.349998474121094,133.1999969482422
-11.374998474121094,133.275
-11.324998474121093,133.275
-11.374998474121094,133.225
-11.324998474121093,133.225
-11.349998474121094,133.25
-11.374998474121094,133.32500305175782
-11.324998474121093,133.32500305175782
-11.374998474121094,133.2750030517578
-11.324998474121093,133.2750030517578
-11.349998474121094,133.3000030517578
-11.374998474121094,133.525
-11.324998474121093,133.525
-11.374998474121094,133.475
-11.324998474121093,133.475
-11.349998474121094,133.5
-11.374998474121094,133.57500305175782
-11.324998474121093,133.57500305175782
-11.374998474121094,133.5250030517578
-11.324998474121093,133.5250030517578
-11.349998474121094,133.5500030517578
-11.374998474121094,133.62500610351563
-11.324998474121093,133.62500610351563
-11.374998474121094,133.57500610351562
-11.324998474121093,133.57500610351562
-11.349998474121094,133.60000610351562
-11.374998474121094,136.17499389648438
-11.324998474121093,136.17499389648438
-11.374998474121094,136.12499389648437
-11.324998474121093,136.12499389648437
-11.349998474121094,136.14999389648438
-11.374998474121094,136.2249969482422
-11.324998474121093,136.2249969482422
-11.374998474121094,136.17499694824218
-11.324998474121093,136.17499694824218
-11.349998474121094,136.1999969482422
-11.374998474121094,136.92499389648438
-11.324998474121093,136.92499389648438
-11.374998474121094,136.87499389648437
-11.324998474121093,136.87499389648437
-11.349998474121094,136.89999389648438
-11.374998474121094,137.9749969482422
-11.324998474121093,137.9749969482422
-11.374998474121094,137.92499694824218
-11.324998474121093,137.92499694824218
-11.349998474121094,137.9499969482422
-11.374998474121094,138.87500610351563
-11.324998474121093,138.87500610351563
-11.374998474121094,138.82500610351562
-11.324998474121093,138.82500610351562
-11.349998474121094,138.85000610351562
-11.374998474121094,138.92499389648438
-11.324998474121093,138.92499389648438
-11.374998474121094,138.87499389648437
-11.324998474121093,138.87499389648437
-11.349998474121094,138.89999389648438
-11.374998474121094,138.9749969482422
-11.324998474121093,138.9749969482422
-11.374998474121094,138.92499694824218
-11.324998474121093,138.92499694824218
-11.349998474121094,138.9499969482422
-11.374998474121094,139.025
-11.324998474121093,139.025
-11.374998474121094,138.975
-11.324998474121093,138.975
-11.349998474121094,139.0
-11.425001525878907,133.2249969482422
-11.375001525878906,133.2249969482422
-11.425001525878907,133.17499694824218
-11.375001525878906,133.17499694824218
-11.400001525878906,133.1999969482422
-11.425001525878907,133.275
-11.375001525878906,133.275
-11.425001525878907,133.225
-11.375001525878906,133.225
-11.400001525878906,133.25
-11.425001525878907,133.32500305175782
-11.375001525878906,133.32500305175782
-11.425001525878907,133.2750030517578
-11.375001525878906,133.2750030517578
-11.400001525878906,133.3000030517578
-11.425001525878907,133.37500610351563
-11.375001525878906,133.37500610351563
-11.425001525878907,133.32500610351562
-11.375001525878906,133.32500610351562
-11.400001525878906,133.35000610351562
-11.425001525878907,133.42499389648438
-11.375001525878906,133.42499389648438
-11.425001525878907,133.37499389648437
-11.375001525878906,133.37499389648437
-11.400001525878906,133.39999389648438
-11.425001525878907,133.4749969482422
-11.375001525878906,133.4749969482422
-11.425001525878907,133.42499694824218
-11.375001525878906,133.42499694824218
-11.400001525878906,133.4499969482422
-11.425001525878907,133.62500610351563
-11.375001525878906,133.62500610351563
-11.425001525878907,133.57500610351562
-11.375001525878906,133.57500610351562
-11.400001525878906,133.60000610351562
-11.425001525878907,134.17499389648438
-11.375001525878906,134.17499389648438
-11.425001525878907,134.12499389648437
-11.375001525878906,134.12499389648437
-11.400001525878906,134.14999389648438
-11.425001525878907,134.2249969482422
-11.375001525878906,134.2249969482422
-11.425001525878907,134.17499694824218
-11.375001525878906,134.17499694824218
-11.400001525878906,134.1999969482422
-11.425001525878907,134.7249969482422
-11.375001525878906,134.7249969482422
-11.425001525878907,134.67499694824218
-11.375001525878906,134.67499694824218
-11.400001525878906,134.6999969482422
-11.425001525878907,135.17499389648438
-11.375001525878906,135.17499389648438
-11.425001525878907,135.12499389648437
-11.375001525878906,135.12499389648437
-11.400001525878906,135.14999389648438
-11.425001525878907,136.025
-11.375001525878906,136.025
-11.425001525878907,135.975
-11.375001525878906,135.975
-11.400001525878906,136.0
-11.425001525878907,136.07500305175782
-11.375001525878906,136.07500305175782
-11.425001525878907,136.0250030517578
-11.375001525878906,136.0250030517578
-11.400001525878906,136.0500030517578
-11.425001525878907,136.12500610351563
-11.375001525878906,136.12500610351563
-11.425001525878907,136.07500610351562
-11.375001525878906,136.07500610351562
-11.400001525878906,136.10000610351562
-11.425001525878907,136.17499389648438
-11.375001525878906,136.17499389648438
-11.425001525878907,136.12499389648437
-11.375001525878906,136.12499389648437
-11.400001525878906,136.14999389648438
-11.425001525878907,136.2249969482422
-11.375001525878906,136.2249969482422
-11.425001525878907,136.17499694824218
-11.375001525878906,136.17499694824218
-11.400001525878906,136.1999969482422
-11.425001525878907,136.67499389648438
-11.375001525878906,136.67499389648438
-11.425001525878907,136.62499389648437
-11.375001525878906,136.62499389648437
-11.400001525878906,136.64999389648438
-11.425001525878907,137.92499389648438
-11.375001525878906,137.92499389648438
-11.425001525878907,137.87499389648437
-11.375001525878906,137.87499389648437
-11.400001525878906,137.89999389648438
-11.425001525878907,137.9749969482422
-11.375001525878906,137.9749969482422
-11.425001525878907,137.92499694824218
-11.375001525878906,137.92499694824218
-11.400001525878906,137.9499969482422
-11.475004577636719,130.025
-11.425004577636718,130.025
-11.475004577636719,129.975
-11.425004577636718,129.975
-11.450004577636719,130.0
-11.475004577636719,131.62500610351563
-11.425004577636718,131.62500610351563
-11.475004577636719,131.57500610351562
-11.425004577636718,131.57500610351562
-11.450004577636719,131.60000610351562
-11.475004577636719,133.275
-11.425004577636718,133.275
-11.475004577636719,133.225
-11.425004577636718,133.225
-11.450004577636719,133.25
-11.475004577636719,133.32500305175782
-11.425004577636718,133.32500305175782
-11.475004577636719,133.2750030517578
-11.425004577636718,133.2750030517578
-11.450004577636719,133.3000030517578
-11.475004577636719,133.67499389648438
-11.425004577636718,133.67499389648438
-11.475004577636719,133.62499389648437
-11.425004577636718,133.62499389648437
-11.450004577636719,133.64999389648438
-11.475004577636719,134.275
-11.425004577636718,134.275
-11.475004577636719,134.225
-11.425004577636718,134.225
-11.450004577636719,134.25
-11.475004577636719,134.7249969482422
-11.425004577636718,134.7249969482422
-11.475004577636719,134.67499694824218
-11.425004577636718,134.67499694824218
-11.450004577636719,134.6999969482422
-11.475004577636719,134.9749969482422
-11.425004577636718,134.9749969482422
-11.475004577636719,134.92499694824218
-11.425004577636718,134.92499694824218
-11.450004577636719,134.9499969482422
-11.475004577636719,135.025
-11.425004577636718,135.025
-11.475004577636719,134.975
-11.425004577636718,134.975
-11.450004577636719,135.0
-11.475004577636719,135.07500305175782
-11.425004577636718,135.07500305175782
-11.475004577636719,135.0250030517578
-11.425004577636718,135.0250030517578
-11.450004577636719,135.0500030517578
-11.475004577636719,135.12500610351563
-11.425004577636718,135.12500610351563
-11.475004577636719,135.07500610351562
-11.425004577636718,135.07500610351562
-11.450004577636719,135.10000610351562
-11.475004577636719,136.07500305175782
-11.425004577636718,136.07500305175782
-11.475004577636719,136.0250030517578
-11.425004577636718,136.0250030517578
-11.450004577636719,136.0500030517578
-11.475004577636719,136.12500610351563
-11.425004577636718,136.12500610351563
-11.475004577636719,136.07500610351562
-11.425004577636718,136.07500610351562
-11.450004577636719,136.10000610351562
-11.475004577636719,136.17499389648438
-11.425004577636718,136.17499389648438
-11.475004577636719,136.12499389648437
-11.425004577636718,136.12499389648437
-11.450004577636719,136.14999389648438
-11.475004577636719,136.2249969482422
-11.425004577636718,136.2249969482422
-11.475004577636719,136.17499694824218
-11.425004577636718,136.17499694824218
-11.450004577636719,136.1999969482422
-11.475004577636719,136.67499389648438
-11.425004577636718,136.67499389648438
-11.475004577636719,136.62499389648437
-11.425004577636718,136.62499389648437
-11.450004577636719,136.64999389648438
-11.475004577636719,137.87500610351563
-11.425004577636718,137.87500610351563
-11.475004577636719,137.82500610351562
-11.425004577636718,137.82500610351562
-11.450004577636719,137.85000610351562
-11.475004577636719,137.92499389648438
-11.425004577636718,137.92499389648438
-11.475004577636719,137.87499389648437
-11.425004577636718,137.87499389648437
-11.450004577636719,137.89999389648438
-11.475004577636719,137.9749969482422
-11.425004577636718,137.9749969482422
-11.475004577636719,137.92499694824218
-11.425004577636718,137.92499694824218
-11.450004577636719,137.9499969482422
-11.525,131.525
-11.475,131.525
-11.525,131.475
-11.475,131.475
-11.5,131.5
-11.525,131.57500305175782
-11.475,131.57500305175782
-11.525,131.5250030517578
-11.475,131.5250030517578
-11.5,131.5500030517578
-11.525,131.62500610351563
-11.475,131.62500610351563
-11.525,131.57500610351562
-11.475,131.57500610351562
-11.5,131.60000610351562
-11.525,133.7249969482422
-11.475,133.7249969482422
-11.525,133.67499694824218
-11.475,133.67499694824218
-11.5,133.6999969482422
-11.525,134.07500305175782
-11.475,134.07500305175782
-11.525,134.0250030517578
-11.475,134.0250030517578
-11.5,134.0500030517578
-11.525,134.67499389648438
-11.475,134.67499389648438
-11.525,134.62499389648437
-11.475,134.62499389648437
-11.5,134.64999389648438
-11.525,134.7249969482422
-11.475,134.7249969482422
-11.525,134.67499694824218
-11.475,134.67499694824218
-11.5,134.6999969482422
-11.525,134.775
-11.475,134.775
-11.525,134.725
-11.475,134.725
-11.5,134.75
-11.525,134.82500305175782
-11.475,134.82500305175782
-11.525,134.7750030517578
-11.475,134.7750030517578
-11.5,134.8000030517578
-11.525,134.87500610351563
-11.475,134.87500610351563
-11.525,134.82500610351562
-11.475,134.82500610351562
-11.5,134.85000610351562
-11.525,134.92499389648438
-11.475,134.92499389648438
-11.525,134.87499389648437
-11.475,134.87499389648437
-11.5,134.89999389648438
-11.525,134.9749969482422
-11.475,134.9749969482422
-11.525,134.92499694824218
-11.475,134.92499694824218
-11.5,134.9499969482422
-11.525,135.025
-11.475,135.025
-11.525,134.975
-11.475,134.975
-11.5,135.0
-11.525,136.07500305175782
-11.475,136.07500305175782
-11.525,136.0250030517578
-11.475,136.0250030517578
-11.5,136.0500030517578
-11.525,136.12500610351563
-11.475,136.12500610351563
-11.525,136.07500610351562
-11.475,136.07500610351562
-11.5,136.10000610351562
-11.525,136.17499389648438
-11.475,136.17499389648438
-11.525,136.12499389648437
-11.475,136.12499389648437
-11.5,136.14999389648438
-11.525,136.2249969482422
-11.475,136.2249969482422
-11.525,136.17499694824218
-11.475,136.17499694824218
-11.5,136.1999969482422
-11.525,137.87500610351563
-11.475,137.87500610351563
-11.525,137.82500610351562
-11.475,137.82500610351562
-11.5,137.85000610351562
-11.525,137.92499389648438
-11.475,137.92499389648438
-11.525,137.87499389648437
-11.475,137.87499389648437
-11.5,137.89999389648438
-11.525,138.87500610351563
-11.475,138.87500610351563
-11.525,138.82500610351562
-11.475,138.82500610351562
-11.5,138.85000610351562
-11.525,138.92499389648438
-11.475,138.92499389648438
-11.525,138.87499389648437
-11.475,138.87499389648437
-11.5,138.89999389648438
-11.525,139.025
-11.475,139.025
-11.525,138.975
-11.475,138.975
-11.5,139.0
-11.525,139.07500305175782
-11.475,139.07500305175782
-11.525,139.0250030517578
-11.475,139.0250030517578
-11.5,139.0500030517578
-11.525,139.12500610351563
-11.475,139.12500610351563
-11.525,139.07500610351562
-11.475,139.07500610351562
-11.5,139.10000610351562
-11.525,139.2249969482422
-11.475,139.2249969482422
-11.525,139.17499694824218
-11.475,139.17499694824218
-11.5,139.1999969482422
-11.525,139.275
-11.475,139.275
-11.525,139.225
-11.475,139.225
-11.5,139.25
-11.525,139.32500305175782
-11.475,139.32500305175782
-11.525,139.2750030517578
-11.475,139.2750030517578
-11.5,139.3000030517578
-11.575003051757813,129.9749969482422
-11.525003051757812,129.9749969482422
-11.575003051757813,129.92499694824218
-11.525003051757812,129.92499694824218
-11.550003051757812,129.9499969482422
-11.575003051757813,131.525
-11.525003051757812,131.525
-11.575003051757813,131.475
-11.525003051757812,131.475
-11.550003051757812,131.5
-11.575003051757813,131.57500305175782
-11.525003051757812,131.57500305175782
-11.575003051757813,131.5250030517578
-11.525003051757812,131.5250030517578
-11.550003051757812,131.5500030517578
-11.575003051757813,131.62500610351563
-11.525003051757812,131.62500610351563
-11.575003051757813,131.57500610351562
-11.525003051757812,131.57500610351562
-11.550003051757812,131.60000610351562
-11.575003051757813,133.7249969482422
-11.525003051757812,133.7249969482422
-11.575003051757813,133.67499694824218
-11.525003051757812,133.67499694824218
-11.550003051757812,133.6999969482422
-11.575003051757813,133.775
-11.525003051757812,133.775
-11.575003051757813,133.725
-11.525003051757812,133.725
-11.550003051757812,133.75
-11.575003051757813,133.82500305175782
-11.525003051757812,133.82500305175782
-11.575003051757813,133.7750030517578
-11.525003051757812,133.7750030517578
-11.550003051757812,133.8000030517578
-11.575003051757813,133.87500610351563
-11.525003051757812,133.87500610351563
-11.575003051757813,133.82500610351562
-11.525003051757812,133.82500610351562
-11.550003051757812,133.85000610351562
-11.575003051757813,134.07500305175782
-11.525003051757812,134.07500305175782
-11.575003051757813,134.0250030517578
-11.525003051757812,134.0250030517578
-11.550003051757812,134.0500030517578
-11.575003051757813,134.57500305175782
-11.525003051757812,134.57500305175782
-11.575003051757813,134.5250030517578
-11.525003051757812,134.5250030517578
-11.550003051757812,134.5500030517578
-11.575003051757813,134.62500610351563
-11.525003051757812,134.62500610351563
-11.575003051757813,134.57500610351562
-11.525003051757812,134.57500610351562
-11.550003051757812,134.60000610351562
-11.575003051757813,134.7249969482422
-11.525003051757812,134.7249969482422
-11.575003051757813,134.67499694824218
-11.525003051757812,134.67499694824218
-11.550003051757812,134.6999969482422
-11.575003051757813,134.775
-11.525003051757812,134.775
-11.575003051757813,134.725
-11.525003051757812,134.725
-11.550003051757812,134.75
-11.575003051757813,134.82500305175782
-11.525003051757812,134.82500305175782
-11.575003051757813,134.7750030517578
-11.525003051757812,134.7750030517578
-11.550003051757812,134.8000030517578
-11.575003051757813,134.92499389648438
-11.525003051757812,134.92499389648438
-11.575003051757813,134.87499389648437
-11.525003051757812,134.87499389648437
-11.550003051757812,134.89999389648438
-11.575003051757813,135.12500610351563
-11.525003051757812,135.12500610351563
-11.575003051757813,135.07500610351562
-11.525003051757812,135.07500610351562
-11.550003051757812,135.10000610351562
-11.575003051757813,135.17499389648438
-11.525003051757812,135.17499389648438
-11.575003051757813,135.12499389648437
-11.525003051757812,135.12499389648437
-11.550003051757812,135.14999389648438
-11.575003051757813,135.2249969482422
-11.525003051757812,135.2249969482422
-11.575003051757813,135.17499694824218
-11.525003051757812,135.17499694824218
-11.550003051757812,135.1999969482422
-11.575003051757813,135.82500305175782
-11.525003051757812,135.82500305175782
-11.575003051757813,135.7750030517578
-11.525003051757812,135.7750030517578
-11.550003051757812,135.8000030517578
-11.575003051757813,135.87500610351563
-11.525003051757812,135.87500610351563
-11.575003051757813,135.82500610351562
-11.525003051757812,135.82500610351562
-11.550003051757812,135.85000610351562
-11.575003051757813,135.9749969482422
-11.525003051757812,135.9749969482422
-11.575003051757813,135.92499694824218
-11.525003051757812,135.92499694824218
-11.550003051757812,135.9499969482422
-11.575003051757813,136.025
-11.525003051757812,136.025
-11.575003051757813,135.975
-11.525003051757812,135.975
-11.550003051757812,136.0
-11.575003051757813,136.12500610351563
-11.525003051757812,136.12500610351563
-11.575003051757813,136.07500610351562
-11.525003051757812,136.07500610351562
-11.550003051757812,136.10000610351562
-11.575003051757813,136.775
-11.525003051757812,136.775
-11.575003051757813,136.725
-11.525003051757812,136.725
-11.550003051757812,136.75
-11.575003051757813,136.82500305175782
-11.525003051757812,136.82500305175782
-11.575003051757813,136.7750030517578
-11.525003051757812,136.7750030517578
-11.550003051757812,136.8000030517578
-11.575003051757813,136.87500610351563
-11.525003051757812,136.87500610351563
-11.575003051757813,136.82500610351562
-11.525003051757812,136.82500610351562
-11.550003051757812,136.85000610351562
-11.575003051757813,137.82500305175782
-11.525003051757812,137.82500305175782
-11.575003051757813,137.7750030517578
-11.525003051757812,137.7750030517578
-11.550003051757812,137.8000030517578
-11.575003051757813,137.87500610351563
-11.525003051757812,137.87500610351563
-11.575003051757813,137.82500610351562
-11.525003051757812,137.82500610351562
-11.550003051757812,137.85000610351562
-11.575003051757813,138.92499389648438
-11.525003051757812,138.92499389648438
-11.575003051757813,138.87499389648437
-11.525003051757812,138.87499389648437
-11.550003051757812,138.89999389648438
-11.575003051757813,138.9749969482422
-11.525003051757812,138.9749969482422
-11.575003051757813,138.92499694824218
-11.525003051757812,138.92499694824218
-11.550003051757812,138.9499969482422
-11.575003051757813,139.025
-11.525003051757812,139.025
-11.575003051757813,138.975
-11.525003051757812,138.975
-11.550003051757812,139.0
-11.575003051757813,139.07500305175782
-11.525003051757812,139.07500305175782
-11.575003051757813,139.0250030517578
-11.525003051757812,139.0250030517578
-11.550003051757812,139.0500030517578
-11.575003051757813,139.12500610351563
-11.525003051757812,139.12500610351563
-11.575003051757813,139.07500610351562
-11.525003051757812,139.07500610351562
-11.550003051757812,139.10000610351562
-11.575003051757813,139.2249969482422
-11.525003051757812,139.2249969482422
-11.575003051757813,139.17499694824218
-11.525003051757812,139.17499694824218
-11.550003051757812,139.1999969482422
-11.575003051757813,139.275
-11.525003051757812,139.275
-11.575003051757813,139.225
-11.525003051757812,139.225
-11.550003051757812,139.25
-11.575003051757813,139.32500305175782
-11.525003051757812,139.32500305175782
-11.575003051757813,139.2750030517578
-11.525003051757812,139.2750030517578
-11.550003051757812,139.3000030517578
-11.624998474121094,129.9749969482422
-11.574998474121093,129.9749969482422
-11.624998474121094,129.92499694824218
-11.574998474121093,129.92499694824218
-11.599998474121094,129.9499969482422
-11.624998474121094,131.525
-11.574998474121093,131.525
-11.624998474121094,131.475
-11.574998474121093,131.475
-11.599998474121094,131.5
-11.624998474121094,131.57500305175782
-11.574998474121093,131.57500305175782
-11.624998474121094,131.5250030517578
-11.574998474121093,131.5250030517578
-11.599998474121094,131.5500030517578
-11.624998474121094,131.62500610351563
-11.574998474121093,131.62500610351563
-11.624998474121094,131.57500610351562
-11.574998474121093,131.57500610351562
-11.599998474121094,131.60000610351562
-11.624998474121094,133.87500610351563
-11.574998474121093,133.87500610351563
-11.624998474121094,133.82500610351562
-11.574998474121093,133.82500610351562
-11.599998474121094,133.85000610351562
-11.624998474121094,133.92499389648438
-11.574998474121093,133.92499389648438
-11.624998474121094,133.87499389648437
-11.574998474121093,133.87499389648437
-11.599998474121094,133.89999389648438
-11.624998474121094,134.07500305175782
-11.574998474121093,134.07500305175782
-11.624998474121094,134.0250030517578
-11.574998474121093,134.0250030517578
-11.599998474121094,134.0500030517578
-11.624998474121094,134.12500610351563
-11.574998474121093,134.12500610351563
-11.624998474121094,134.07500610351562
-11.574998474121093,134.07500610351562
-11.599998474121094,134.10000610351562
-11.624998474121094,135.12500610351563
-11.574998474121093,135.12500610351563
-11.624998474121094,135.07500610351562
-11.574998474121093,135.07500610351562
-11.599998474121094,135.10000610351562
-11.624998474121094,135.87500610351563
-11.574998474121093,135.87500610351563
-11.624998474121094,135.82500610351562
-11.574998474121093,135.82500610351562
-11.599998474121094,135.85000610351562
-11.624998474121094,135.92499389648438
-11.574998474121093,135.92499389648438
-11.624998474121094,135.87499389648437
-11.574998474121093,135.87499389648437
-11.599998474121094,135.89999389648438
-11.624998474121094,135.9749969482422
-11.574998474121093,135.9749969482422
-11.624998474121094,135.92499694824218
-11.574998474121093,135.92499694824218
-11.599998474121094,135.9499969482422
-11.624998474121094,136.525
-11.574998474121093,136.525
-11.624998474121094,136.475
-11.574998474121093,136.475
-11.599998474121094,136.5
-11.624998474121094,136.57500305175782
-11.574998474121093,136.57500305175782
-11.624998474121094,136.5250030517578
-11.574998474121093,136.5250030517578
-11.599998474121094,136.5500030517578
-11.624998474121094,136.62500610351563
-11.574998474121093,136.62500610351563
-11.624998474121094,136.57500610351562
-11.574998474121093,136.57500610351562
-11.599998474121094,136.60000610351562
-11.624998474121094,136.67499389648438
-11.574998474121093,136.67499389648438
-11.624998474121094,136.62499389648437
-11.574998474121093,136.62499389648437
-11.599998474121094,136.64999389648438
-11.624998474121094,136.7249969482422
-11.574998474121093,136.7249969482422
-11.624998474121094,136.67499694824218
-11.574998474121093,136.67499694824218
-11.599998474121094,136.6999969482422
-11.624998474121094,136.775
-11.574998474121093,136.775
-11.624998474121094,136.725
-11.574998474121093,136.725
-11.599998474121094,136.75
-11.624998474121094,136.82500305175782
-11.574998474121093,136.82500305175782
-11.624998474121094,136.7750030517578
-11.574998474121093,136.7750030517578
-11.599998474121094,136.8000030517578
-11.624998474121094,136.87500610351563
-11.574998474121093,136.87500610351563
-11.624998474121094,136.82500610351562
-11.574998474121093,136.82500610351562
-11.599998474121094,136.85000610351562
-11.624998474121094,136.92499389648438
-11.574998474121093,136.92499389648438
-11.624998474121094,136.87499389648437
-11.574998474121093,136.87499389648437
-11.599998474121094,136.89999389648438
-11.624998474121094,137.775
-11.574998474121093,137.775
-11.624998474121094,137.725
-11.574998474121093,137.725
-11.599998474121094,137.75
-11.624998474121094,138.92499389648438
-11.574998474121093,138.92499389648438
-11.624998474121094,138.87499389648437
-11.574998474121093,138.87499389648437
-11.599998474121094,138.89999389648438
-11.624998474121094,138.9749969482422
-11.574998474121093,138.9749969482422
-11.624998474121094,138.92499694824218
-11.574998474121093,138.92499694824218
-11.599998474121094,138.9499969482422
-11.624998474121094,139.025
-11.574998474121093,139.025
-11.624998474121094,138.975
-11.574998474121093,138.975
-11.599998474121094,139.0
-11.675001525878907,129.9749969482422
-11.625001525878906,129.9749969482422
-11.675001525878907,129.92499694824218
-11.625001525878906,129.92499694824218
-11.650001525878906,129.9499969482422
-11.675001525878907,131.42499389648438
-11.625001525878906,131.42499389648438
-11.675001525878907,131.37499389648437
-11.625001525878906,131.37499389648437
-11.650001525878906,131.39999389648438
-11.675001525878907,131.4749969482422
-11.625001525878906,131.4749969482422
-11.675001525878907,131.42499694824218
-11.625001525878906,131.42499694824218
-11.650001525878906,131.4499969482422
-11.675001525878907,131.525
-11.625001525878906,131.525
-11.675001525878907,131.475
-11.625001525878906,131.475
-11.650001525878906,131.5
-11.675001525878907,131.57500305175782
-11.625001525878906,131.57500305175782
-11.675001525878907,131.5250030517578
-11.625001525878906,131.5250030517578
-11.650001525878906,131.5500030517578
-11.675001525878907,133.9749969482422
-11.625001525878906,133.9749969482422
-11.675001525878907,133.92499694824218
-11.625001525878906,133.92499694824218
-11.650001525878906,133.9499969482422
-11.675001525878907,134.025
-11.625001525878906,134.025
-11.675001525878907,133.975
-11.625001525878906,133.975
-11.650001525878906,134.0
-11.675001525878907,134.07500305175782
-11.625001525878906,134.07500305175782
-11.675001525878907,134.0250030517578
-11.625001525878906,134.0250030517578
-11.650001525878906,134.0500030517578
-11.675001525878907,134.12500610351563
-11.625001525878906,134.12500610351563
-11.675001525878907,134.07500610351562
-11.625001525878906,134.07500610351562
-11.650001525878906,134.10000610351562
-11.675001525878907,134.17499389648438
-11.625001525878906,134.17499389648438
-11.675001525878907,134.12499389648437
-11.625001525878906,134.12499389648437
-11.650001525878906,134.14999389648438
-11.675001525878907,135.12500610351563
-11.625001525878906,135.12500610351563
-11.675001525878907,135.07500610351562
-11.625001525878906,135.07500610351562
-11.650001525878906,135.10000610351562
-11.675001525878907,135.7249969482422
-11.625001525878906,135.7249969482422
-11.675001525878907,135.67499694824218
-11.625001525878906,135.67499694824218
-11.650001525878906,135.6999969482422
-11.675001525878907,135.82500305175782
-11.625001525878906,135.82500305175782
-11.675001525878907,135.7750030517578
-11.625001525878906,135.7750030517578
-11.650001525878906,135.8000030517578
-11.675001525878907,135.87500610351563
-11.625001525878906,135.87500610351563
-11.675001525878907,135.82500610351562
-11.625001525878906,135.82500610351562
-11.650001525878906,135.85000610351562
-11.675001525878907,135.92499389648438
-11.625001525878906,135.92499389648438
-11.675001525878907,135.87499389648437
-11.625001525878906,135.87499389648437
-11.650001525878906,135.89999389648438
-11.675001525878907,136.57500305175782
-11.625001525878906,136.57500305175782
-11.675001525878907,136.5250030517578
-11.625001525878906,136.5250030517578
-11.650001525878906,136.5500030517578
-11.675001525878907,136.62500610351563
-11.625001525878906,136.62500610351563
-11.675001525878907,136.57500610351562
-11.625001525878906,136.57500610351562
-11.650001525878906,136.60000610351562
-11.675001525878907,136.67499389648438
-11.625001525878906,136.67499389648438
-11.675001525878907,136.62499389648437
-11.625001525878906,136.62499389648437
-11.650001525878906,136.64999389648438
-11.675001525878907,136.7249969482422
-11.625001525878906,136.7249969482422
-11.675001525878907,136.67499694824218
-11.625001525878906,136.67499694824218
-11.650001525878906,136.6999969482422
-11.675001525878907,136.775
-11.625001525878906,136.775
-11.675001525878907,136.725
-11.625001525878906,136.725
-11.650001525878906,136.75
-11.675001525878907,136.82500305175782
-11.625001525878906,136.82500305175782
-11.675001525878907,136.7750030517578
-11.625001525878906,136.7750030517578
-11.650001525878906,136.8000030517578
-11.675001525878907,138.92499389648438
-11.625001525878906,138.92499389648438
-11.675001525878907,138.87499389648437
-11.625001525878906,138.87499389648437
-11.650001525878906,138.89999389648438
-11.675001525878907,138.9749969482422
-11.625001525878906,138.9749969482422
-11.675001525878907,138.92499694824218
-11.625001525878906,138.92499694824218
-11.650001525878906,138.9499969482422
-11.675001525878907,139.025
-11.625001525878906,139.025
-11.675001525878907,138.975
-11.625001525878906,138.975
-11.650001525878906,139.0
-11.725004577636719,130.025
-11.675004577636718,130.025
-11.725004577636719,129.975
-11.675004577636718,129.975
-11.700004577636719,130.0
-11.725004577636719,131.42499389648438
-11.675004577636718,131.42499389648438
-11.725004577636719,131.37499389648437
-11.675004577636718,131.37499389648437
-11.700004577636719,131.39999389648438
-11.725004577636719,131.4749969482422
-11.675004577636718,131.4749969482422
-11.725004577636719,131.42499694824218
-11.675004577636718,131.42499694824218
-11.700004577636719,131.4499969482422
-11.725004577636719,131.525
-11.675004577636718,131.525
-11.725004577636719,131.475
-11.675004577636718,131.475
-11.700004577636719,131.5
-11.725004577636719,132.025
-11.675004577636718,132.025
-11.725004577636719,131.975
-11.675004577636718,131.975
-11.700004577636719,132.0
-11.725004577636719,132.07500305175782
-11.675004577636718,132.07500305175782
-11.725004577636719,132.0250030517578
-11.675004577636718,132.0250030517578
-11.700004577636719,132.0500030517578
-11.725004577636719,134.07500305175782
-11.675004577636718,134.07500305175782
-11.725004577636719,134.0250030517578
-11.675004577636718,134.0250030517578
-11.700004577636719,134.0500030517578
-11.725004577636719,134.12500610351563
-11.675004577636718,134.12500610351563
-11.725004577636719,134.07500610351562
-11.675004577636718,134.07500610351562
-11.700004577636719,134.10000610351562
-11.725004577636719,135.12500610351563
-11.675004577636718,135.12500610351563
-11.725004577636719,135.07500610351562
-11.675004577636718,135.07500610351562
-11.700004577636719,135.10000610351562
-11.725004577636719,135.2249969482422
-11.675004577636718,135.2249969482422
-11.725004577636719,135.17499694824218
-11.675004577636718,135.17499694824218
-11.700004577636719,135.1999969482422
-11.725004577636719,135.275
-11.675004577636718,135.275
-11.725004577636719,135.225
-11.675004577636718,135.225
-11.700004577636719,135.25
-11.725004577636719,135.32500305175782
-11.675004577636718,135.32500305175782
-11.725004577636719,135.2750030517578
-11.675004577636718,135.2750030517578
-11.700004577636719,135.3000030517578
-11.725004577636719,135.525
-11.675004577636718,135.525
-11.725004577636719,135.475
-11.675004577636718,135.475
-11.700004577636719,135.5
-11.725004577636719,135.57500305175782
-11.675004577636718,135.57500305175782
-11.725004577636719,135.5250030517578
-11.675004577636718,135.5250030517578
-11.700004577636719,135.5500030517578
-11.725004577636719,135.62500610351563
-11.675004577636718,135.62500610351563
-11.725004577636719,135.57500610351562
-11.675004577636718,135.57500610351562
-11.700004577636719,135.60000610351562
-11.725004577636719,135.67499389648438
-11.675004577636718,135.67499389648438
-11.725004577636719,135.62499389648437
-11.675004577636718,135.62499389648437
-11.700004577636719,135.64999389648438
-11.725004577636719,135.7249969482422
-11.675004577636718,135.7249969482422
-11.725004577636719,135.67499694824218
-11.675004577636718,135.67499694824218
-11.700004577636719,135.6999969482422
-11.725004577636719,136.57500305175782
-11.675004577636718,136.57500305175782
-11.725004577636719,136.5250030517578
-11.675004577636718,136.5250030517578
-11.700004577636719,136.5500030517578
-11.725004577636719,136.62500610351563
-11.675004577636718,136.62500610351563
-11.725004577636719,136.57500610351562
-11.675004577636718,136.57500610351562
-11.700004577636719,136.60000610351562
-11.725004577636719,136.67499389648438
-11.675004577636718,136.67499389648438
-11.725004577636719,136.62499389648437
-11.675004577636718,136.62499389648437
-11.700004577636719,136.64999389648438
-11.725004577636719,138.92499389648438
-11.675004577636718,138.92499389648438
-11.725004577636719,138.87499389648437
-11.675004577636718,138.87499389648437
-11.700004577636719,138.89999389648438
-11.725004577636719,138.9749969482422
-11.675004577636718,138.9749969482422
-11.725004577636719,138.92499694824218
-11.675004577636718,138.92499694824218
-11.700004577636719,138.9499969482422
-11.775,131.32500305175782
-11.725,131.32500305175782
-11.775,131.2750030517578
-11.725,131.2750030517578
-11.75,131.3000030517578
-11.775,131.37500610351563
-11.725,131.37500610351563
-11.775,131.32500610351562
-11.725,131.32500610351562
-11.75,131.35000610351562
-11.775,131.42499389648438
-11.725,131.42499389648438
-11.775,131.37499389648437
-11.725,131.37499389648437
-11.75,131.39999389648438
-11.775,131.4749969482422
-11.725,131.4749969482422
-11.775,131.42499694824218
-11.725,131.42499694824218
-11.75,131.4499969482422
-11.775,131.525
-11.725,131.525
-11.775,131.475
-11.725,131.475
-11.75,131.5
-11.775,132.12500610351563
-11.725,132.12500610351563
-11.775,132.07500610351562
-11.725,132.07500610351562
-11.75,132.10000610351562
-11.775,134.12500610351563
-11.725,134.12500610351563
-11.775,134.07500610351562
-11.725,134.07500610351562
-11.75,134.10000610351562
-11.775,134.525
-11.725,134.525
-11.775,134.475
-11.725,134.475
-11.75,134.5
-11.775,135.12500610351563
-11.725,135.12500610351563
-11.775,135.07500610351562
-11.725,135.07500610351562
-11.75,135.10000610351562
-11.775,135.2249969482422
-11.725,135.2249969482422
-11.775,135.17499694824218
-11.725,135.17499694824218
-11.75,135.1999969482422
-11.775,135.275
-11.725,135.275
-11.775,135.225
-11.725,135.225
-11.75,135.25
-11.775,135.525
-11.725,135.525
-11.775,135.475
-11.725,135.475
-11.75,135.5
-11.775,135.57500305175782
-11.725,135.57500305175782
-11.775,135.5250030517578
-11.725,135.5250030517578
-11.75,135.5500030517578
-11.775,135.62500610351563
-11.725,135.62500610351563
-11.775,135.57500610351562
-11.725,135.57500610351562
-11.75,135.60000610351562
-11.775,136.67499389648438
-11.725,136.67499389648438
-11.775,136.62499389648437
-11.725,136.62499389648437
-11.75,136.64999389648438
-11.775,136.7249969482422
-11.725,136.7249969482422
-11.775,136.67499694824218
-11.725,136.67499694824218
-11.75,136.6999969482422
-11.775,136.775
-11.725,136.775
-11.775,136.725
-11.725,136.725
-11.75,136.75
-11.825003051757813,130.275
-11.775003051757812,130.275
-11.825003051757813,130.225
-11.775003051757812,130.225
-11.800003051757812,130.25
-11.825003051757813,130.32500305175782
-11.775003051757812,130.32500305175782
-11.825003051757813,130.2750030517578
-11.775003051757812,130.2750030517578
-11.800003051757812,130.3000030517578
-11.825003051757813,130.37500610351563
-11.775003051757812,130.37500610351563
-11.825003051757813,130.32500610351562
-11.775003051757812,130.32500610351562
-11.800003051757812,130.35000610351562
-11.825003051757813,131.275
-11.775003051757812,131.275
-11.825003051757813,131.225
-11.775003051757812,131.225
-11.800003051757812,131.25
-11.825003051757813,131.32500305175782
-11.775003051757812,131.32500305175782
-11.825003051757813,131.2750030517578
-11.775003051757812,131.2750030517578
-11.800003051757812,131.3000030517578
-11.825003051757813,131.37500610351563
-11.775003051757812,131.37500610351563
-11.825003051757813,131.32500610351562
-11.775003051757812,131.32500610351562
-11.800003051757812,131.35000610351562
-11.825003051757813,131.42499389648438
-11.775003051757812,131.42499389648438
-11.825003051757813,131.37499389648437
-11.775003051757812,131.37499389648437
-11.800003051757812,131.39999389648438
-11.825003051757813,132.275
-11.775003051757812,132.275
-11.825003051757813,132.225
-11.775003051757812,132.225
-11.800003051757812,132.25
-11.825003051757813,132.32500305175782
-11.775003051757812,132.32500305175782
-11.825003051757813,132.2750030517578
-11.775003051757812,132.2750030517578
-11.800003051757812,132.3000030517578
-11.825003051757813,132.42499389648438
-11.775003051757812,132.42499389648438
-11.825003051757813,132.37499389648437
-11.775003051757812,132.37499389648437
-11.800003051757812,132.39999389648438
-11.825003051757813,134.17499389648438
-11.775003051757812,134.17499389648438
-11.825003051757813,134.12499389648437
-11.775003051757812,134.12499389648437
-11.800003051757812,134.14999389648438
-11.825003051757813,134.62500610351563
-11.775003051757812,134.62500610351563
-11.825003051757813,134.57500610351562
-11.775003051757812,134.57500610351562
-11.800003051757812,134.60000610351562
-11.825003051757813,134.67499389648438
-11.775003051757812,134.67499389648438
-11.825003051757813,134.62499389648437
-11.775003051757812,134.62499389648437
-11.800003051757812,134.64999389648438
-11.825003051757813,134.7249969482422
-11.775003051757812,134.7249969482422
-11.825003051757813,134.67499694824218
-11.775003051757812,134.67499694824218
-11.800003051757812,134.6999969482422
-11.825003051757813,135.07500305175782
-11.775003051757812,135.07500305175782
-11.825003051757813,135.0250030517578
-11.775003051757812,135.0250030517578
-11.800003051757812,135.0500030517578
-11.825003051757813,135.12500610351563
-11.775003051757812,135.12500610351563
-11.825003051757813,135.07500610351562
-11.775003051757812,135.07500610351562
-11.800003051757812,135.10000610351562
-11.825003051757813,135.17499389648438
-11.775003051757812,135.17499389648438
-11.825003051757813,135.12499389648437
-11.775003051757812,135.12499389648437
-11.800003051757812,135.14999389648438
-11.825003051757813,135.32500305175782
-11.775003051757812,135.32500305175782
-11.825003051757813,135.2750030517578
-11.775003051757812,135.2750030517578
-11.800003051757812,135.3000030517578
-11.825003051757813,135.37500610351563
-11.775003051757812,135.37500610351563
-11.825003051757813,135.32500610351562
-11.775003051757812,135.32500610351562
-11.800003051757812,135.35000610351562
-11.825003051757813,135.57500305175782
-11.775003051757812,135.57500305175782
-11.825003051757813,135.5250030517578
-11.775003051757812,135.5250030517578
-11.800003051757812,135.5500030517578
-11.825003051757813,135.67499389648438
-11.775003051757812,135.67499389648438
-11.825003051757813,135.62499389648437
-11.775003051757812,135.62499389648437
-11.800003051757812,135.64999389648438
-11.825003051757813,136.67499389648438
-11.775003051757812,136.67499389648438
-11.825003051757813,136.62499389648437
-11.775003051757812,136.62499389648437
-11.800003051757812,136.64999389648438
-11.825003051757813,136.7249969482422
-11.775003051757812,136.7249969482422
-11.825003051757813,136.67499694824218
-11.775003051757812,136.67499694824218
-11.800003051757812,136.6999969482422
-11.825003051757813,136.775
-11.775003051757812,136.775
-11.825003051757813,136.725
-11.775003051757812,136.725
-11.800003051757812,136.75
-11.825003051757813,138.4749969482422
-11.775003051757812,138.4749969482422
-11.825003051757813,138.42499694824218
-11.775003051757812,138.42499694824218
-11.800003051757812,138.4499969482422
-11.825003051757813,139.275
-11.775003051757812,139.275
-11.825003051757813,139.225
-11.775003051757812,139.225
-11.800003051757812,139.25
-11.825003051757813,139.32500305175782
-11.775003051757812,139.32500305175782
-11.825003051757813,139.2750030517578
-11.775003051757812,139.2750030517578
-11.800003051757812,139.3000030517578
-11.825003051757813,139.37500610351563
-11.775003051757812,139.37500610351563
-11.825003051757813,139.32500610351562
-11.775003051757812,139.32500610351562
-11.800003051757812,139.35000610351562
-11.874998474121094,130.2249969482422
-11.824998474121093,130.2249969482422
-11.874998474121094,130.17499694824218
-11.824998474121093,130.17499694824218
-11.849998474121094,130.1999969482422
-11.874998474121094,130.275
-11.824998474121093,130.275
-11.874998474121094,130.225
-11.824998474121093,130.225
-11.849998474121094,130.25
-11.874998474121094,130.32500305175782
-11.824998474121093,130.32500305175782
-11.874998474121094,130.2750030517578
-11.824998474121093,130.2750030517578
-11.849998474121094,130.3000030517578
-11.874998474121094,130.37500610351563
-11.824998474121093,130.37500610351563
-11.874998474121094,130.32500610351562
-11.824998474121093,130.32500610351562
-11.849998474121094,130.35000610351562
-11.874998474121094,130.42499389648438
-11.824998474121093,130.42499389648438
-11.874998474121094,130.37499389648437
-11.824998474121093,130.37499389648437
-11.849998474121094,130.39999389648438
-11.874998474121094,130.7249969482422
-11.824998474121093,130.7249969482422
-11.874998474121094,130.67499694824218
-11.824998474121093,130.67499694824218
-11.849998474121094,130.6999969482422
-11.874998474121094,131.2249969482422
-11.824998474121093,131.2249969482422
-11.874998474121094,131.17499694824218
-11.824998474121093,131.17499694824218
-11.849998474121094,131.1999969482422
-11.874998474121094,131.275
-11.824998474121093,131.275
-11.874998474121094,131.225
-11.824998474121093,131.225
-11.849998474121094,131.25
-11.874998474121094,131.62500610351563
-11.824998474121093,131.62500610351563
-11.874998474121094,131.57500610351562
-11.824998474121093,131.57500610351562
-11.849998474121094,131.60000610351562
-11.874998474121094,132.12500610351563
-11.824998474121093,132.12500610351563
-11.874998474121094,132.07500610351562
-11.824998474121093,132.07500610351562
-11.849998474121094,132.10000610351562
-11.874998474121094,134.275
-11.824998474121093,134.275
-11.874998474121094,134.225
-11.824998474121093,134.225
-11.849998474121094,134.25
-11.874998474121094,134.42499389648438
-11.824998474121093,134.42499389648438
-11.874998474121094,134.37499389648437
-11.824998474121093,134.37499389648437
-11.849998474121094,134.39999389648438
-11.874998474121094,134.4749969482422
-11.824998474121093,134.4749969482422
-11.874998474121094,134.42499694824218
-11.824998474121093,134.42499694824218
-11.849998474121094,134.4499969482422
-11.874998474121094,134.525
-11.824998474121093,134.525
-11.874998474121094,134.475
-11.824998474121093,134.475
-11.849998474121094,134.5
-11.874998474121094,134.82500305175782
-11.824998474121093,134.82500305175782
-11.874998474121094,134.7750030517578
-11.824998474121093,134.7750030517578
-11.849998474121094,134.8000030517578
-11.874998474121094,134.9749969482422
-11.824998474121093,134.9749969482422
-11.874998474121094,134.92499694824218
-11.824998474121093,134.92499694824218
-11.849998474121094,134.9499969482422
-11.874998474121094,135.025
-11.824998474121093,135.025
-11.874998474121094,134.975
-11.824998474121093,134.975
-11.849998474121094,135.0
-11.874998474121094,135.12500610351563
-11.824998474121093,135.12500610351563
-11.874998474121094,135.07500610351562
-11.824998474121093,135.07500610351562
-11.849998474121094,135.10000610351562
-11.874998474121094,135.17499389648438
-11.824998474121093,135.17499389648438
-11.874998474121094,135.12499389648437
-11.824998474121093,135.12499389648437
-11.849998474121094,135.14999389648438
-11.874998474121094,135.32500305175782
-11.824998474121093,135.32500305175782
-11.874998474121094,135.2750030517578
-11.824998474121093,135.2750030517578
-11.849998474121094,135.3000030517578
-11.874998474121094,135.37500610351563
-11.824998474121093,135.37500610351563
-11.874998474121094,135.32500610351562
-11.824998474121093,135.32500610351562
-11.849998474121094,135.35000610351562
-11.874998474121094,135.525
-11.824998474121093,135.525
-11.874998474121094,135.475
-11.824998474121093,135.475
-11.849998474121094,135.5
-11.874998474121094,135.57500305175782
-11.824998474121093,135.57500305175782
-11.874998474121094,135.5250030517578
-11.824998474121093,135.5250030517578
-11.849998474121094,135.5500030517578
-11.874998474121094,135.62500610351563
-11.824998474121093,135.62500610351563
-11.874998474121094,135.57500610351562
-11.824998474121093,135.57500610351562
-11.849998474121094,135.60000610351562
-11.874998474121094,135.67499389648438
-11.824998474121093,135.67499389648438
-11.874998474121094,135.62499389648437
-11.824998474121093,135.62499389648437
-11.849998474121094,135.64999389648438
-11.874998474121094,135.7249969482422
-11.824998474121093,135.7249969482422
-11.874998474121094,135.67499694824218
-11.824998474121093,135.67499694824218
-11.849998474121094,135.6999969482422
-11.874998474121094,135.775
-11.824998474121093,135.775
-11.874998474121094,135.725
-11.824998474121093,135.725
-11.849998474121094,135.75
-11.874998474121094,135.82500305175782
-11.824998474121093,135.82500305175782
-11.874998474121094,135.7750030517578
-11.824998474121093,135.7750030517578
-11.849998474121094,135.8000030517578
-11.874998474121094,136.67499389648438
-11.824998474121093,136.67499389648438
-11.874998474121094,136.62499389648437
-11.824998474121093,136.62499389648437
-11.849998474121094,136.64999389648438
-11.874998474121094,136.7249969482422
-11.824998474121093,136.7249969482422
-11.874998474121094,136.67499694824218
-11.824998474121093,136.67499694824218
-11.849998474121094,136.6999969482422
-11.874998474121094,136.775
-11.824998474121093,136.775
-11.874998474121094,136.725
-11.824998474121093,136.725
-11.849998474121094,136.75
-11.874998474121094,136.82500305175782
-11.824998474121093,136.82500305175782
-11.874998474121094,136.7750030517578
-11.824998474121093,136.7750030517578
-11.849998474121094,136.8000030517578
-11.874998474121094,138.07500305175782
-11.824998474121093,138.07500305175782
-11.874998474121094,138.0250030517578
-11.824998474121093,138.0250030517578
-11.849998474121094,138.0500030517578
-11.874998474121094,138.12500610351563
-11.824998474121093,138.12500610351563
-11.874998474121094,138.07500610351562
-11.824998474121093,138.07500610351562
-11.849998474121094,138.10000610351562
-11.874998474121094,138.32500305175782
-11.824998474121093,138.32500305175782
-11.874998474121094,138.2750030517578
-11.824998474121093,138.2750030517578
-11.849998474121094,138.3000030517578
-11.874998474121094,138.37500610351563
-11.824998474121093,138.37500610351563
-11.874998474121094,138.32500610351562
-11.824998474121093,138.32500610351562
-11.849998474121094,138.35000610351562
-11.874998474121094,138.42499389648438
-11.824998474121093,138.42499389648438
-11.874998474121094,138.37499389648437
-11.824998474121093,138.37499389648437
-11.849998474121094,138.39999389648438
-11.874998474121094,138.4749969482422
-11.824998474121093,138.4749969482422
-11.874998474121094,138.42499694824218
-11.824998474121093,138.42499694824218
-11.849998474121094,138.4499969482422
-11.874998474121094,138.525
-11.824998474121093,138.525
-11.874998474121094,138.475
-11.824998474121093,138.475
-11.849998474121094,138.5
-11.874998474121094,139.275
-11.824998474121093,139.275
-11.874998474121094,139.225
-11.824998474121093,139.225
-11.849998474121094,139.25
-11.874998474121094,139.32500305175782
-11.824998474121093,139.32500305175782
-11.874998474121094,139.2750030517578
-11.824998474121093,139.2750030517578
-11.849998474121094,139.3000030517578
-11.874998474121094,139.37500610351563
-11.824998474121093,139.37500610351563
-11.874998474121094,139.32500610351562
-11.824998474121093,139.32500610351562
-11.849998474121094,139.35000610351562
-11.925001525878907,130.025
-11.875001525878906,130.025
-11.925001525878907,129.975
-11.875001525878906,129.975
-11.900001525878906,130.0
-11.925001525878907,130.2249969482422
-11.875001525878906,130.2249969482422
-11.925001525878907,130.17499694824218
-11.875001525878906,130.17499694824218
-11.900001525878906,130.1999969482422
-11.925001525878907,130.275
-11.875001525878906,130.275
-11.925001525878907,130.225
-11.875001525878906,130.225
-11.900001525878906,130.25
-11.925001525878907,130.32500305175782
-11.875001525878906,130.32500305175782
-11.925001525878907,130.2750030517578
-11.875001525878906,130.2750030517578
-11.900001525878906,130.3000030517578
-11.925001525878907,130.525
-11.875001525878906,130.525
-11.925001525878907,130.475
-11.875001525878906,130.475
-11.900001525878906,130.5
-11.925001525878907,130.57500305175782
-11.875001525878906,130.57500305175782
-11.925001525878907,130.5250030517578
-11.875001525878906,130.5250030517578
-11.900001525878906,130.5500030517578
-11.925001525878907,130.62500610351563
-11.875001525878906,130.62500610351563
-11.925001525878907,130.57500610351562
-11.875001525878906,130.57500610351562
-11.900001525878906,130.60000610351562
-11.925001525878907,130.67499389648438
-11.875001525878906,130.67499389648438
-11.925001525878907,130.62499389648437
-11.875001525878906,130.62499389648437
-11.900001525878906,130.64999389648438
-11.925001525878907,130.7249969482422
-11.875001525878906,130.7249969482422
-11.925001525878907,130.67499694824218
-11.875001525878906,130.67499694824218
-11.900001525878906,130.6999969482422
-11.925001525878907,130.775
-11.875001525878906,130.775
-11.925001525878907,130.725
-11.875001525878906,130.725
-11.900001525878906,130.75
-11.925001525878907,130.82500305175782
-11.875001525878906,130.82500305175782
-11.925001525878907,130.7750030517578
-11.875001525878906,130.7750030517578
-11.900001525878906,130.8000030517578
-11.925001525878907,130.87500610351563
-11.875001525878906,130.87500610351563
-11.925001525878907,130.82500610351562
-11.875001525878906,130.82500610351562
-11.900001525878906,130.85000610351562
-11.925001525878907,131.62500610351563
-11.875001525878906,131.62500610351563
-11.925001525878907,131.57500610351562
-11.875001525878906,131.57500610351562
-11.900001525878906,131.60000610351562
-11.925001525878907,134.37500610351563
-11.875001525878906,134.37500610351563
-11.925001525878907,134.32500610351562
-11.875001525878906,134.32500610351562
-11.900001525878906,134.35000610351562
-11.925001525878907,134.42499389648438
-11.875001525878906,134.42499389648438
-11.925001525878907,134.37499389648437
-11.875001525878906,134.37499389648437
-11.900001525878906,134.39999389648438
-11.925001525878907,134.92499389648438
-11.875001525878906,134.92499389648438
-11.925001525878907,134.87499389648437
-11.875001525878906,134.87499389648437
-11.900001525878906,134.89999389648438
-11.925001525878907,134.9749969482422
-11.875001525878906,134.9749969482422
-11.925001525878907,134.92499694824218
-11.875001525878906,134.92499694824218
-11.900001525878906,134.9499969482422
-11.925001525878907,135.025
-11.875001525878906,135.025
-11.925001525878907,134.975
-11.875001525878906,134.975
-11.900001525878906,135.0
-11.925001525878907,135.07500305175782
-11.875001525878906,135.07500305175782
-11.925001525878907,135.0250030517578
-11.875001525878906,135.0250030517578
-11.900001525878906,135.0500030517578
-11.925001525878907,135.2249969482422
-11.875001525878906,135.2249969482422
-11.925001525878907,135.17499694824218
-11.875001525878906,135.17499694824218
-11.900001525878906,135.1999969482422
-11.925001525878907,135.32500305175782
-11.875001525878906,135.32500305175782
-11.925001525878907,135.2750030517578
-11.875001525878906,135.2750030517578
-11.900001525878906,135.3000030517578
-11.925001525878907,135.7249969482422
-11.875001525878906,135.7249969482422
-11.925001525878907,135.67499694824218
-11.875001525878906,135.67499694824218
-11.900001525878906,135.6999969482422
-11.925001525878907,136.775
-11.875001525878906,136.775
-11.925001525878907,136.725
-11.875001525878906,136.725
-11.900001525878906,136.75
-11.925001525878907,136.92499389648438
-11.875001525878906,136.92499389648438
-11.925001525878907,136.87499389648437
-11.875001525878906,136.87499389648437
-11.900001525878906,136.89999389648438
-11.925001525878907,138.025
-11.875001525878906,138.025
-11.925001525878907,137.975
-11.875001525878906,137.975
-11.900001525878906,138.0
-11.925001525878907,138.275
-11.875001525878906,138.275
-11.925001525878907,138.225
-11.875001525878906,138.225
-11.900001525878906,138.25
-11.925001525878907,138.32500305175782
-11.875001525878906,138.32500305175782
-11.925001525878907,138.2750030517578
-11.875001525878906,138.2750030517578
-11.900001525878906,138.3000030517578
-11.925001525878907,138.37500610351563
-11.875001525878906,138.37500610351563
-11.925001525878907,138.32500610351562
-11.875001525878906,138.32500610351562
-11.900001525878906,138.35000610351562
-11.925001525878907,138.42499389648438
-11.875001525878906,138.42499389648438
-11.925001525878907,138.37499389648437
-11.875001525878906,138.37499389648437
-11.900001525878906,138.39999389648438
-11.925001525878907,138.4749969482422
-11.875001525878906,138.4749969482422
-11.925001525878907,138.42499694824218
-11.875001525878906,138.42499694824218
-11.900001525878906,138.4499969482422
-11.925001525878907,139.2249969482422
-11.875001525878906,139.2249969482422
-11.925001525878907,139.17499694824218
-11.875001525878906,139.17499694824218
-11.900001525878906,139.1999969482422
-11.925001525878907,139.275
-11.875001525878906,139.275
-11.925001525878907,139.225
-11.875001525878906,139.225
-11.900001525878906,139.25
-11.975004577636719,130.025
-11.925004577636718,130.025
-11.975004577636719,129.975
-11.925004577636718,129.975
-11.950004577636719,130.0
-11.975004577636719,130.2249969482422
-11.925004577636718,130.2249969482422
-11.975004577636719,130.17499694824218
-11.925004577636718,130.17499694824218
-11.950004577636719,130.1999969482422
-11.975004577636719,130.92499389648438
-11.925004577636718,130.92499389648438
-11.975004577636719,130.87499389648437
-11.925004577636718,130.87499389648437
-11.950004577636719,130.89999389648438
-11.975004577636719,131.17499389648438
-11.925004577636718,131.17499389648438
-11.975004577636719,131.12499389648437
-11.925004577636718,131.12499389648437
-11.950004577636719,131.14999389648438
-11.975004577636719,131.2249969482422
-11.925004577636718,131.2249969482422
-11.975004577636719,131.17499694824218
-11.925004577636718,131.17499694824218
-11.950004577636719,131.1999969482422
-11.975004577636719,135.025
-11.925004577636718,135.025
-11.975004577636719,134.975
-11.925004577636718,134.975
-11.950004577636719,135.0
-11.975004577636719,135.275
-11.925004577636718,135.275
-11.975004577636719,135.225
-11.925004577636718,135.225
-11.950004577636719,135.25
-11.975004577636719,135.32500305175782
-11.925004577636718,135.32500305175782
-11.975004577636719,135.2750030517578
-11.925004577636718,135.2750030517578
-11.950004577636719,135.3000030517578
-11.975004577636719,135.37500610351563
-11.925004577636718,135.37500610351563
-11.975004577636719,135.32500610351562
-11.925004577636718,135.32500610351562
-11.950004577636719,135.35000610351562
-11.975004577636719,136.9749969482422
-11.925004577636718,136.9749969482422
-11.975004577636719,136.92499694824218
-11.925004577636718,136.92499694824218
-11.950004577636719,136.9499969482422
-11.975004577636719,138.025
-11.925004577636718,138.025
-11.975004577636719,137.975
-11.925004577636718,137.975
-11.950004577636719,138.0
-11.975004577636719,138.2249969482422
-11.925004577636718,138.2249969482422
-11.975004577636719,138.17499694824218
-11.925004577636718,138.17499694824218
-11.950004577636719,138.1999969482422
-11.975004577636719,138.275
-11.925004577636718,138.275
-11.975004577636719,138.225
-11.925004577636718,138.225
-11.950004577636719,138.25
-11.975004577636719,138.32500305175782
-11.925004577636718,138.32500305175782
-11.975004577636719,138.2750030517578
-11.925004577636718,138.2750030517578
-11.950004577636719,138.3000030517578
-11.975004577636719,138.37500610351563
-11.925004577636718,138.37500610351563
-11.975004577636719,138.32500610351562
-11.925004577636718,138.32500610351562
-11.950004577636719,138.35000610351562
-11.975004577636719,139.17499389648438
-11.925004577636718,139.17499389648438
-11.975004577636719,139.12499389648437
-11.925004577636718,139.12499389648437
-11.950004577636719,139.14999389648438
-12.025,130.9749969482422
-11.975,130.9749969482422
-12.025,130.92499694824218
-11.975,130.92499694824218
-12.0,130.9499969482422
-12.025,131.025
-11.975,131.025
-12.025,130.975
-11.975,130.975
-12.0,131.0
-12.025,131.07500305175782
-11.975,131.07500305175782
-12.025,131.0250030517578
-11.975,131.0250030517578
-12.0,131.0500030517578
-12.025,135.2249969482422
-11.975,135.2249969482422
-12.025,135.17499694824218
-11.975,135.17499694824218
-12.0,135.1999969482422
-12.025,135.275
-11.975,135.275
-12.025,135.225
-11.975,135.225
-12.0,135.25
-12.025,135.32500305175782
-11.975,135.32500305175782
-12.025,135.2750030517578
-11.975,135.2750030517578
-12.0,135.3000030517578
-12.025,135.37500610351563
-11.975,135.37500610351563
-12.025,135.32500610351562
-11.975,135.32500610351562
-12.0,135.35000610351562
-12.025,135.525
-11.975,135.525
-12.025,135.475
-11.975,135.475
-12.0,135.5
-12.025,136.92499389648438
-11.975,136.92499389648438
-12.025,136.87499389648437
-11.975,136.87499389648437
-12.0,136.89999389648438
-12.025,138.12500610351563
-11.975,138.12500610351563
-12.025,138.07500610351562
-11.975,138.07500610351562
-12.0,138.10000610351562
-12.025,138.17499389648438
-11.975,138.17499389648438
-12.025,138.12499389648437
-11.975,138.12499389648437
-12.0,138.14999389648438
-12.025,138.2249969482422
-11.975,138.2249969482422
-12.025,138.17499694824218
-11.975,138.17499694824218
-12.0,138.1999969482422
-12.025,138.275
-11.975,138.275
-12.025,138.225
-11.975,138.225
-12.0,138.25
-12.025,138.32500305175782
-11.975,138.32500305175782
-12.025,138.2750030517578
-11.975,138.2750030517578
-12.0,138.3000030517578
-12.025,139.12500610351563
-11.975,139.12500610351563
-12.025,139.07500610351562
-11.975,139.07500610351562
-12.0,139.10000610351562
-12.025,139.17499389648438
-11.975,139.17499389648438
-12.025,139.12499389648437
-11.975,139.12499389648437
-12.0,139.14999389648438
-12.025,139.275
-11.975,139.275
-12.025,139.225
-11.975,139.225
-12.0,139.25
-12.075003051757813,135.2249969482422
-12.025003051757812,135.2249969482422
-12.075003051757813,135.17499694824218
-12.025003051757812,135.17499694824218
-12.050003051757812,135.1999969482422
-12.075003051757813,135.4749969482422
-12.025003051757812,135.4749969482422
-12.075003051757813,135.42499694824218
-12.025003051757812,135.42499694824218
-12.050003051757812,135.4499969482422
-12.075003051757813,136.92499389648438
-12.025003051757812,136.92499389648438
-12.075003051757813,136.87499389648437
-12.025003051757812,136.87499389648437
-12.050003051757812,136.89999389648438
-12.075003051757813,137.92499389648438
-12.025003051757812,137.92499389648438
-12.075003051757813,137.87499389648437
-12.025003051757812,137.87499389648437
-12.050003051757812,137.89999389648438
-12.075003051757813,137.9749969482422
-12.025003051757812,137.9749969482422
-12.075003051757813,137.92499694824218
-12.025003051757812,137.92499694824218
-12.050003051757812,137.9499969482422
-12.075003051757813,138.025
-12.025003051757812,138.025
-12.075003051757813,137.975
-12.025003051757812,137.975
-12.050003051757812,138.0
-12.075003051757813,138.2249969482422
-12.025003051757812,138.2249969482422
-12.075003051757813,138.17499694824218
-12.025003051757812,138.17499694824218
-12.050003051757812,138.1999969482422
-12.075003051757813,138.275
-12.025003051757812,138.275
-12.075003051757813,138.225
-12.025003051757812,138.225
-12.050003051757812,138.25
-12.075003051757813,139.12500610351563
-12.025003051757812,139.12500610351563
-12.075003051757813,139.07500610351562
-12.025003051757812,139.07500610351562
-12.050003051757812,139.10000610351562
-12.124998474121094,130.9749969482422
-12.074998474121093,130.9749969482422
-12.124998474121094,130.92499694824218
-12.074998474121093,130.92499694824218
-12.099998474121094,130.9499969482422
-12.124998474121094,135.2249969482422
-12.074998474121093,135.2249969482422
-12.124998474121094,135.17499694824218
-12.074998474121093,135.17499694824218
-12.099998474121094,135.1999969482422
-12.124998474121094,136.62500610351563
-12.074998474121093,136.62500610351563
-12.124998474121094,136.57500610351562
-12.074998474121093,136.57500610351562
-12.099998474121094,136.60000610351562
-12.175001525878907,130.9749969482422
-12.125001525878906,130.9749969482422
-12.175001525878907,130.92499694824218
-12.125001525878906,130.92499694824218
-12.150001525878906,130.9499969482422
-12.175001525878907,135.12500610351563
-12.125001525878906,135.12500610351563
-12.175001525878907,135.07500610351562
-12.125001525878906,135.07500610351562
-12.150001525878906,135.10000610351562
-12.175001525878907,135.17499389648438
-12.125001525878906,135.17499389648438
-12.175001525878907,135.12499389648437
-12.125001525878906,135.12499389648437
-12.150001525878906,135.14999389648438
-12.175001525878907,136.67499389648438
-12.125001525878906,136.67499389648438
-12.175001525878907,136.62499389648437
-12.125001525878906,136.62499389648437
-12.150001525878906,136.64999389648438
-12.175001525878907,136.92499389648438
-12.125001525878906,136.92499389648438
-12.175001525878907,136.87499389648437
-12.125001525878906,136.87499389648437
-12.150001525878906,136.89999389648438
-12.175001525878907,138.775
-12.125001525878906,138.775
-12.175001525878907,138.725
-12.125001525878906,138.725
-12.150001525878906,138.75
-12.175001525878907,139.37500610351563
-12.125001525878906,139.37500610351563
-12.175001525878907,139.32500610351562
-12.125001525878906,139.32500610351562
-12.150001525878906,139.35000610351562
-12.175001525878907,139.42499389648438
-12.125001525878906,139.42499389648438
-12.175001525878907,139.37499389648437
-12.125001525878906,139.37499389648437
-12.150001525878906,139.39999389648438
-12.225004577636719,92.025
-12.175004577636718,92.025
-12.225004577636719,91.975
-12.175004577636718,91.975
-12.200004577636719,92.0
-12.225004577636719,130.775
-12.175004577636718,130.775
-12.225004577636719,130.725
-12.175004577636718,130.725
-12.200004577636719,130.75
-12.225004577636719,130.82500305175782
-12.175004577636718,130.82500305175782
-12.225004577636719,130.7750030517578
-12.175004577636718,130.7750030517578
-12.200004577636719,130.8000030517578
-12.225004577636719,136.9749969482422
-12.175004577636718,136.9749969482422
-12.225004577636719,136.92499694824218
-12.175004577636718,136.92499694824218
-12.200004577636719,136.9499969482422
-12.225004577636719,137.025
-12.175004577636718,137.025
-12.225004577636719,136.975
-12.175004577636718,136.975
-12.200004577636719,137.0
-12.225004577636719,139.37500610351563
-12.175004577636718,139.37500610351563
-12.225004577636719,139.32500610351562
-12.175004577636718,139.32500610351562
-12.200004577636719,139.35000610351562
-12.225004577636719,139.42499389648438
-12.175004577636718,139.42499389648438
-12.225004577636719,139.37499389648437
-12.175004577636718,139.37499389648437
-12.200004577636719,139.39999389648438
-12.275,130.62500610351563
-12.225,130.62500610351563
-12.275,130.57500610351562
-12.225,130.57500610351562
-12.25,130.60000610351562
-12.275,130.67499389648438
-12.225,130.67499389648438
-12.275,130.62499389648437
-12.225,130.62499389648437
-12.25,130.64999389648438
-12.275,130.775
-12.225,130.775
-12.275,130.725
-12.225,130.725
-12.25,130.75
-12.275,130.82500305175782
-12.225,130.82500305175782
-12.275,130.7750030517578
-12.225,130.7750030517578
-12.25,130.8000030517578
-12.275,130.9749969482422
-12.225,130.9749969482422
-12.275,130.92499694824218
-12.225,130.92499694824218
-12.25,130.9499969482422
-12.275,139.42499389648438
-12.225,139.42499389648438
-12.275,139.37499389648437
-12.225,139.37499389648437
-12.25,139.39999389648438
-12.325003051757813,130.37500610351563
-12.275003051757812,130.37500610351563
-12.325003051757813,130.32500610351562
-12.275003051757812,130.32500610351562
-12.300003051757812,130.35000610351562
-12.325003051757813,130.42499389648438
-12.275003051757812,130.42499389648438
-12.325003051757813,130.37499389648437
-12.275003051757812,130.37499389648437
-12.300003051757812,130.39999389648438
-12.325003051757813,130.4749969482422
-12.275003051757812,130.4749969482422
-12.325003051757813,130.42499694824218
-12.275003051757812,130.42499694824218
-12.300003051757812,130.4499969482422
-12.325003051757813,130.525
-12.275003051757812,130.525
-12.325003051757813,130.475
-12.275003051757812,130.475
-12.300003051757812,130.5
-12.325003051757813,130.57500305175782
-12.275003051757812,130.57500305175782
-12.325003051757813,130.5250030517578
-12.275003051757812,130.5250030517578
-12.300003051757812,130.5500030517578
-12.325003051757813,130.775
-12.275003051757812,130.775
-12.325003051757813,130.725
-12.275003051757812,130.725
-12.300003051757812,130.75
-12.325003051757813,130.82500305175782
-12.275003051757812,130.82500305175782
-12.325003051757813,130.7750030517578
-12.275003051757812,130.7750030517578
-12.300003051757812,130.8000030517578
-12.325003051757813,130.87500610351563
-12.275003051757812,130.87500610351563
-12.325003051757813,130.82500610351562
-12.275003051757812,130.82500610351562
-12.300003051757812,130.85000610351562
-12.325003051757813,130.92499389648438
-12.275003051757812,130.92499389648438
-12.325003051757813,130.87499389648437
-12.275003051757812,130.87499389648437
-12.300003051757812,130.89999389648438
-12.325003051757813,137.07500305175782
-12.275003051757812,137.07500305175782
-12.325003051757813,137.0250030517578
-12.275003051757812,137.0250030517578
-12.300003051757812,137.0500030517578
-12.374998474121094,130.37500610351563
-12.324998474121093,130.37500610351563
-12.374998474121094,130.32500610351562
-12.324998474121093,130.32500610351562
-12.349998474121094,130.35000610351562
-12.374998474121094,130.775
-12.324998474121093,130.775
-12.374998474121094,130.725
-12.324998474121093,130.725
-12.349998474121094,130.75
-12.374998474121094,137.07500305175782
-12.324998474121093,137.07500305175782
-12.374998474121094,137.0250030517578
-12.324998474121093,137.0250030517578
-12.349998474121094,137.0500030517578
-12.374998474121094,138.2249969482422
-12.324998474121093,138.2249969482422
-12.374998474121094,138.17499694824218
-12.324998474121093,138.17499694824218
-12.349998474121094,138.1999969482422
-12.425001525878907,130.32500305175782
-12.375001525878906,130.32500305175782
-12.425001525878907,130.2750030517578
-12.375001525878906,130.2750030517578
-12.400001525878906,130.3000030517578
-12.425001525878907,137.07500305175782
-12.375001525878906,137.07500305175782
-12.425001525878907,137.0250030517578
-12.375001525878906,137.0250030517578
-12.400001525878906,137.0500030517578
-12.475004577636719,130.275
-12.425004577636718,130.275
-12.475004577636719,130.225
-12.425004577636718,130.225
-12.450004577636719,130.25
-12.475004577636719,139.12500610351563
-12.425004577636718,139.12500610351563
-12.475004577636719,139.07500610351562
-12.425004577636718,139.07500610351562
-12.450004577636719,139.10000610351562
-12.525,139.025
-12.475,139.025
-12.525,138.975
-12.475,138.975
-12.5,139.0
-12.525,139.07500305175782
-12.475,139.07500305175782
-12.525,139.0250030517578
-12.475,139.0250030517578
-12.5,139.0500030517578
-12.575003051757813,139.17499389648438
-12.525003051757812,139.17499389648438
-12.575003051757813,139.12499389648437
-12.525003051757812,139.12499389648437
-12.550003051757812,139.14999389648438
-12.575003051757813,139.2249969482422
-12.525003051757812,139.2249969482422
-12.575003051757813,139.17499694824218
-12.525003051757812,139.17499694824218
-12.550003051757812,139.1999969482422
-12.575003051757813,139.275
-12.525003051757812,139.275
-12.575003051757813,139.225
-12.525003051757812,139.225
-12.550003051757812,139.25
-12.575003051757813,139.32500305175782
-12.525003051757812,139.32500305175782
-12.575003051757813,139.2750030517578
-12.525003051757812,139.2750030517578
-12.550003051757812,139.3000030517578
-12.575003051757813,140.67499389648438
-12.525003051757812,140.67499389648438
-12.575003051757813,140.62499389648437
-12.525003051757812,140.62499389648437
-12.550003051757812,140.64999389648438
-12.575003051757813,140.7249969482422
-12.525003051757812,140.7249969482422
-12.575003051757813,140.67499694824218
-12.525003051757812,140.67499694824218
-12.550003051757812,140.6999969482422
